504b099ce4b0c8862aa4da47,33.587933,40670275,130.393194,Vin Nerd
4db41b854df05e5aaad8cc1a,33.588362,4426140,130.393675,成吉
4ea52e5abe7ba4918f62797a,33.587931478,5734113,130.393821097,TACOS AMERICANO
4fdc6443e4b01d2339052277,33.588235222,41687780,130.393731835,真侍
4f050c5377c8f87cd118394c,33.587868402,8194897,130.393826076,SIDEVISION Inc.
515cfbffe4b04b5bf3af9663,33.588412,92602521,130.393694,pasta場incboci
4ea141fe490102dac2178ffb,33.588496,12478142,130.393433,魚皿
4f2a92f8e4b003592400488f,33.588096064,19636518,130.393198808,Bar 天
51542632e4b01b724e220100,33.587175256,80793556,130.395780776,Osteria Incroci
4c35289b7cc0c9b69aa3f49a,33.58783095,88690,130.3939739,ローソン 大名店
4c31b8ac3ffc9521221c90f5,33.588438112,3291838,130.393641702,焼鳥の成吉　大名店
4d64deb57f84f04d2c47fab4,33.587817721,10651945,130.394188734,岩戸屋
4efd918293adc824568816a2,33.59462531,188001292,130.32121278,FUKUSUKE OUTLET
50667749e4b0a3e6eca500e1,33.594637063,129013653,130.321023371,めん処 ひろしょう マリノアシティ福岡店
4d213968756e8cfa24df7354,33.59468,340120388,130.32106,MONTE LUPO
4fd2d895e4b0abd664aa2e43,33.594577158,75211372,130.321387235,OUTLET シャツ工房 博多マリノアシティ店
4c8c6590cf3ea1435d56f551,33.594486927,6828253,130.321304798,ユナイテッドアローズ マリノアシティ福岡店
4e32493a62e12985fd60b258,33.594825231,158361506,130.321362313,URBAN RESEARCH マリノアシティ店
4de0a268d22d2a795573b9a5,33.59449375,8423298,130.321526798,A&F
4d213175e56f6ea80c787b1d,33.594754,9943292,130.320796,BAYBROOK OUTLET
4bebd715b3352d7f17e156d2,33.59484574,40845956,130.321884064,ABC-MARTマリノアシティ福岡店
4e324a4f18a846d7ed0645f6,33.594869428,9375457,130.32138225,SHIPS マリノアシティ店
4c8c6086cf3ea1439e28f551,33.594159653,198096937,130.321546736,AIGLE マリノアシティ店
51bd86ba498e55ee46bf8d2e,33.594121,118682135,130.321214,Hurley OUTLET STORE
526722c311d24300b91cc5b1,33.59434,157140477,130.320648,BEBE OUTLET
4cb83009c7228cfa0bbd05ce,33.593786446,4066125,130.405291877,ミスタードーナツ福岡中洲ショップ
4b99f4def964a5209f9835e3,33.593310329,3749446,130.404970762,福岡中洲大洋映画劇場
4f9cd05ee4b0b38d2fe78478,41.427450631,13886836,140.099936719,一蘭 本社総本店
4c079b57cf8c76b060353c65,33.59365989,50372635,130.405145623,ウェルキャビン中洲 (Wellcabin Nakasu)
4bbaa7e27421a593c918c440,33.593735799,6859412,130.405279609,松屋 中洲店
4bd75409304fce72d76233ab,33.59384012,1511679,130.404668525,IPホテル福岡 (IP Hotel Fukuoka)
4faa3082e4b04f61e2ae973f,33.593671167,50600041,130.40500128,灯火
4bcc4ff3cc8cd13ab1a5c0cf,33.593530679,88924082,130.404914618,アントニオ猪木酒場中洲店
5139b192e4b0a12e419a2a32,33.593711924,75872257,130.404958659,俺の割烹 博多中洲
4e5fb5a4b61c67886dc10001,33.59356,6122637,130.404915,博多鯛茶や 中洲明治通り店
50017ae8e4b0b51bfee7d6f7,33.593620049,138771800,130.405097008,やぶれ居酒屋 まさかど 中洲3号店
4ed252067ee5be844d7041c7,33.593611112,169097289,130.405043364,坐 和民 中洲川端駅前店
4cbedc9897bc721edada8167,33.59344131,79375227,130.405086279,西鉄バス 東中洲
4cd51eaeab19a093c25d3deb,33.593479029,6774243,130.40464291,てら岡 中洲本店
4c9a4ff2b8e9224b37cb4c3d,33.593631709,8341115,130.404382107,B-THREE
4bb98b7a53649c74391a48fb,33.594110771,4997839,130.405903773,TOTAL Workout 福岡店
4cd8eef9145fa1cd330809bd,33.593695449,14114717,130.404847318,セブンイレブン博多中洲5丁目店
4eb3f02de30006eb11738294,33.593253348,6819575,130.405508975,中洲交差点
4e06f18faeb74c39910d5fdf,33.59362,37214337,130.405204,ごちや 中州店
4bc3f8e4461576b0ce6e7f32,41.427450631,399849,140.099936719,博多 みやちく
4f4a56d9e4b0927adaabc034,33.593375444,13018192,130.405061009,備長吉兆や 中洲店
4bd83b0a35aad13ac05690f3,33.594112682,4193504,130.40489853,Best Western Fukuoka Nakasu Inn
4cb920837148f04d5bedd4ab,33.593677198,182764512,130.405090873,神楽食堂 串家物語 中洲店
4d0f461ab765224b49c2e332,33.593773132,6312166,130.405419376,ふとっぱら 中洲川端駅前店
4f85b5c3e4b05ea63fb2ea02,33.593773319,12206456,130.404717571,たこやき太郎 中洲本店
4e9c4443cc215f3add7f77a9,33.59359595,27339468,130.4051611,AQUA個室スタジアム 水都の響宴 中洲店
4b7e3b8ff964a520bee62fe3,33.593560152,20094643,130.405138102,キネマカフェ
4bfb4423bbb7c92894fc0743,33.593334066,27696120,130.404675901,CoCo壱番屋 博多区中洲店
4d961b4d647d8cfa3750b13d,33.593608,9380981,130.405222,土間土間 中洲店
4f925537e4b03742d958d387,33.593672646,48220216,130.404927955,GOLF BAR QUAD
53780e2c498ee8e1e6bedd26,33.593542971,368798370,130.404334312,music Space B-THREE
4e2acf747d8b7deda6c93ce8,41.427450631,18262235,140.099936719,ステーキハウス蜂
4d92ef4a52ed224b436211ac,33.594128116,6626092,130.40482984,博多中洲　旬菜万葉
4e09444e14959022c8a218dc,33.590676785,244228618,130.348212719,福岡百道浜郵便局
4ee72ae46c25be9632ec7aa2,33.587870817,7278521,130.341463275,愛宕大橋
4f293ccce4b0205686406c7c,33.581910083,16003904,130.344799364,Archiveproducts[アーカイブプロダクツ]
50af3c05e4b0bcea5d021dd2,33.588421,57226264,130.349128,ヴェルデコート 7番館
4d1488bfb15cb1f7292ea121,33.587937,6854919,130.34805,アモルフ
4b737ad4f964a52085b02de3,33.587749709,35340091,130.348099546,リンガーハット 福岡百道店
4c830d7ed34ca143ff9e3280,33.586741226,33144091,130.345942666,百道中学校
4d046e0828926ea881c96bc2,33.4729285,707969,130.414148932,源泉野天風呂 那珂川清滝
4d6860499968236a405070a9,33.483070928,2454195,130.379304886,セブンミリオンカントリークラブ
4da29bf563b5a35df310011a,33.489580757,4870102,130.417461877,Nana Cafe
4b7f6caff964a520df2d30e3,33.4566943,3628708,130.427543651,中ノ島公園
4dd3993e8877a55425bf06dd,33.498856657,351588142,130.419934988,那珂川町商工会
52c8e31511d28f85ed036ea1,33.478278,533199072,130.398349,福岡オフロードパーク
5223a620498e7286dcd66004,33.468465,391962475,130.429401,不入道観世音寺
4f809c26e4b020c7be193384,33.446912517,23565400,130.534781256,金鱗湖
4d1a8274dd3637046b0f5c1a,33.507266444,76518542,130.378759835,油山平成御廟
4d219a45bdd7a093c2c0f6ce,33.504375719,4369255,130.405020459,筑紫ヶ丘ゴルフクラブ（福岡　ゴルフ場）
4e76dd31ae60c32851c0df11,33.48591468,17555982,130.401348574,不思議博物館
4e192a516284ea7247003d19,33.527977472,8107653,130.370642006,油山観音
4e460e6ed164155c0de0ddef,33.520971919,19324255,130.390644341,柏原自然公園
521dc75311d267b26795504f,33.49049,160052132,130.417247,松尾橋
4dc26229ae60966750a8bd53,33.488264466,13699688,130.416826266,那珂川町山田交差点
51e3736e498e129a7959b468,33.485005,341115718,130.390855,フジノ香花園
4f6ea5d7e4b09e7355cce3d9,33.485128,205433776,130.390659,まんまや
5160f281e4b041a5ad9fe3d6,33.488374,106027913,130.359688,一栗庵
509ca477e4b083e9a43cf512,33.492935,45931509,130.38918,GreenBeach
4c9d7652542b224b02bfea9f,33.49697163,37666025,130.38900846,そばの木
4c63cb0aec94a593b1932cca,33.487307185,85888545,130.394959223,Maison Lafite
4e7572f7fa7605970106ac0d,33.43566048,40615585,130.38889736,背振少年自然の家
4b8f630df964a520185333e3,33.584120384,381520,130.35707136,福岡県立修猷館高等学校 - Shuyukan
4b7bc220f964a520006d2fe3,33.585083723,186874,130.35625594,西南学院大学
4d525703529dcbff0933e5c4,33.585000302,5623137,130.355495685,西南学院大学 図書館
4b73cfd4f964a520b3bc2de3,33.583511781,10900469,130.358211994,ドン・キホーテ 西新店
4b6e3db7f964a520b6b32ce3,33.583268941,389073,130.357803303,フレッシュネスバーガー
51f0bc62498e9e5366676aed,33.583908753,151843766,130.355122069,西南学院大学 2号館
4e27aabeae60078b2fc3f7e4,33.582451628,5918476,130.356312651,あっちゃん亭 長崎ちゃんぽん
513d6e62e4b092334c2a9f65,33.583053599,88118044,130.356875554,ストロベリーフィールズ西新店
4fd37614e4b034e1fa11ce7a,33.584503666,55233790,130.357113049,弐番館　じゃがいも
4b9b54dbf964a520f10036e3,33.583081437,3360862,130.357482031,珈琲 伊藤
513bf530e4b0f929816143de,33.582640081,115059036,130.355889225,BimiNan西新
4b5bd3acf964a5207f1829e3,33.581958793,2184279,130.355344713,シブ シャンカル 西新店
4da3098c7ccc816e0c01747b,33.581889492,3285163,130.356400268,西新　初喜
500921c8e4b00ec56df40e14,33.584540983,43489645,130.35538111,２喫
4cb5b42eb315a093c9509676,33.582014656,6531265,130.355862379,うえすたん 西新店
4eb20d67b8f7fd711e222829,33.582495,25152797,130.355826,Bimi Nan 西新店
4c205138eac020a18a724cc2,33.584042825,16880076,130.355972646,脇山口交差点
4b726f24f964a520df7a2de3,33.532430811,88466,130.341229341,牧のうどん
4dc5f731887717c88032383f,33.526477553,158843922,130.342311859,重留中央公園
4cd93280a423a35dac6def42,33.533142281,5328234,130.3415937,天ぷらひらお 早良店
5282f46b498e6f0e7ff352cf,33.536811708,220495200,130.343488968,ダメヤ カレー店
4f801f57e4b04cf78875f61b,33.529216166,42697698,130.339158976,西鉄バス停 重留
4e0ef5ead4c0f6d6b3ff08a0,33.532488439,13586656,130.339641711,サニー重留店
5279a6d511d2e2bccfd9ffe6,33.539890075,162925463,130.344545259,資さんうどん 野芥店
4bd90b10e914a593a89155fa,33.532742785,29623724,130.341045944,マクドナルド 重留店
4c6779d519f3c9b6ae47a3ff,33.538967109,103420,130.344121149,ウエスト 早良店
4dbd29890437955ec04601e5,33.539792554,2959286,130.33860697,たかのすけ
4ca531a69f4776b0216b9713,33.539612,907173,130.3450849,すき家 263号福岡野芥店
4d560fd2e7f1a1cdd53e02a5,33.532058154,4579696,130.329378712,早良体育館
50fcbb0de4b02fe316a5103d,33.52627654,110565597,130.337971533,びっくり焼亭 早良店
4e3e1f54d164b52911b725e1,33.531803473,14123071,130.340772271,博多ラーメン しばらく 重留店
4ee95cf20e61f09a65872564,33.540871383,7448678,130.347280565,野芥櫛田神社
4e427583b61ca5ba3b25d9df,33.540035422,6101784,130.345256925,マックスバリュエクスプレス 野芥店 (AEON MaxValu Express Noke)
4f179525a17c202e104ace62,33.533891717,11078357,130.327398777,福岡四箇田団地郵便局
4e49f94962847afcaf110f34,33.524616501,8115605,130.337228641,博多 ほくと亭
504ca757e4b09586586e043e,33.533167,108701982,130.338333,おもいち
4c4150b63735be9ad95618a4,33.538345276,1852422,130.344822407,MrMax Select 野芥店
4bd90b5ce914a593649255fa,33.501406069,321852073,130.341969272,内野中央公園
4e805bd7e5fa79f0e3cc55fb,33.503861085,10830951,130.335969826,マックスバリュ くらし館 内野店
4f248c7ae4b0dc27b99d64b6,33.505776,24684968,130.338057,早良小学校
4db64898a86e8d2707a90f95,33.20406295,114219452,130.49069998,とり料理 河畔
4dfbe718d164848a03f3e755,33.497197487,6227421,130.340962763,田んぼ
4cd103797b68548187d8c4f8,33.55108542,94487628,130.364357167,G-STAGE 七隈店
4c298148e19720a198acf958,33.547405764,570417,130.362436109,福岡大学 Fukuoka University
4c186402838020a1632fe461,33.551199393,3036340,130.364842415,うどん研究所 麺喰道
4b8f3052f964a520f64c33e3,33.551050232,3133948,130.364247589,福岡大学 １８号館
4c6e7d37c5243704e2022beb,33.551307149,159829485,130.364043377,AIM NANAKUMA
4eb4e4760039f4f9ed784e37,33.551352167,60048023,130.36478922,七隈バッティングセンター
4eb8c6585c5c5a53216fc3c6,33.552794239,28258250,130.362658695,サンクス 七隈駅前店
4eb8c131b634a048618f989e,33.550882031,37728975,130.36524374,福岡大学 5号館
4b971e50f964a520d3f834e3,33.550282902,13007213,130.364788771,福岡大学 9号館
50114ae6e4b0abd87453fa18,33.552968414,25663023,130.362286586,マカロニキッチン
4cc2c1f91e596dcb7117c567,33.552768582,110191900,130.364778042,髪風
4d5743a89e508cfa18f3199b,33.552170033,7757830,130.361847816,グローリーインド料理店
4e77d742e4cd130429aea1e6,33.551389629,10966496,130.366429137,福岡大学 11号館
4d68cab3de28224bff9e3abe,33.552250892,12470404,130.366065551,大ちゃん
4f7e36cce4b04fb0c2e7383e,33.549817146,47140510,130.364456782,福岡大学 2号館
50a0edf5e4b09c8923ef079d,33.551737,69243496,130.368913,鉄板家族
4d8ca6623bfef04d67c56d86,33.5527892,6014729,130.364757907,ライスライス昭和
4c10e333ce640f4723933a52,33.549934185,72839128,130.361698866,セブンイレブン 福岡七隈7丁目店
521985a911d22f4dbb04f9e9,33.552318219,150845231,130.366075512,そば処 いとう
4f850977e4b0f189369dbbf1,33.549281185,21663873,130.364536475,福岡大学 新中央図書館棟
4cd2950725ee6dcb63bb440f,33.55306662,6574561,130.36440269,Cake Shop Cafuneee
50ee3002e4b019c364ce1709,33.553149071,108610900,130.361826874,無邪気
4b8f2e29f964a5208d4c33e3,33.549765454,48923089,130.365796596,福岡大学 １号館
5100b6ede4b0c9cd2a68c93c,33.552852766,64705923,130.362439796,ふきや 七隈店
4bce9245ef10952114658486,33.552558464,4377100,130.36272347,黒木書店 七隈店
4f06462cbe7b093a6264a168,33.549093684,45190150,130.364316702,福岡大学 第四食堂
4b7a6323f964a520592b2fe3,33.551783704,5130673,130.367681386,城南市民センター
4d536a70cfdc5941c06c8a76,33.55139186,6231141,130.367066651,福岡大学文系センタースカイラウンジ
4bb6c690ef159c74148976f7,33.535229551,83354851,130.384625472,スーパードラッグコスモス 東油山店
4cfae63cc671721e305ec018,33.53248,43026065,130.382130905,東油山公園
4ba75352f964a520db8b39e3,33.544306263,83143400,130.390254697,楽天の湯
4fb78139e4b009365895c7b7,33.538960814,223076263,130.386437826,T&Sスタジオ
4cdaa41d930af04d40ff8597,33.546795676,156651344,130.380667448,セブンイレブン 福岡堤1丁目店
4ef699d4be7bb4784d04ee39,33.608520504,479445527,130.305100915,きたの荘
4d984396daec224b1edb443e,33.573860809,63922904,130.246675261,加里部
4b5be2f4f964a520a91b29e3,33.574491866,381090,130.248993554,マクドナルド周船寺店
4b920f1ff964a52068e533e3,33.570776449,15264,130.245776474,周船寺駅 (Susenji Sta.)
4f5037f3e4b04150a5b0a9d2,33.5747566,15828332,130.24292,博多ラーメン膳 周船寺店
4ca8586a44a8224bf5b21640,33.57381843,42409109,130.246146368,麒麟ラーメン
4b63e06cf964a5205c952ae3,33.572023932,3053794,130.24189304,マックスバリュ周船寺西店
4d6cf518cb7a8cfaab875779,33.573193293,12098350,130.247410129,大大
4b69126af964a52074982be3,33.573417973,2658300,130.244625807,セブンイレブン 福岡周船寺１丁目店
4ba2dd21f964a520fc1e38e3,33.574387327,16092492,130.248779625,周船寺郵便局
4efc40ea8b817295227c1eaf,33.575252,120845794,130.248172,天翔
4b602f3ff964a520f0d829e3,33.57239721,212650,130.24192214,すき家 202号福岡周船寺店
52ac0aa811d20b876515f1bd,33.575391,179147104,130.248577,カーピカランドアケボノ
4c130acda5eb76b0b966bfb7,33.574417639,2580497,130.245481189,ホルトの木
4eddafd7b6344371fac3ade4,33.573065455,235307122,130.244412752,ニュー田中屋
4ddf2d648877e0877e548d68,33.574432293,67683180,130.248629909,ハニー珈琲 周船寺店
4ebc4b73e5faed97be883daf,33.573022385,9617024,130.245016647,周船寺バス停
50f12541e4b0d13e7328139d,33.573268,83784933,130.245245,KUKUI
4bcb528d511f95216836b1c7,33.572283,8992196,130.245336,ソフトバンク周船寺
4e474cc045dd2955e5a4a2c1,33.572275,179643545,130.24492,いけす割烹 谷久
4ba8bd5bf964a5202beb39e3,33.574574919,198308427,130.249348542,ファミリーマート 福岡周船寺三丁目店
4bab59d2f964a5208ea23ae3,33.574141952,9649087,130.246259354,西鉄ストア
5019f62de4b031d2e46efe1c,33.587201,26343330,130.400555,かくうちばあ LA VITA è BELLA
4b8f465bf964a5200b5033e3,33.573400095,8782636,130.245013386,福岡銀行 周船寺支店
4c257b05136d20a130cae361,33.574817303,7834729,130.250281755,味恵
4ba96d16f964a5207f263ae3,33.572783299,108232834,130.244320706,西日本シティ銀行 周船寺支店
4d141857e190721ea5c90421,33.587471213,6873540,130.323184087,中華そば きりや
53aa4ff4498e17e20477df21,33.58335283,463542325,130.319523035,食堂佐藤商店
4de9cf687d8b6c7a532eda7d,33.587718056,24510478,130.321830647,結城氷燃料店
5258c7a7498e7f80cd3875b9,33.588000649,152287463,130.319687525,オオカミの口
4f2e1972e4b0d411bbc73084,33.586662,14456592,130.323231,うつわ屋 フランジパニ
4f6d66e5e4b0725b61212751,33.589001,155025258,130.321906,順光寺
4e6358dd7d8b85408a0beacf,33.585815964,15271006,130.325432569,焼鳥長政
4d8d5ed35091a1cd745d7701,33.58806033,34870837,130.323257376,浜芳
4dfec5a052b1d747f677cfbe,33.58687274,59827781,130.324342917,中華料理ばんばん
4fb38cfce4b0e9a98d2e6181,33.587459071,221520591,130.324412696,大衆割烹ふる庄
4c1c8fbdb306c928fb1464b7,33.588327112,89128189,130.323199325,Dining Bar Atorie
4d2134186e8c37043fbb00a0,33.588282393,6858441,130.32386942,住吉神社
4c10ba13ce640f473e533a52,33.586542206,14945137,130.323525509,鳥作
4bd1865b9854d13a2fa5f94d,33.587360962,39110041,130.323630132,ローソン　姪浜四丁目店
4f8041c4e4b050ced59d5780,33.587348,73677148,130.323904,ASA姪浜
504ad223e4b037e0852503c9,33.588567535,80527619,130.323246391,チャイナキッチン麻婆
52f5a8fc498e6ba94289c3c3,33.588224722,227008207,130.323685004,まちの洋食屋 Kitchenナカシマ
4b938ba1f964a520bc4734e3,33.584762849,12359022,130.323839234,シュガーベアー
5083988ae4b0f71a271168e3,33.609779,72474877,130.266701,毘沙門山山頂
5095f551e4b0b6c71800bb94,33.581877,168956455,130.262114,ワンコインキッチン
4c435d26429a0f47b842471e,33.59356,6942951,130.264671,セブンイレブン 福岡横浜2丁目店
518ec505498e2be952be7d6b,33.581904386,93494714,130.274132222,ヒッポー製パン所
4eb154214690b9be42ac444e,33.582157911,182090951,130.262791374,カラオケサウンドパーク
4b95e6e7f964a52030b734e3,33.582055185,2770216,130.261764174,三和珈琲館今宿店
50de2d1ee4b0f340fac929b2,33.581634521,57594182,130.26222229,SPICE&HERB ワンコインキッチン
4cc264de06c254811bd18947,33.601995026,2560687,130.247074034,今津リフレッシュ農園
53b781c2498ed182152fc0ff,33.581768857,352462428,130.275063515,雪ノ下 福岡
50d57b6ce4b021b280ea66a0,33.58000105,170248586,130.277957057,カキ小屋
4eb634509a52ad1e3f4aa100,33.587955563,14366162,130.263130249,熊野神社
50372861e4b0461c00ada38f,33.601923,109047386,130.272849,海面クラブ
52e9c09d498ed9e5918b4141,33.581845,258358345,130.275016,ソラブタ
4ff8c1cee4b0cdc6b8ef3986,33.60743,22264123,130.252464,今津小学校
5180a064498e8b63bd9e9621,33.604031,91108221,130.274856,福岡水産資料館
4ec71cda2c5b532d0642130f,33.597825236,6942924,130.264881875,今津大橋
4b9cec02f964a520918236e3,33.610185304,369061,130.250829756,元寇防塁 今津
4b6a38baf964a520cdcd2be3,33.598892407,2734451,130.271296971,今津赤十字病院
4ba02850f964a520575e37e3,33.582219109,1339869,130.273021348,二宮神社
4f600c68e5e8d4902ddb0ca8,33.606434663,88683685,130.251717567,池いちご園
50fe2684e4b0c8673f1eee46,33.597597,88032724,130.270327,今津日赤病院
4b99afa3f964a520fa8b35e3,33.579440434,371405,130.273550749,今宿駅 (Imajuku Sta.)
4be4c3062457a59396c0aa15,33.581759923,6448867,130.269047688,徳正寺
4bee59702c082d7f085a3042,33.580143,2230226,130.268993,伊都6号公園
4ee9d5fa4690034a7f6a82dc,33.581804617,561188586,130.268952901,SAPUNA
4bb33f7c14cfd13abcc315ab,33.581776309,2605074,130.266233925,ファミリーマート 今宿三丁目店
51ce6d16498e476cf1b3f82c,33.582331059,109876402,130.26802322,Cafe　じょのば
4e056f221f6e211033804872,33.581798292,8008299,130.268863102,来来亭 今宿店
4e38fe14fa763bfcc3699359,33.590371,6172689,130.39787,千鳥屋
4bc9865acc8cd13aefc5bbcf,33.582540042,4461976,130.270609169,福岡市玄洋公民館
508f38b7e4b09fc32003dc6e,33.58152771,140682770,130.270614624,田中歯科
4c0cc029b1b676b0c37cdf86,33.581790095,15152783,130.265759963,廻転寿司 冨士丸 今宿店
4dd257e7e4cd7f7178c6382f,33.57952623,5995461,130.274585023,焼き鳥 千両
4d340f7df8c9224b27bfbfd2,33.581780317,149979302,130.265176235,ESSO Express セルフ今宿SS 相光石油
4f42207ae4b0193963cd12ef,33.558960767,17797819,130.388741671,Pizzeria da Ciruzzo
4d0d7045eea9b60cb08b5e3f,33.58085329,2642730,130.27317071,ピッツァリア ダ チールッツォ
4ed1c4d993ad987b4ec1dae6,33.58221714,49547355,130.265445649,古着屋 西海岸 今宿店
4b663334f964a520ae182be3,33.561411727,547744,130.426397595,福岡市南区役所
4c4673991ddec928dbac9a32,33.561334,383319084,130.426506,南区保健福祉センター (南保健所)
4bc11592461576b0d56a7b32,33.559183642,16563487,130.426444754,ローソン 福岡大橋駅前店
4b7b56c8f964a520f55e2fe3,33.560780517,665862,130.426602685,ボンジュール食堂
4b5c1a49f964a5201f2429e3,33.562024912,1329084,130.42455474,もつ鍋やま中
4d290f438292236aca851fbb,33.559479831,3465615,130.428584193,cube
4fb5e47be4b06643ffe1ea9e,33.561,92218715,130.426333,LuPuits
4fc9ab8de4b08dfa1610ecd0,33.560687414,18125027,130.426702312,Le Puits
4db97c5bfa8c978590d0c116,33.559439045,97960031,130.427006987,西鉄バス 西鉄大橋駅停留所
4dd73bce2271c5d36d3739ac,33.560832758,51627960,130.42661535,ル・ピュイ
4d11e3df99b78cfa1f10cdd5,33.561086921,128204564,130.425713347,しゃぶしゃぶ木曽路 大橋店
4e6040dc1495676d54cab432,33.562221,5752143,130.426819,DeeDeeRelaxation
4c9701b272dd224bf62eb191,33.560098739,7140047,130.428604741,手音
4de8512445dde4a28d4de514,33.561068,7587407,130.425497,木曽路
4c359a9866e40f47bf67cb8b,33.560493301,6884403,130.426942222,リンガーハット　福岡大橋店
4dbe27b96a23a3c4739f4a65,33.561352578,62421693,130.425375006,納言
4e6991ea62e1cd1d5452367f,33.561776337,194826928,130.425095558,ローソンストア100 福岡向野二丁目店
4be63743910020a1cf26d414,33.559969241,52084369,130.427385122,トランドール 大橋駅前店
4c3fce4ee26920a19f145ce7,33.563136898,305386,130.425052266,九州中央病院
528071a511d2708b20aeaa68,33.560491975,165007534,130.425678518,TAO men's hair
4de06b09d164e323c7acf05c,33.562297105,8370450,130.424403548,ウエスト 大橋店
4b83d4ecf964a520961231e3,33.559228541,1267007,130.425345152,ルネサンス 大橋
4cb8367d4c60a093e2f736ca,33.560817,14596626,130.424088,モンゴルの城
4c5a88b12091a593918e5fd0,33.559590959,3902719,130.425988337,ラーメン竹林
4c0492520d0e0f47e22e049a,33.563992502,2603034,130.426277709,博多 一風堂 塩原本舗
4e450067fa76eeb2daca1be8,33.56021,353595536,130.42662,あぶりや 笑吉
4cadb26cd1f8b60c83a770c6,33.559537,41632738,130.425763,大橋駅高架下駐輪場
4b72e299f964a520718d2de3,33.560265462,256651,130.427977592,COCO'S 大橋店
4e620dd862e13e3bce75ba03,33.559861,6016078,130.42645,大橋シティボウル
4ff53313e4b0b3e698235856,33.559952483,46424790,130.426330317,個室居酒屋 銀の月
5370ae1d498ede73c44d4edc,33.560184961,287728328,130.426629782,はなび
4b6382c4f964a5209d7f2ae3,33.584861518,1331761,130.367999121,バイエルン福岡
4d929c4c7b5ea143b8dbb5b8,33.586787,16723998,130.369147,福岡今川郵便局
515bb295e4b03125cc4298ad,33.588073646,92239303,130.368695738,今川
4c77e2eb765d8cfa691b0637,33.587286694,3696891,130.366093398,鳥飼八幡宮
50556527e4b0e95b0ef1b426,33.587784558,38018273,130.367918878,Unloop
4f680a02e4b0f8b5d40beeb8,33.588246004,19967767,130.368750055,Bakers Market
4fdbc367e4b056d3bcd169a6,33.587098,186641691,130.367306,サンクス 今川１丁目店
4d1c4931f8ca236a3103f530,33.590152447,26959564,130.369412899,サンクス 福岡唐人町駅前店
4bb892797421a593dee0c140,33.589587809,2128954,130.368858894,天ぷらうどん
4c0b8b836071a5932162e132,33.58681618,6050349,130.367283442,西町公園
4d1c2f33c68aa1cdfac8a0e2,33.588862228,36136551,130.368310427,平和台ホテル5
4be24af4b02ec9b68ec44cc0,33.588869936,6631239,130.367202759,ローソン・地行店
4f9fb806e4b027acbf37bb79,33.588980415,175891021,130.368476132,宅老所 よりあい
519807ed498eccd5b551fad9,33.589555093,106035452,130.369053859,セブンイレブン 福岡唐人町駅前店
4d6322511a83f04d9d80702b,33.585792506,34215395,130.367853753,広島風お好み焼き  キッチンじゅん
4e1fe913c65b2b5e3536c7b0,33.588087907,37981929,130.366977453,相光石油 地行西町SS
4cbfac1397bc721ebd2d8767,33.585867466,145921539,130.367681533,DEPSEA （ディプシー）
4dbe3d024b222080d3bc323d,33.588737,5444434,130.367394,おおさと眼科クリニック
4f9bf587e4b0d296c72475f2,33.589162669,29617480,130.368700251,ニパチ唐人町
4d4a348fb73fb1f7ffa1af32,33.585877,35912751,130.367881,広島のお好み焼き Kitchen じゅん
4eb1dff89adfb95b7787acc7,33.587256,12982733,130.37117,九州英数学舘セミナーハウス
4eb4afc8469073bbc5d7356c,33.589739283,22658043,130.366772798,ギャオス捕獲作戦決行地
4e17c63645dd120c1208b992,33.586569,63068033,130.370983,壱屋
4eb8ee9bdab4fe51131dabf8,33.589052,153882672,130.370187,明洞餃子
4c2f10483896e21ec94be390,35.670571004,19717046,139.771985627,焼とり富士
5381be03498ef71aaaea11ad,33.587218,318973013,130.36618,Acestudio
502d3cd7e4b0b49bb4488e6b,33.591463133,30298969,130.392131905,Bar LEONEO
4d09ebb5454c6dcb64dd3b8e,33.591421098,15655599,130.391190758,志まる
4b7627adf964a52080402ee3,33.591230032,164997623,130.391356791,いり江豊香園
4ea26ef7cc2102b34d01e661,33.591712474,11123711,130.391924337,Heure du Gouter
4b592b62f964a520f97f28e3,33.591720243,1700607,130.392560857,さぬきうどん大木戸
4c7e58ed9221236a8dc8813d,35.670571004,29666918,139.771985627,さきと
4f5c5288e4b085f52e17b664,33.591792,200051621,130.391734,九州キリスト教会館
4c14900d82a3c9b67085fdf8,33.591660692,14592296,130.392088294,ティーンエイジ・ドリーム・レコード
4f2b6064e4b0ccfb1ce32510,33.591715098,66017186,130.392068712,ラ・デゥ・グーテ
4e3a6a46fa766e76ed41dc7a,33.591372679,4378909,130.39273912,Gastro Pub Ales
4b7e8359f964a5205bf02fe3,33.591744933,28063119,130.39203923,楽天庵
4db16aca0cb6442b2ec85275,33.591109781,19504056,130.391817186,マリコ食堂
4d40f109cb84b60ca3e68aab,33.591908608,3944068,130.392312258,餃子・中国酒菜 胡坊
4e81717130f86985e408bcd7,33.591542,8476608,130.391004,sweets & candy ABEL
5084be0ae4b0e24bb4861a41,33.591708,110524334,130.392307,デリマシェリ (Deli Macherie)
4c74f3422db5236a628bbb79,33.591825766,2252646,130.392244483,まこと家
4b8526fff964a520564e31e3,33.590797,3629807,130.3930054,すき家 福岡舞鶴店
50250774e4b070630d42388d,33.592016,28503656,130.391978,LEO NEO
4c11e0dd17002d7fa302e709,33.590577,9690396,130.391937,薬膳料理 烏骨鶏ラーメン
4e1af1e91f6e88001e439781,33.590667198,99293928,130.392078758,烏骨鶏ラーメン 天照
52037690498ef5b9b6e5e015,33.590854001,127417856,130.392966148,博多ごまさば屋
4dc74160fa76d685ce0e7d50,33.591026568,35506916,130.391073016,NTTドコモ 九州支社 福岡支店
4bd0213e41b9ef3b0886f9e5,33.591457373,3123960,130.391041331,やきとり美久馬 舞鶴店
4e55c585aeb75a7448e5af8a,33.592047133,6191047,130.392254591,居酒屋ゆう太
525a850a11d2167a9401a642,33.591708656,224846889,130.392481921,てーる やまもと
4bf87a725317a593b7f0ff7e,33.59220227,7752387,130.392466986,福岡市立舞鶴小学校
4cc40a101e596dcb03d1ce67,33.591801349,8299278,130.392421981,馳走や直
4c188abe834e2d7fe2022980,33.591988893,10174437,130.391308775,さんの宮 舞鶴店
4b611b1ff964a520e3092ae3,33.591848939,6230238,130.392412779,居酒屋 玄海旬魚 こじま
4dba63036e815ab0de514497,33.591105,26972277,130.391106,大長寺
508ca2abe4b0ca23f65a2bcd,33.591769,108199023,130.392526,レンタルスペース舞鶴
4f928a7be4b0242d60c09598,33.588772621,159739105,130.362504286,重ノ海
4ed0d77799114b48889b0012,33.58801,11909017,130.363605,美味園
4c4c010a712ac9283fa0b26d,33.584638964,622046,130.363945384,今川橋
4bffcd83f61ea5930dc4ea13,33.585702346,1257950,130.362609247,ガスト西新店
4d8064041013236ad9798735,33.585444453,10649323,130.361982787,西新パレスドーム
4dbe4a1ca86e0e98a20e68d0,33.586309,2644596,130.363245,西鉄今川営業所
4e51a62a2271a1bdc3fdbf23,33.586172919,34628487,130.363600083,PROMENADER プロムナーダー
5102883be4b0dbb0ce09ea58,33.58473219,104620017,130.362280143,タイ料理店アイヤラー
4eb25efb29c2b0499abb5e70,33.589591662,172892930,130.365114241,g-cycle
520379d4498ec3acd458b049,33.586888907,167415657,130.364058319,浄満寺
4cafe6641168a093967c2623,33.584753424,331204,130.361236845,あかさか
4b5cf3a5f964a520504c29e3,33.587876707,621945,130.360676483,九州大学西新プラザ
4cce6ef5ee23a1430ffa2ba8,33.5868333,5330056,130.3650396,ローソン 福岡今川二丁目店
4d6f5f509aac224b1bf92bed,33.5889329,92585854,130.360586,やお八
4e883d2102d572671beacdf0,33.587624,321045115,130.36549,七冨久
4de4371a52b1d38d2998efed,33.590004,8749015,130.365183,セントラル地行パーキング
5423d75f498e7ef07561a912,33.588723354,468234783,130.365965938,ヤフオクドーム
4fc84bdce4b0e4b1e97af424,33.588684,64113982,130.36614,株式会社バルコムモータース　 福岡/ BPS Balcom 福岡
4e1823632271b0e971f8f798,33.587263889,106059221,130.365469444,中野正剛先生碑
5288206011d248c7eb7b00e2,33.584739868,184207347,130.363226518,ぐっさんの職場
5075f2a7e4b09b53a3933c5b,33.572798616,44288981,130.391225792,南公園
51f9f0ee498ed263cb858b56,33.569709771,243572304,130.389420122,sasacoffee
5013b4a9e4b02c1e0bece39d,33.576446224,40902353,130.386524802,桜坂  なかむら
500a1d49e4b05322f1129a0f,33.571035,58112098,130.38698,SASA COFFEE
4eb4d257cc2143e827b9ef4c,33.581254969,11282449,130.392844637,cache-cache
4d92b84f9213b1f788aeb846,33.575279506,6356403,130.385484695,IMURI
4e8d7b64cc217a2e5c0d6a55,33.57596,6489808,130.388561,今ここ
51fa2529498e3bbaedb00c4f,33.582793508,122006066,130.376907407,大濠公園 花火大会会場
4b8fa473f964a520385b33e3,33.582412402,8402490,130.3764081,福岡管区気象台
4bbbd491e5b0d13a9f9f6e7c,33.581590093,2182303,130.377674103,福岡大学附属大濠中学校・高等学校
507a159de4b0f934e95d5cc8,33.5847742,407648768,130.377435255,盛福寺
4ddf1ed9c65bb5e319cb3ad4,33.580730571,3815593,130.378998954,Rainbow Tables
508cc8dbe4b07c9fb1564180,33.581626,446793895,130.380924,フクオカクラフトマーケット
517b3bc5e4b0e8b115ed6f7a,33.579156518,108707458,130.378934072,餃子一鉄
522ac8f611d2c179ad582f13,33.580602,170753593,130.379004,REGARO PAPIRO
5041e01ce4b0a10506c25115,33.579357147,209604027,130.380172729,焼とり家族
4c0b693e7e3fc928f349f582,33.582281049,2690175,130.374533224,味美
4b656671f964a5207eef2ae3,33.579045072,2911561,130.378661556,デザートダイナー
4c2c6a3e77cfe21eaaf4b5f1,33.580477282,37184646,130.378961563,たこ焼き萬福
50682383e4b0e370b26647c7,33.577133471,69006998,130.376386068,輝蔵
4da13a6963b5a35d76bde419,33.581213459,2833350,130.382680697,牛王
4d31ccb772a8b1f701a997d0,33.57903,20010371,130.378497,Suneo
4e0e70bb31513b962c156925,33.5817005,3629239,130.375378,群青
4f0a6a85e5e8ef1bd2a9b49e,33.584970895,22464670,130.376123786,大濠公園 茶村橋
4df0b2f8c65b0270f3a488b6,33.581983577,9894858,130.375488168,博多屋 木鶏
4f0a6b8de5e8ef1bd2a9d3e9,33.583860362,32768472,130.375174284,大濠公園 さつき橋
4ee898082c5b49765e7881de,33.584015429,13730466,130.362447066,やきとり ホーマン
505c0c10e4b0988dac03f228,33.585960883,70125121,130.364013694,金龍寺
4cece4f27db3224be1d21e2e,33.584473737,4807985,130.36342412,Casale
542573ac498e25c641387ed3,33.582388,501380124,130.360794,なべ山
4f8a3028be77b15e3aa3b1ed,33.584852468,171933510,130.36331892,カサーレ
5078f1bfe4b03bba60058435,33.584689526,79299322,130.363689738,Turmeriq
4e389bc21f6ecc2de15b0ac7,33.583879,52961257,130.364295,福岡中央総合健診センター
525ca850498ee428de0bfa23,33.583872,159316150,130.365159,鳥飼2号公園
4db18b3a8154905aadc25ec5,33.584599777,52504770,130.362305427,田舎Bar ナカばあちゃんの店 中畑
532d5ab1498e4f722d79aea4,33.584505,236934364,130.366885,アンジュ
4e18481da8097d08b2350719,33.584304319,9951069,130.366075512,今川 門の家
4e14371618388432510514b7,33.584646654,4848207,130.361862352,福岡鷹勝
4b5e2ee7f964a520478229e3,33.585133727,4497705,130.362882905,福岡記念病院
51b877fe498ed2915b67e567,33.583654789,116667724,130.361398458,KOHAKU（琥珀）
4c94e4ce533aa093fd81c345,33.584113864,6559443,130.366304621,Maho's Cafe
4e10405852b1655efa3b6617,33.584470752,30768540,130.362593943,やきとり いっせい
4d5b994cb9b2a143089d6b8c,33.583782654,6426396,130.363040542,馬上荘
4c9728cb94a0236a3aa7a412,35.670571004,2226358,139.771985627,平尾山荘(野村望東尼山荘跡)
4faba2efe4b0c3c98b250191,33.571389872,40664305,130.396954859,鮨 麻生
4cb28fc1562d224baed42788,33.572528941,147706560,130.396955197,ル・レーヴ
53aeb75c498e2838da94dc38,33.571630397,326654682,130.398729489,韓国居酒屋 菜ずき
4fc0783fe4b0c9a9f100065f,33.570767,16592473,130.40021,コインランドリーエムズ平尾店
4f0fdb97e4b06c5888efe722,33.572002,426251073,130.399167,五ヶ山
4d984ef961a3a1cd8298ca42,33.570643124,2695187,130.407350541,居心地処 蛍
4fbb4305e4b0809808dcef5a,33.571982352,18284388,130.399377584,Anno Lab
4ccaa8647965b60cecc3868a,33.575820303,6374450,130.400564075,博多水たき 元祖 水月
4f06a52ce4b0540ca0375451,33.569619538,12172156,130.397400381,南山荘通
511869d1e4b03bddb77c56ad,33.569677,142082376,130.397697,まきいさんちの食堂
4ca2d571b0ff8cfaa656b25e,33.570658562,156461574,130.400781333,ファミリーマート 福岡平和店
4dd64a56c65bee535a948f88,33.571555414,8264681,130.399971472,如家
4b84dcb8f964a520f74531e3,33.57195,1184103,130.399936,いしむら 平尾店
4cc26f3e1e596dcb9b4fc367,33.569339674,198823950,130.397485007,パティスリーサリュー (PATISSERIE SALUT)
4e5c24871fc7dd59255763ea,33.572128508,5208316,130.401191711,ブッチャー (BUTCHER)
50449264e4b0133021f7d9d5,33.569521745,78303174,130.398002715,博多いちえ
4f61cf1de4b08711db59c3df,33.57117568,28499733,130.400217856,和蔵
4bdb96bc3904a593fb514b9e,33.57218661,478068827,130.4001027,ローソン 平尾四丁目店
51487cdbe4b047c163dcfcd5,33.572119,83814789,130.400907,焼鳥もつ鍋えんや
5288910d498ea037f74090e5,33.569233675,192453020,130.397838443,平和食堂
50a37882e4b085033078d482,33.571917,75156014,130.400527,バチタカ
4d035e6430a58cfa402698e7,33.571605956,3164372,130.400431899,焼き鳥 木鶏
4d0570b637036dcb7fb916fb,33.570356,28755204,130.398697,Dog Story BOWWOW
4c3d9489b169c9b6b52d4768,33.593226127,1469494,130.402060264,福岡市赤煉瓦文化館
50529e53e4b096ad98753f32,33.592842685,63667776,130.401968245,焼肉食堂 黒一
4b80b6a8f964a520cb8730e3,33.592845625,79028,130.402697798,西鉄イン福岡 アクロス福岡前
4bef5655c80dc92861db27e3,33.592690602,86715,130.401771069,水鏡天満宮
4db91d2ca86ee4fa7d311ddf,33.593633035,3491709,130.402338254,西中島橋
4c079d788a81c9b628702790,33.594241467,225016,130.403159633,西鉄バス 中洲
4f247e38e4b04f6e6947ca49,33.59326257,25883435,130.402178764,西中洲公園
4d08468452a4a09006e623f2,33.592822103,151115391,130.401770894,天ぷら はる
4d91b9a5d7b1236a15033638,33.59334434,10841364,130.40099438,西鉄バス 天神四丁目
4ba04df0f964a520686737e3,35.670571004,5381575,139.771985627,割烹よし田
5252896411d2acdcee7225e2,33.592627153,151925319,130.401850963,じゃこくじら
4e0310d4c65b8061424d152d,33.592518564,3715330,130.401355326,アニオン (AIGNON)
4eddf4d7775bcc53feb1eb30,33.59263203,7086281,130.401930994,喜多八
4e7b251ca809d757abe97f20,33.588377385,86610521,130.395876769,Sayuri
52db80de11d289d90e6e5f1f,33.59292148,407868245,130.400914737,ゴールドジム 博多福岡
4e388897d22dea80c527d0fe,33.59265,424893045,130.402217,白きじ
51efc464e4b05e265d9075b4,33.592443173,122865081,130.401949127,天神たんか
4be4e569d4f7c9b6fde12420,33.592829126,6572224,130.402473807,レストラン＆バー BLOSSO
4da8ff69cda1652a2b69ac93,33.58189254,6416673,130.35932366,松本小児科
4dfacb3cd164f73de7cb3f59,33.59361023,6750887,130.40171892,第7明星ビル
4da5575b0437667c9b298ffc,33.592532426,153759356,130.40197341,百貨蔵
4dcdf8b0d22deadedd4793bd,33.592545375,2953826,130.400480926,アラタナ研究所
4c38224d93db0f47fe252192,33.592578889,246800583,130.402181447,天神整骨院
4ebe41499911a2ec5b46ab21,33.594263858,108298682,130.402951021,屋台 やっちゃん
4cdcb4d5cea2224b67238d4c,33.592345713,19946880,130.402082024,Suraj
4d8b13ee5ecdf04db77ccb8a,33.593083977,116559281,130.401069006,酒のぎゃらりい 綾杉
4bcc2cda0687ef3be9cbdecc,33.593187909,2862629,130.400884315,屋台ともちゃん
4c2eddc816adc92872b4bc9c,33.594044,21266101,130.400031,綾杉立体駐車場
4e5caaefd22dcfc93416cbd1,33.593494591,51183626,130.401138733,やすだ歯科
4e27ad362271752a458d6613,33.592119837,57035027,130.401356742,鮨処 銀丁
4dc772552271f270515dfe31,33.592695,38618930,130.402629,鮨処博多銀丁
4d01fca118ff8cfa65fdc157,33.592547822,1599936,130.401913818,だるま屋
4fbdb04ae4b0df82519180b2,33.592391,225768683,130.402239,天神 KJ-1
4b56cbbaf964a5206d1b28e3,35.670571004,287081,139.771985627,ジュンク堂書店　福岡店
4b596fc1f964a520368828e3,33.590851572,937225,130.400369077,博多ラーメン 膳
4b7cb65bf964a52080a22fe3,33.590829445,148182,130.400585532,Starbucks Coffee メディアモール天神店
4b922269f964a520cae833e3,35.670571004,1249387,139.771985627,楽天地　天神本店
4bd3ea6db221c9b6b5dadad0,33.590712895,4308206,130.40011847,アニメイト福岡天神店
4d0b1393dd5fa1cd301a5789,35.670571004,1865697,139.771985627,ビブレホール
4b5d0deff964a5209c5029e3,33.590813805,1968779,130.400129557,天神ビブレ (Tenjin VIVRE)
4b5d9a56f964a5201c6329e3,33.591221954,6101540,130.400244509,リンガーハット/福岡天神店
4b60003ff964a520fcd229e3,33.591108123,267858,130.400298717,一蘭 天神店
4bc5416e0a30d13a10e4599c,33.591093929,5571135,130.400545091,新生飯店
4c9603f772dd224b6c94a891,33.591718694,6423750,130.40044874,西鉄バス 天神福ビル前 (12)
4b5c1caff964a520662429e3,33.590712895,129768,130.40011847,シアトルズベストコーヒー
4fe5ab58e4b0116a37ee1ed1,33.59077,172174914,130.401017,福岡市役所ローソン横喫煙所
4de728867d8b1f2dd2921ba5,33.590712895,4312452,130.40011847,サブウェイ 天神ビブレ店
4b6b9023f964a52014102ce3,35.670571004,2550912,139.771985627,マクドナルド天神ビブレ店
51a2d9ec498e0fd3528719a3,33.591210501,105624061,130.400974469,Cafedining＆Lounge LUXE(リュクス)
4b6650f6f964a520ac1d2be3,33.590790082,355568,130.400344597,名代ラーメン亭
4dbe71ac815439392fbeb1db,33.591056,36469378,130.401323,@CAFE
4b90d603f964a520099933e3,33.591151413,103506,130.401157815,あんざ 天神店
4f03c76f9adf4efb1352d7ff,33.590554583,10695906,130.400441854,丸善 天神店
4c3fd199af052d7f6f007b79,33.591472923,217417988,130.400338769,西日本シティ銀行 天神支店
504f85a2e4b07b1ad022585b,33.59130547,50213129,130.40086496,屋台
4b791342f964a520d7ea2ee3,33.590742108,1342742,130.40066459,フタバ図書
4b6a53f9f964a52050d22be3,33.591180868,1768874,130.400289727,友楽
4d5f9010ef378cfa566071a6,33.591250627,5481437,130.401283215,JCAFE天神店
5322b228498edea369399479,33.590841672,231295269,130.401646453,The Horse’s Mouth
4c64dfc0ae7195219a0c957b,33.607149509,93799537,130.420331955,元寇史料館
5114e246e4b0b468b9ef5ef0,33.607005578,117369137,130.42050367,大入
50a988fde4b0f191c229acb6,41.427450631,75805323,140.099936719,福岡県警本部
4c61303c832fa5938b64f1d3,33.608722149,4372739,130.419666767,麺屋 福芳亭 県庁前店
531fdd21498e61a71a23d450,33.608262126,230069218,130.420011041,REC COFFEE県庁東店
4ca837e014c337047117d23b,33.608001313,50187400,130.421326083,福岡外語専門学校
4c36ab5b93db0f4724911e92,33.608016252,112445702,130.419918895,福岡県警察本部 別館
4b56a480f964a520721728e3,33.606874741,212108839,130.422129035,鉄板王 吉塚駅前店
4bc99eb50687ef3b3331dacc,33.608643964,64925499,130.419739187,広島お好み焼き あ味
4b57b45cf964a520e63c28e3,33.608996,128117310,130.418898,同福居
4b95df0bf964a5203fb634e3,33.578229271,1987307,130.465768576,pasta&pizza カンパニョーラ
4f0d466d754a684d4b76f5e5,33.593624517,83748425,130.417875051,ファミリーマート 博多出来町公園前店
4dd0ad9922718eed7a6f2bf2,33.59225,2879270,130.41583,TKP博多駅前会議室
4cd52a362944b1f7f4585bec,33.598735278,27162910,130.412415717,広島風お好み焼き たくみちゃん
4b873784f964a520e6b631e3,33.597892887,11456953,130.411138028,鴨料理 まりも 本店
4d970ddcb188721e91500537,33.59796227,2862889,130.411037286,焼鳥たんべ
4c33fbda3896e21e26faea90,33.596448543,17900203,130.41194737,中華そば源ゴロー
4bcd44bb8920b713ac969fdc,33.585951816,1271149,130.428035259,セブンイレブン博多比恵町店
4b7a714af964a520fe2c2fe3,33.58693273,408296,130.4290947,ローソン 比恵町店
4d02d0620e49721ed720677f,33.58527701,36471449,130.4268819,ローソン 博多駅東三丁目店
4e68a49eb99320740ffd5740,33.585744836,316974528,130.428972269,千成屋
4b7f4f93f964a520b42630e3,33.58908519,185170,130.426603971,ハイアットリージェンシー福岡 (Hyatt Regency Fukuoka)
4bc2d9ff4cdfc9b6a0989621,33.584705234,1170309,130.426429828,瑞穂交差点
4b776eecf964a520129a2ee3,33.587069025,2560593,130.426082611,ファミリーマート 博多駅東3丁目店
50b74ce8e4b0e2a3f6929d4b,41.427450631,54606365,140.099936719,博多一双
4bd2df36caff9521448ad3f0,33.585887176,5174382,130.427977198,88 HACHI HACHI 博多店
4ba3487af964a5202f3338e3,33.587860001,13431899,130.427378118,セブンイレブン 福岡合同庁舎東店
4becdaead5510f47d421cd6c,33.586729395,5661146,130.42719841,まごころ弁当 博多駅東店
4ba98febf964a520972e3ae3,33.587294266,1917500,130.428307361,かねいし
4c5147de5ee81b8dafdff7ff,33.587135189,9976197,130.427570807,はすのうてな
4c0233a1310fc9b63d2cc461,33.587655,153842537,130.42865,NET JAPAN
4bcd2509b6c49c740c189591,33.586926023,169491050,130.427348614,かめ屋
4c2dc5fd260bc928bd7a1ad3,33.584115451,1184504,130.428135788,International Hostel Khaosan Fukuoka
4b569d97f964a520ca1628e3,33.588204408,102454,130.431604153,カレーショップ ドゥニヤ
50d6482ae4b079543788486d,33.588611972,95911435,130.426718408,le cafe
50d7c839e4b0f0bf56009f02,33.586555308,85231788,130.42699206,ひつまぶし名古屋 備長
4b953550f964a520269534e3,33.588367867,14102750,130.427225907,福岡アーセオンビル
4f76911ee4b01af71215af9a,33.587540032,160501049,130.427927444,山王公園 土俵
4bfdc5f68992a593fdadacb0,33.587822039,3961505,130.429046899,福岡建設会館
50dc5d18e4b0658277b37079,33.587074633,117010176,130.427265711,さぶらい
4e6fff1bd4c03fcb6526c5c0,33.58411245,505890937,130.42946124,ライオンパーク 瑞穂第1駐車場
4c6a5854897b1b8dbc81b117,33.587111479,41982917,130.432493091,SBSオートランド福岡(バイク)
4e87f42eb803b8544952c3d7,33.559034134,5813817,130.471492816,伊万里ちゃんぽん福岡店
4c7496002db5236ae1e8ba79,33.55885,11723147,130.471139,ローソン 福岡金隈店
4e0bb9beb61c18a1dc1dd8eb,33.559804,68966863,130.471075,ケーブルステーション 福岡
4e6c29541495f349256eeae3,33.560147303,9682170,130.470277726,ENEOS Dr.Drive セルフ金隈店
4d580f671901224b272886a6,33.558196626,7337162,130.471680443,ウエスト 金隈店
4e5717eaaeb74e5d15c59a5a,33.557941882,115040331,130.471625072,ENEOS 3号福岡南バイパスSS 西日本宇佐美
4f527384e4b0d3a8f4b62fec,33.557914967,11893499,130.47185377,ESSO Express 金の隈SS
4bee5add2c082d7f5a5b3042,33.564969811,95343378,130.462973678,立花寺北 交差点
4c033b9a0d0e0f472d62029a,33.560421758,5937962,130.469765627,DO TETSU HAKATA
4bb555af1344b7130e3c9c04,33.564037215,10232707,130.46668317,峰松本家
4bdfe3a60ee3a593749835b0,33.564163484,5131563,130.466270308,KFC福岡南バイパス店
4c0393ecf423a593a865d016,33.556315034,6572614,130.472395364,センターリバー南バイパス板付店
5146f40de4b0f632c8d7e593,33.557337937,92230430,130.473235881,KTM 福岡
4ba5a9daf964a5205b1a39e3,33.564587995,300334,130.467946529,立花寺緑地リフレッシュ農園
4b5e8f6cf964a520949229e3,33.565535624,27674388,130.463488698,ジョリーパスタ 月隈店
53c93495498eaf3f8a219bfd,33.552277568,340213747,130.477531153,夜CAFE⑨
4be2423af07b0f475d37f543,33.564404418,11686457,130.465878954,とんかつ浜勝福岡南バイパス店
4f49b87ae4b030691ab2a33c,33.56783886,99650259,130.466046561,シェル出光立花寺SS
4c033b4c187ec9281778b57b,33.560770417,73545692,130.469372849,DO SPIRITS HAKATA
505ebb87e4b07f41f0b48631,33.56175443,42709630,130.472112297,金の隈遺跡
4e7738d0d4c0934472a82416,33.567440187,10729664,130.465663702,ポプラ空港南店
4ec598f07ee537da7c5c3db9,33.555075372,13756938,130.473890305,大野城出入口
51663fe9e4b01b049d182120,33.551133976,85170081,130.479216989,カレーの二重丸
5163fa18e4b02cfd2378ac1d,33.563812509,95149288,130.4671454,かつや 福岡南バイパス店
4ecf24030aafd1868d6c6d4c,33.551638842,8255915,130.47758252,とんかつ きんのつる
4df0b87fb0fbfee72f3fcb7c,33.563123375,5514691,130.47611893,金の隈ゴルフヒルズ
4e7c02fcaeb76dabaf6bda90,33.550131,5081720,130.478326,御笠の森小学校
4d27332d068e8cfa494bb84c,33.56393614,6117310,130.457724419,福岡観光会館はかた
4f13b510e4b0380204fa7999,33.563014551,13320141,130.467152596,金の隈出入口
4c94ba2e38dd8cfa446bcb62,33.553348194,25503733,130.478079913,亀の井ホテル　福岡金の隈店
4d149140bb64224b53bfad65,33.551578872,16262707,130.478802411,すし大臣空港バイパス店
4cfe0fe0d7206ea817474c69,33.554953079,77750931,130.477208024,ファミリーマート 博多金の隈三丁目店
4dbbf6435da3ff58ec3e0d14,33.563534569,3456031,130.473752215,スプラージ金隈
4fcd1afce4b0467547fca9bf,33.562069978,121297600,130.467876292,Hakata Bus Station
4c7a399c81bca0938ce1ff14,33.552021509,33641233,130.463193894,めし処一膳や
4bd95c8f11dcc928f488f933,33.561725971,3399192,130.469084479,ジョイフル 金隈店
4d8706d2e83fa14367909ba1,33.555848137,193005896,130.473762864,コスモ電材センター
527462ab11d283b5ca5e877a,33.607345581,186578907,130.417892456,長浜ラーメン一龍亭
4bcfd0ee41b9ef3b663af9e5,33.607314936,466296,130.417857353,ヒマラヤインドレストラン
4d41555d4acd236a94b1f8a9,33.607646,23240607,130.417471,かね吉
4cdcd223958f236a6914b503,33.607484591,5361856,130.417663157,一龍亭
4e97a0f393adc6fb8337d650,33.607866304,32997619,130.417776836,ビストロ オーバスクー
4ffb819ce4b00c8921794a7a,33.607825428,145584365,130.41805883,博多メディカル専門学校
519afb7f498e776e5f316cc5,33.608451,162936784,130.418218,ラーメン居酒屋 うちだ
4b9c6203f964a520816436e3,33.60811,849647,130.418431,フライトシステムコンサルティング福岡営業所
4bedfdb8767dc9b6fdd9d3e9,33.680532592,103934720,130.287873745,志賀島展望台
50d13fcce4b0a239c37a186a,33.679584,67937349,130.288761,万葉歌碑（志賀島2号碑）
4f7916e5e4b06bb77fed986f,33.674057241,34841563,130.289552827,魚処わき
5274af8611d2f7101e01f607,33.669308,163924225,130.292491,大嶽部屋の巡業部屋
4effdbbcb8f787cad129c121,33.670682113,17109410,130.289665314,弘漁港
523cf1cb498e4cb2fda5365d,33.652385,155484429,130.338025,からーずきっちん
4f0aa712e4b05f830fbc1e0d,33.65229787,21815574,130.338191986,イーストマリーナクラブ
4f1131d1e4b0d85e51e4e054,33.65242,45945677,130.33792,かに仁
4c9453c0f7cfa1cd0329b315,33.653212,88037298,130.3360589,Diving Gallery Shower
4e0a99a0fa761ac4b9acf573,33.652125829,13075764,130.336871721,福岡マリーナ
52104d1011d2b1361d3350d6,33.654038,138097879,130.345394,西戸崎水処理センター
4c05f797c00ab713b3beb26b,33.652710447,28245075,130.335611347,大岳ショートコース
500241a3e4b077654f015723,33.65352639,113023138,130.335269552,玄海源蔵
4f0aa9e6e4b033211be9a6f6,33.651016283,7724531,130.335992575,大岳旅客待合所
4fa61c16e4b04e7683e3f723,33.658286,94331536,130.341518,海ノ中道海浜公園キャンプ場
4cd0d4e62fd9b60c70e183eb,33.658811775,7363656,130.33649797,西戸崎シーサイドカントリークラブ
4d5f6122ef378cfa62346fa6,33.658756,312153721,130.343868,いこいの森
4d5f66ed149637045357d794,33.659859686,3626261,130.342435995,海の中道青少年海の家
4bbd76304e069c7497d59ee3,33.654347771,219738452,130.333229012,福岡市立志賀中学校
4ddae4a4fa7675584c301d2e,33.685466118,4902946,130.439026522,福岡カンツリー倶楽部
4e2d1e4be4cd3bc166a69672,33.690830145,46418172,130.432270811,ジーカム 和白店
4ba99079f964a520b52e3ae3,33.689259192,2348266,130.429644585,和白駅 (Wajiro Sta.)
4b5ac748f964a5203ad428e3,33.690896854,46741457,130.432385237,TSUTAYA和白店
4bc6c19051b376b0b4091c6f,33.680057179,108616141,130.434491336,唐の原駅 (Tōnoharu Sta.)
4b9c951cf964a5205f7136e3,33.690930935,6270784,130.43409023,マルキョウ和白店
4bda2959c79cc928b7d47de9,33.688728033,8673503,130.429836363,西鉄和白駅 (Nishitetsu-Wajiro Sta.)
4b738b14f964a52060b32de3,33.689210602,16816009,130.434156268,マクドナルド 和白店
4fec1682e4b0a7423658343a,33.67559531,59345334,130.439611673,唐原橋
4c0c734bb1b676b01b31df86,33.689091,7908531,130.434135,天ぷら えびす食堂 和白店
4c8ca24b509e370437373555,33.690915035,1986359,130.432370312,BABY FACE PLANET'S
4e732fccd22d2fd3142b85ea,33.686889037,5589341,130.434325039,大阪王将 福岡和白店
4c4fb3807537e21e668ead88,33.691249,3562764,130.431963,ジョイフル 福岡和白店
4d15c419bb64224b5379b665,33.690710257,2839428,130.432771841,なべしま 焼肉
4bc84d9214d79521dac268e9,33.690921832,2733463,130.434002251,ガスト/和白店
4bad5db3f964a520994a3be3,33.692258617,8413988,130.434606671,ウエスト 和白店
4c34016da0ced13a919e176e,33.693257593,8810017,130.434639686,ロイヤルホスト和白店
4d63315403e2721efbb90b2f,33.691031186,2627879,130.432208776,ベビーフェイスプラネッツ 和白店
4bf6285b4d5f20a143e798fe,33.691418939,4326653,130.432126535,HOTEL AZ 福岡和白店
4b8c90f9f964a520d2d632e3,33.682815635,25882677,130.435080769,おやまうどん
5111d3dde4b02280b69322af,33.691548493,116925011,130.43436204,清香園　和白店
4c36bfc12c8020a1b1ec8700,33.681345029,92668480,130.435561538,セブンイレブン 福岡和白1丁目店
4f6d6942e4b0463c93b42e3f,33.689393615,201044202,130.437678427,はるおかスイミングスクール和白校
4c957e4f72dd224ba997a491,33.679377,3149940,130.437101,華さん食堂  唐原店
4e102f3a1838f8ad815022c5,33.69089116,15457354,130.431338322,かっぱ寿司 和白店
4c79dc9f81bca093440eff14,33.692959122,5812808,130.434699334,能古うどん 和白店
4deb2e5918386283a3f95249,33.686856311,211513864,130.434201094,北キツネの大好物 和白店
504efac8e4b077dc62e0cc43,33.68342438,41212115,130.434876586,At Wall
4d438e411ed56dcbed17a554,33.680028379,10901805,130.436581608,井の屋
4ce27b1998ab6a3161b263e1,33.687028525,96540126,130.433859676,クーニャンラーメン 赤のれん
4bbbfec4e5b0d13a19dc6e7c,33.609885323,112331325,130.419233216,東園
4bc50bf08970ef3b02560d7b,33.611100382,112876,130.416836219,九州大学 病院地区 (Kyushu Univ. Hospital Campus)
4d463aa71ed56dcbb3b2c354,33.609588876,7721246,130.419044495,ふきや 馬出店
4dfc821d483b96a3aaa60055,33.610198,116559052,130.419342,味道園
4b95a3c9f964a5206dad34e3,33.6092471,62412979,130.419674814,福岡県不動産会館
5153c3e3e4b034daa0b37ae4,33.609092,103483491,130.41891,カンボジア料理 シェムリアップ
52fc3413498e1e9ae81a3ecd,33.609121,213485407,130.418832,けんちゃんうどん
4d22a4d7b69c6dcba45a8495,33.609088498,19601258,130.418926477,シェムリアップ
4dc1033422713750ba73163c,33.60895726,201483076,130.419336855,甚八寿司弁当
4b57cb0ef964a520734128e3,33.608920782,33712396,130.418990937,味処 ふか川
4e858708dab430870915589a,33.609112,10418678,130.418594,あかり薬局
4b5fcf90f964a52091cd29e3,33.610981622,7106466,130.419474483,博龍軒
4f025f4ab6346feaef31e792,33.606135652,13222349,130.4187272,亀山上皇銅像
4e9a3eb90aaf5f690e486e08,33.61099,5605200,130.419274,馬出小学校
4e08181752b165b7d7b274ab,33.608639497,92510887,130.418792367,西鉄バス 警察本部前・九大病院入口停留所
4d67323cc406f04d74fceb4c,33.610111588,8509216,130.421029329,博多女子高等学校
4bc46338abf4952190eac493,33.659095861,6369277,130.442986487,博多王将
51837f4f498efa9fabce600e,33.659115,182052636,130.443071,中華宝龍
4d8d8c9dd4ec8cfa62fc5c89,33.658775573,47188711,130.443006348,ふきや 香椎店
4fb39339e4b0e9a98d30d1e2,33.65874,35508620,130.443078,居鍋酒屋 あさ喜
4d0c75185c46a09353ab08b4,33.658749779,104454500,130.443020881,笑笑 香椎店
4d9033e7d00a6ea80177df4f,33.659162425,42549865,130.442916424,じゃい庵 (うどん・そば)
4e006a9318a8abfb3f6a1c56,33.659113546,3441971,130.443141363,味処　よし本
51b70c2f498efed526498e67,33.659118627,182962180,130.442821916,魚民 香椎駅前店
4bc064cfabf495212a2abf93,33.658982,39144190,130.44273,カラオケ マジック
51713112e4b086a2b78dcc75,33.657527302,165435079,130.43798685,白木屋 香椎駅前店
4e3759c66284fcf7399b6aa9,33.659074709,47214834,130.44314026,ゲームサクセス 香椎店
4f6daebae4b01d94fcd62d65,33.659079445,35983682,130.442693154,ぶあいそ博多　香椎店
4fe07faae4b0784e5cdcc643,33.658661,44065007,130.44327,BAR.セブンオブナイン
4fc62b96e4b0b745a1cc5667,33.658821042,64201280,130.442322839,The Boozer
4b640224f964a5200f9b2ae3,33.659128168,72126615,130.443525181,焼肉居酒屋　牛蔵　香椎店
4d5f8fbc29ef236a555b9a59,33.659005256,6178435,130.442568234,ニパチ
4f195bbee4b040254037e04a,33.659415,49759939,130.442895,次郎長
4c5d1c1f2815c928410cb467,33.659227272,173475598,130.443612799,坐 和民 香椎店
5031a4d1e4b0202f723ab5a6,33.658814268,38917207,130.443781917,Mochajava CAFE & DELI
516d5ed0e4b0f5d9fe17a424,33.65903278,162312791,130.442468439,Live Cafe Eric
