小岩井農場まきば園,〒020-0507,岩手県岩手郡雫石町丸谷地36-1,39.738136,141.0081314
賢治の学校（宮沢賢治童話村）,〒025-0014,岩手県花巻市高松26-19,39.3984592,141.1677432
中尊寺金色堂,〒029-4102,岩手県西磐井郡平泉町平泉字衣関202,39.0015908,141.1026391
新鉛温泉 愛隣館,〒025-0252,岩手県花巻市西鉛23,39.4696769,140.9884716
つなぎ温泉,〒020-0055,岩手県盛岡市繋字湯ノ館,39.6762354,141.021363
宮沢賢治記念館,〒025-0011,岩手県花巻市矢沢1-1-36,39.3990951,141.1623046
浄土ヶ浜,"",岩手県宮古市,39.6414202,141.9571395
八幡平パノラマスキー場,〒028-7302,岩手県八幡平市八幡平温泉郷,39.9034803,140.9690044
鉛温泉 藤三旅館,〒025-0252,岩手県花巻市鉛中平７５−１,39.4657774,140.9914409
龍泉洞,〒027-0501,岩手県下閉伊郡岩泉町岩泉字神成1-1,39.8604762,141.7970026
小岩井農場,〒020-0507,岩手県岩手郡雫石町丸谷地36-1,39.738136,141.0081314
志戸平温泉,〒025-0244,岩手県花巻市湯口字志戸平26,39.418506,141.0134571
夏油高原スキー場,〒024-0322,岩手県北上市和賀町岩崎新田,39.2665053,141.0034004
盛岡手づくり村,〒020-0055,岩手県盛岡市繋字尾入野64-102,39.6928946,141.0243201
鴬宿温泉,〒020-0574,岩手県岩手郡雫石町鶯宿温泉,39.6400852,140.9441249
北上川,〒020-0001,岩手県盛岡市（岩手町〜宮城県追波湾・石巻湾）,39.702053,141.1544838
安比高原スキー場,〒028-7557,岩手県八幡平市安比高原,40.00384590000001,140.9808543
岩手高原スノーパーク,〒020-0500,岩手県岩手郡雫石町長山岩手山,39.8161053,140.9473825
毛越寺庭園,〒029-4102,岩手県西磐井郡平泉町平泉字大沢58,38.9871398,141.108864
道の駅　石鳥谷,〒028-3171,岩手県花巻市石鳥谷町中寺林7-17-3,39.4832705,141.1421369
達谷西光寺,〒029-4102,岩手県西磐井郡平泉町平泉字北澤16番地,38.9688924,141.0592444
盛岡城跡公園,〒020-0023,岩手県盛岡市内丸1-37,39.6998587,141.150687
中尊寺,〒029-4102,岩手県西磐井郡平泉町平泉字衣関202,39.0015908,141.1026391
安比高原,〒028-7557,岩手県八幡平市松尾,39.9686964,141.0441916
猊鼻渓舟下り,〒029-0302,岩手県一関市東山町長坂字町467,38.9893107,141.2553751
特産品プラザ　らら・いわて,〒020-0024,岩手県盛岡市菜園1-3-6 農林会館1Ｆ,39.7009333,141.1490972
網張温泉,〒020-0501,岩手県岩手郡雫石町長山字小松倉14-3,39.8217515,140.9381114
不動の滝,〒028-7542,岩手県八幡平市高畑,40.0860973,141.0475387
八幡平下倉スキー場,〒028-7302,岩手県八幡平市寄木松川国有林内,39.9263614,141.0953354
厳美渓,〒021-0101,岩手県一関市厳美町,38.9435146,141.0476712
雫石スキー場,〒020-0501,岩手県岩手郡雫石町高倉温泉,39.6962875,140.9757756
八幡平,〒028-7303,岩手県岩手郡松尾村,39.947569,141.3054825
大沢温泉,〒025-0244,岩手県花巻市湯口大沢181,39.43581229999999,141.0160563
盛岡城跡,〒020-0023,岩手県盛岡市内丸1-37,39.6998587,141.150687
松川温泉,〒028-7302,岩手県八幡平市,39.9263614,141.0953354
八幡平ハイツ,〒028-7302,岩手県八幡平市八幡平温泉郷,39.9034803,140.9690044
毛越寺,〒029-4102,岩手県西磐井郡平泉町平泉字大沢58,38.9871398,141.108864
御所湖,〒020-0055,岩手県盛岡市繋,39.6753438,141.0205437
滝観洞,〒029-2501,岩手県気仙郡住田町上有住字土倉298-81 滝観洞センター,39.2428987,141.6844437
愛真館,〒020-0055,岩手県盛岡市つなぎ字塗沢40-4,39.6727025,141.0218882
ほっとゆだ,〒029-5512,岩手県和賀郡湯田町川尻40-53,no,no
宮古市魚菜市場,〒027-0072,岩手県宮古市五月町1-1,39.6463971,141.9460794
たろし滝,〒028-3185,岩手県花巻市石鳥谷町大瀬川,39.50088119999999,141.113089
盛岡市動物公園,〒020-0803,岩手県盛岡市新庄字下八木田60-18,39.697177,141.1946942
砂ゆっこ,〒029-5504,岩手県和賀郡湯田町槻沢25-16-8,no,no
安比高原牧場,〒028-7557,岩手県八幡平市安比高原,40.00384590000001,140.9808543
歴史公園えさし藤原の郷,〒023-1101,岩手県奥州市江刺区岩谷堂字小名丸86-1,39.1974459,141.1889988
岩山公園,〒020-0803,岩手県盛岡市新庄字岩山50-6,39.7022764,141.1922721
盛岡八幡宮,〒020-0872,岩手県盛岡市八幡町13-1,39.6953068,141.1633499
ワインシャトー大迫,〒028-3203,岩手県花巻市大迫町大迫10-18-3,39.474386,141.2852142
小岩井農場牧場館・山麓館,〒020-0507,岩手県岩手郡雫石町丸谷地36-1,39.738136,141.0081314
岩洞湖（ワカサギ釣り）,〒028-2711,岩手県盛岡市玉山区藪川字亀橋,39.82892500000001,141.3450962
山の神温泉　優香苑,〒025-0253,岩手県花巻市下シ沢字中野53番地1,39.4525988,141.0046012
田老の防波堤,〒027-0300,岩手県宮古市田老,39.7361282,141.9699781
岩手サファリパーク,〒029-3311,岩手県一関市藤沢町黄海字山谷121-2,38.8094732,141.261059
大沢温泉自炊部,〒025-0244,岩手県花巻市湯口字大沢181,39.43581229999999,141.0160563
石と賢治のミュージアム,〒029-0303,岩手県一関市東山町松川字滝ノ沢149-1,no,no
賢治の教室（宮沢賢治童話村）,〒025-0014,岩手県花巻市高松26-19,39.3984592,141.1677432
岩山展望台,〒020-0803,岩手県盛岡市新庄字岩山50-6,39.7022764,141.1922721
黒石寺,〒023-0101,岩手県奥州市水沢区黒石町山内17,no,no
いわて子どもの森,〒028-5134,岩手県二戸郡一戸町奥中山字西田子1486-2,40.0638544,141.2270653
国立天文台水沢VLBI観測所（旧緯度観測所）,〒023-0861,岩手県奥州市水沢区星ガ丘町2番12号,39.1351267,141.1331474
ホテル森の風アネックス　沢内銀河高原,〒029-5701,岩手県和賀郡沢内村川舟3-647-1,no,no
カッパ淵,〒028-0555,岩手県遠野市土淵町土淵,39.3584409,141.5756511
宮沢賢治イーハトーブ館,〒025-0014,岩手県花巻市高松1-1-1,39.3969454,141.1645296
三陸ふるさと物産センター（道の駅さんりく）,〒022-0101,岩手県大船渡市三陸町越喜来字井戸洞95-27,39.1211575,141.798998
ゆこたんの森,〒020-0585,岩手県岩手郡雫石町長山猫沢3-6,39.7945608,140.9510519
金鶏山,〒029-4102,岩手県西磐井郡平泉町,no,no
瀬美温泉,〒024-0322,岩手県北上市和賀町岩崎新田1-128-2,39.2385767,140.9571526
岩手県立博物館,〒020-0102,岩手県盛岡市上田松屋敷34,39.7554666,141.1538878
八幡平温泉館  森乃湯,〒028-7302,岩手県岩手郡松尾村寄木1-590-280,39.947569,141.3054825
藤島のフジ,〒028-5221,岩手県二戸郡一戸町小鳥谷字仁昌寺,40.1660084,141.3053853
新安比温泉,〒028-7533,岩手県八幡平市叺田43-1,40.1020902,141.0588064
内間木洞,〒028-8712,岩手県久慈市山形町小国,40.091476,141.6288234
道の駅　たろう,〒027-0378,岩手県宮古市田老字重津部34-2,no,no
道の駅「種山ヶ原」ぽらん,〒029-2311,岩手県気仙郡住田町世田米字子飼沢30-39,39.1798365,141.3958808
夫婦石,〒029-0803,岩手県一関市千厩町千厩字石堂地内,no,no
高館（義経堂）,〒029-4102,岩手県西磐井郡平泉町柳御所14,no,no
花と緑と安らぎの湯東和温泉,〒028-0115,岩手県花巻市東和町安俵6‐135,39.3831589,141.2224504
江刺ふるさと市場,〒023-1131,岩手県奥州市江刺区愛宕字金谷83-2,39.1603588,141.1818107
胆沢川温泉さくらの湯,〒023-0003,岩手県奥州市水沢区佐倉河字明神堂27,39.1643922,141.0903837
後藤新平記念館,〒023-0053,岩手県奥州市水沢区大手町4-1,39.1449925,141.1404215
宮古港海戦記念碑,〒027-0001,岩手県宮古市浄土ケ浜,39.6414202,141.9571395
焼石クアパークひめかゆ,〒023-0403,岩手県奥州市胆沢区若柳字天沢52-7,39.1161653,140.9435791
御所湖とシオンの像,〒020-0055,岩手県盛岡市つなぎ,39.6753438,141.0205437
アグリパーク おおさわ,〒028-7917,岩手県九戸郡種市町第69地割16-1,40.3803373,141.6204904
湯ったり館,〒028-2101,岩手県宮古市茂市8-53,39.6162526,141.7937361
めがね橋,〒028-0304,岩手県遠野市宮守町下宮守,39.3466107,141.3527126
道の駅　みやもり,〒028-0304,岩手県遠野市宮守町下宮守30-37-1,no,no
錦秋湖,〒029-5512,岩手県和賀郡西和賀町,39.434621,140.7501241
御所湖川村美術館,〒020-0572,岩手県岩手郡雫石町西安庭第11-55-6,39.6624409,140.9689888
水辺公園　うぐいす湯の里公園,"",岩手県岩手郡雫石町鶯宿温泉,39.6400852,140.9441249
八幡宮,〒020-0500,岩手県岩手郡雫石町下町東35,39.68879949999999,140.9813337
岩手県立美術館,〒020-0866,岩手県盛岡市本宮字松幅12-3,39.6931837,141.1245868
中津川,〒020-0001,岩手県盛岡市,39.702053,141.1544838
北山崎,〒028-8402,岩手県下閉伊郡田野畑村北山,39.9777075,141.9437733
四季亭,〒020-0055,岩手県盛岡市繋湯ノ館137,39.6730247,141.0238797
四季館　彩冬,〒028-7554,岩手県岩手郡安代町字赤坂田254-9,39.947569,141.3054825
たかむろ水光園,〒028-0553,岩手県遠野市土淵町柏崎7-175-2,39.3540477,141.59653
奥中山高原,〒028-5134,岩手県二戸郡一戸町奥中山字西田子662-1,40.08222050000001,141.1898667
久慈平岳,〒028-7916,岩手県九戸郡洋野町/軽米町,40.2842629,141.6248331
めがねばし直売所,〒028-0304,岩手県遠野市宮守町下宮守30-37-1 道の駅みやもり施設内,39.3460524,141.3513044
平泉文化遺産センター,〒029-4102,岩手県西磐井郡平泉町平泉字花立44,38.9929392,141.111058
休暇村岩手網張温泉,〒020-0585,岩手県岩手郡雫石町網張温泉,no,no
八重吉煎餅店,〒023-1113,岩手県奥州市江刺区中町3-12,39.1890773,141.179322
遠野郷八幡宮,〒028-0541,岩手県遠野市松崎町白岩23-19,39.3428058,141.5452319
薬師堂温泉,〒023-0003,岩手県奥州市水沢区佐倉河字薬師堂27,39.1727345,141.1392136
シートピアなあど,〒027-0004,岩手県宮古市臨港通1-20,39.6390181,141.9698939
トドヶ崎,〒027-0096,岩手県宮古市重茂第9地割大平,39.5807211,142.0219419
安比高原温泉郷,〒028-7595,岩手県岩手郡安代町安比高原,39.947569,141.3054825
鳥越観音,〒028-5313,岩手県二戸郡一戸町鳥越字宮古沢,40.2432409,141.2833752
龍泉新洞科学館,〒027-0501,岩手県下閉伊郡岩泉町岩泉字神成,39.8617537,141.7935418
満蔵寺,〒029-2311,岩手県気仙郡住田町世田米字本町,39.1468626,141.5759693
光勝寺,〒029-2311,岩手県気仙郡住田町世田米字鉢ヶ森,39.1414883,141.5800608
砂鉄川,〒029-0302,岩手県一関市東山町,38.9917242,141.2515893
旧東北砕石工場,〒029-0303,岩手県一関市東山町松川字滝ノ沢,38.9794253,141.2396324
幽玄洞,〒029-0302,岩手県一関市東山町長坂字東本町154-1,39.0042173,141.2562801
猊鼻渓,〒029-0302,岩手県一関市東山町長坂字町375 げいびセンター,38.9892851,141.2553835
柳之御所資料館,〒029-4102,岩手県西磐井郡平泉町平泉字加羅楽108-1,38.9923647,141.1208513
白山神社,〒029-4102,岩手県西磐井郡平泉町平泉字衣関173,39.0033294,141.1004726
柳之御所遺跡,〒029-4102,岩手県西磐井郡平泉町平泉字柳御所地内,no,no
とうほくニュージーランド村,〒029-4302,岩手県奥州市衣川区日向59,39.0361417,141.0864
シープラザ釜石（釜石物産センター）,〒026-0031,岩手県釜石市鈴子町22-1,39.2736492,141.8714869
祭畤温泉,〒021-0101,岩手県一関市厳美町祭畤32,39.0115177,140.8633006
一関市博物館,〒021-0101,岩手県一関市厳美町字沖野々215,38.946656,141.0516763
北上川,〒021-0001,岩手県一関市,38.9346819,141.1268004
県立水産科学館,〒027-0001,岩手県宮古市日立浜町32-28,39.6483753,141.976057
もりおか啄木・賢治青春館,〒020-0871,岩手県盛岡市中ノ橋通1-1-25 旧第九十銀行,39.699781,141.1541395
高松公園,〒020-0114,岩手県盛岡市高松1-26-1,39.72256429999999,141.1434009
寺町通り,〒020-0001,岩手県盛岡市本町通二丁目,39.7074244,141.1495785
浄土ヶ浜自然歩道,〒027-0001,岩手県宮古市,39.6414202,141.9571395
釜石大観音,〒026-0002,岩手県釜石市大平町3-9-1,no,no
サハラガラスパーク,〒021-0101,岩手県一関市厳美町滝ノ上263-1,38.9452422,141.0485488
鵜の巣断崖,〒028-8405,岩手県下閉伊郡田野畑村真木沢,39.8750664,141.9305959
スワローツアー平泉レンタサイクル,〒029-4102,岩手県西磐井郡平泉町平泉駅構内,38.988043,141.117499
産直あおぞら,〒028-0115,岩手県花巻市東和町安俵6区94,39.3854337,141.2240196
駅前橋上市場　サン・フィッシュ釜石,〒026-0031,岩手県釜石市鈴子町2-1,39.2732686,141.871523
真湯温泉センター,〒021-0101,岩手県一関市厳美町字真湯,39.004771,140.8559876
花巻新渡戸記念館,〒025-0014,岩手県花巻市高松9-21,39.38994330000001,141.1610385
釜淵の滝,〒025-0304,岩手県花巻市湯本,39.4505334,141.0712647
駒形神社,〒023-0857,岩手県奥州市水沢区中上野町1-83,39.1365406,141.1380747
盛岡市子ども科学館,〒020-0866,岩手県盛岡市本宮字蛇屋敷13-1,39.6940976,141.1298196
高松の池,〒020-0114,岩手県盛岡市高松1-26-1,39.72256429999999,141.1434009
一関市案内所,〒021-0867,岩手県一関市駅前６７ JR一ノ関駅内,38.9346819,141.1268004
台温泉,〒025-0305,岩手県花巻市台,39.4456952,141.0734314
奥州平泉温泉そば庵しづか亭,〒029-4102,岩手県西磐井郡平泉町平泉字長倉１０−５,38.9921539,141.0508111
「花と泉の公園」ぼたん園・ベゴニア館,〒029-3103,岩手県西磐井郡花泉町老松字下宮沢159-1,38.990248,141.093708
館ケ森アーク牧場,〒029-3311,岩手県東磐井郡藤沢町黄海字衣井沢山9-15,no,no
無量光院跡,〒029-4102,岩手県西磐井郡平泉町平泉字花立地内,no,no
石鳥谷アイスアリーナ,〒028-3171,岩手県花巻市石鳥谷町中寺林6-92-1,39.4814957,141.1413482
焼走り熔岩流,〒028-7113,岩手県八幡平市,39.9263614,141.0953354
岩手山,〒020-0501,岩手県岩手郡雫石町/滝沢村/八幡平市,39.6962875,140.9757756
みちのくあじさい園,〒021-0221,岩手県一関市舞川字原沢111,38.9807799,141.2128322
遠野ふるさと村,〒028-0661,岩手県遠野市附馬牛町上附馬牛5-89-1,39.3959993,141.5403526
小袖海女センター,〒028-8111,岩手県久慈市宇部町第24地割110-2,40.1685316,141.8524348
渡り温泉,〒025-0244,岩手県花巻市湯口字佐野21-8,39.4258746,141.0153483
宮沢賢治詩碑（「雨ニモマケズ」詩碑）,〒025-0084,岩手県花巻市桜町4丁目,39.3763272,141.1218289
碁石海岸,〒022-0001,岩手県大船渡市末崎町,38.9999749,141.7133457
岩鋳鉄器館,〒020-0863,岩手県盛岡市南仙北2-23-9,39.67129,141.1536848
深沢紅子野の花美術館,〒020-0885,岩手県盛岡市紺屋町4-8,39.7032779,141.1560003
報恩寺,〒020-0016,岩手県盛岡市名須川町31-5,39.711688,141.1563167
大堤公園,〒024-0051,岩手県北上市相去町,39.26185359999999,141.114661
イギリス海岸,〒025-0063,岩手県花巻市下小舟渡,39.3928169,141.1223028
オドデ館,〒028-6506,岩手県九戸郡九戸村山屋2-28-1,40.2113917,141.4189854
展勝地,〒024-0043,岩手県北上市立花，稲瀬町,39.28263219999999,141.1326143
大船渡の三面椿,〒022-0001,岩手県大船渡市末崎町 熊野神社境内,38.9999749,141.7133457
鉄の歴史館,〒026-0002,岩手県釜石市大平町3-12-7,39.2555184,141.8941771
ミルク工房ボン・ディア,〒028-3203,岩手県花巻市大迫町大迫11-39-4,39.4721723,141.2836672
いちごハウスたかはし,〒028-3141,岩手県花巻市石鳥谷町五大堂9-84,39.4342853,141.1940151
南昌荘,〒020-0875,岩手県盛岡市清水町13-46,39.695573,141.1486984
七時雨冷泉,〒028-7401,岩手県八幡平市西根寺田25-191-1,40.0302968,141.1086113
閑董院,〒029-2201,岩手県陸前高田市矢作町字馬越,39.0420391,141.520308
松尾八幡平物産館　あすぴーて,〒028-7303,岩手県八幡平市柏台1-28,39.9188259,140.9772335
「北上川源泉・いわてまち川の駅」,〒028-4306,岩手県岩手郡岩手町大字御堂2-14-4,40.0322446,141.2383792
詩歌の森公園,〒024-0093,岩手県北上市本石町,39.2894726,141.1153239
田野畑村民俗資料館,〒028-8407,岩手県下閉伊郡田野畑村田野畑128-9,39.9317056,141.8903542
長者ヶ原廃寺跡,〒029-4414,岩手県奥州市衣川区田中西,39.0120783,141.0967337
箱根山,〒029-2207,岩手県陸前高田市小友町,38.98791660000001,141.6768998
四季彩の宿　ふる里,〒029-5514,岩手県和賀郡湯田町湯川52ー17,39.3470813,140.770458
ラ・フランス温泉館,〒028-3444,岩手県紫波郡紫波町小屋敷字新在家90,39.5735876,141.0829071
藤七温泉,〒028-7302,岩手県八幡平市松尾寄木北の又,39.904758,140.9746203
松川地熱発電所,〒028-7302,岩手県八幡平市松尾寄木松川温泉,39.904758,140.9746203
南網張ありね温泉,〒020-0585,岩手県岩手郡雫石町長山猫沢3-6,39.7945608,140.9510519
矢びつ温泉,〒021-0101,岩手県一関市厳美町字下り松65-2,38.9770765,140.92617
折爪岳山頂,〒028-6101,岩手県二戸市福岡折詰地内,40.2767401,141.2994587
ひぃなの丘　湖山荘,〒020-0055,岩手県盛岡市繋字上野23-36,39.67146899999999,141.0099119
八幡平トラウトガーデン,〒028-7302,岩手県八幡平市松尾寄木第1地割474-6,39.9108852,140.9832247
夢みる老止の館,〒029-3207,岩手県西盤井郡花泉町油島字上柏木39,no,no
蛭子屋　小野染彩所,〒020-0063,岩手県盛岡市材木町10-16,39.7088239,141.1357242
チャグチャグ馬コ,〒020-0172,岩手県岩手郡滝沢村鵜飼〜盛岡市八幡町,39.6971648,141.1592724
プラザおでって,〒020-0871,岩手県盛岡市中ノ橋通1-1-10,39.7000699,141.1546755
精華の湯,〒025-0305,岩手県花巻市台2-56-1,39.4534493,141.0550189
紙すき館,〒029-0302,岩手県東磐井郡東山町長坂字町390,no,no
長者屋敷清水,〒028-7305,岩手県岩手郡松尾村松尾長嶺神社内,39.947569,141.3054825
綿帽子温泉館　あずみの湯,〒028-7557,岩手県岩手郡安代町細野436-1,39.947569,141.3054825
プロ食,〒020-0835,岩手県盛岡市津志田24-13,39.6567859,141.1605378
岩山,〒020-0803,岩手県盛岡市新庄岩山,39.7022764,141.1922721
早池峰古参道跡,〒028-0522,岩手県遠野市土淵町地内,39.3579274,141.56788
陸前高田オートキャンプ場モビリア,〒029-2207,岩手県陸前高田市小友町字獺沢155-78,38.9879302,141.6780287
奥中山自然休養村管理センター「朝朱の湯」,〒028-5133,岩手県二戸郡一戸町奥中山字西田子662-1,40.08222050000001,141.1898667
銀河牧場一戸町天文台,〒028-5302,岩手県二戸郡一戸町女鹿字新田42-21,40.1033677,141.1807982
奥中山自然休養村,〒028-5134,岩手県二戸郡一戸町奥中山字西田子662-1,40.08222050000001,141.1898667
奥州街道,〒028-5300,岩手県二戸郡一戸町,40.213011,141.2954748
実相寺のイチョウ,〒028-5312,岩手県二戸郡一戸町一戸字大沢,40.2214325,141.2999796
奥中山高原,〒028-5134,岩手県二戸郡一戸町奥中山,40.0638544,141.2270653
七時雨山,〒028-7111,岩手県八幡平市,39.9263614,141.0953354
稲庭交流センター「天台の湯」,〒028-6805,岩手県二戸市浄法寺町字野黒沢133-1,40.1982066,141.0907174
高曲原,〒028-6101,岩手県二戸市,40.2712133,141.3048166
稲庭岳,〒028-6100,岩手県二戸市字野黒沢,40.1970095,141.0892454
コロポックルランド,〒028-6505,岩手県九戸郡九戸村江刺家茅9地割81,40.2536066,141.4109095
長興寺,〒028-6504,岩手県九戸郡九戸村長興寺,40.2284985,141.4177044
大名館,〒028-6504,岩手県九戸郡九戸村長興寺,40.2284985,141.4177044
折爪岳,〒028-6505,岩手県九戸郡九戸村江刺家,40.2536066,141.4109095
平庭高原,〒028-0001,岩手県久慈市山形町・葛巻町,40.1905242,141.7755826
物産館ぱあぷる,〒028-8201,岩手県九戸郡野田村大字野田31-31-1,40.1158959,141.8190261
ミレットパーク,〒028-6222,岩手県九戸郡軽米町大字山内33-53-1,40.2825912,141.3840114
ミル・みるハウス,〒028-6221,岩手県九戸郡軽米町大字晴山22-38-1,40.3215109,141.3819299
雪谷川ダムフォリストパーク・軽米チューリップ園,〒028-6411,岩手県九戸郡軽米町小軽米20-3-1,40.2881296,141.5165094
源兵衛平高原キャンプ場,〒028-2104,岩手県宮古市刈屋,39.6435465,141.75836
閉伊川,〒028-2101,岩手県宮古市,39.6414202,141.9571395
黒崎展望台,〒028-8353,岩手県下閉伊郡普代村黒崎,40.0103355,141.9319952
ハマナス,〒028-8301,岩手県下閉伊郡普代村浜園地,40.0051671,141.8859081
堀内海岸,〒028-8301,岩手県下閉伊郡普代村,40.0051671,141.8859081
普代浜,〒028-8335,岩手県下閉伊郡普代村普代,40.002679,141.886333
サッパ船アドベンチャーズ,〒028-8403,岩手県下閉伊郡田野畑村羅賀,39.9339535,141.9372106
畠山神社,〒028-8405,岩手県下閉伊郡田野畑村大芦,39.8863896,141.9159107
思惟大橋,〒028-8407,岩手県下閉伊郡田野畑村菅窪,39.9239068,141.8999976
北山崎展望台,〒028-8402,岩手県下閉伊郡田野畑村北山,39.9777075,141.9437733
鵜の巣断崖展望台,〒028-8405,岩手県下閉伊郡田野畑村真木沢,39.8750664,141.9305959
島越,〒028-8401,岩手県下閉伊郡田野畑村,39.9304501,141.8888682
安家洞,〒027-0611,岩手県下閉伊郡岩泉町安家18番,39.9868874,141.7308441
櫃取湿原,〒028-5633,岩手県下閉伊郡岩泉町釜津田,39.7867297,141.551003
早坂高原,〒028-2233,岩手県下閉伊郡岩泉町釜津田,39.7867297,141.551003
四十八坂展望台,〒028-1371,岩手県下閉伊郡山田町船越,39.4325969,141.9729578
グリーンピア三陸みやこ,〒027-0373,岩手県宮古市田老向新田,39.789189,141.9698433
津波の波高跡,〒027-0300,岩手県宮古市田老字青砂里（三王遊歩道手前200メートル）,39.7361282,141.9699781
三王岩,〒027-0322,岩手県宮古市田老字青砂里,39.7364004,141.9780829
田老川,〒027-0300,岩手県宮古市,39.6414202,141.9571395
稲荷穴,〒028-0305,岩手県遠野市宮守町達曽部54-57　55-71,39.3890026,141.3450392
遊林ランド種山,〒029-2311,岩手県気仙郡住田町世田米字子飼沢30-193,39.1812698,141.398025
健康センター　わくわくランド　三嶋の湯,〒029-0803,岩手県一関市千厩町千厩字駒ノ沢234番地,38.915902,141.3192555
西行桜の森,〒029-4101,岩手県西磐井郡平泉町長島,38.9949511,141.1431275
観自在王院跡,〒029-4102,岩手県西磐井郡平泉町平泉字志羅山地内,38.9875888,141.1164804
国道４号線沿い,〒029-4102,岩手県西磐井郡平泉町平泉字泉屋61-7,38.9883511,141.1172381
ヒメカユウ,〒023-0001,岩手県奥州市胆沢区若柳,39.12598699999999,140.9868997
焼石岳,〒023-0403,岩手県奥州市胆沢区若柳,39.12598699999999,140.9868997
牛の博物館,〒029-4205,岩手県奥州市前沢区南陣場103-1,39.0269967,141.1239803
金ケ崎温泉 駒子の湯,〒029-4503,岩手県胆沢郡金ケ崎町西根和光544番地1,39.18854169999999,141.0036673
ホテルみどりの郷スケート場,〒029-4505,岩手県胆沢郡金ケ崎町永栄上宿26-3,39.1764603,141.0899223
鳥海柵,〒029-4503,岩手県胆沢郡金ケ崎町西根原添下鳥海二宮後,39.1974003,141.1177795
武家屋敷城内諏訪小路（重要伝統的建造物群保存地区）,〒029-4503,岩手県胆沢郡金ケ崎町西根城内・諏訪小路地区,39.1974003,141.1177795
和賀岳,〒029-5614,岩手県和賀郡西和賀町内,39.2981272,140.8451002
巣郷温泉,〒029-5522,岩手県和賀郡西和賀町巣郷,39.2796591,140.7224209
湯川温泉,〒029-5514,岩手県和賀郡西和賀町湯川,39.2853293,140.7706763
湯本温泉,〒029-5505,岩手県和賀郡西和賀町湯本,39.343965,140.7724246
峠山パークランドオアシス館,〒029-5513,岩手県和賀郡西和賀町本内４６-１２５-１０６,39.2981272,140.8451002
兜跋毘沙門天立像,〒028-0116,岩手県花巻市東和町北成島5-1,39.3635051,141.2014001
南部杜氏伝承館,〒028-3171,岩手県花巻市石鳥谷町中寺林7-17-2,39.4833483,141.1418092
南部杜氏の里公園,〒028-3171,岩手県花巻市石鳥谷町中寺林,39.48623120000001,141.1399259
ガラス体験工房森のくに,〒028-3203,岩手県花巻市大迫町大迫12-45-1,39.4741915,141.28197
徳丹城跡,〒028-3603,岩手県紫波郡矢巾町大字西徳田,39.6114751,141.1672753
幣懸の滝,〒028-3623,岩手県紫波郡矢巾町煙山地内,39.6194378,141.080686
野村胡堂・あらえびす記念館,〒028-3315,岩手県紫波郡紫波町彦部字暮坪193-1,39.5309885,141.1925447
紫波フルーツパーク体験工房,〒028-3535,岩手県紫波郡紫波町遠山字松原1-11,39.5533579,141.2043065
紫波ぶどう園,〒028-3316,岩手県紫波郡紫波町佐比内字飯豊田59-1,39.4900024,141.2316538
紫波城山公園,〒028-3304,岩手県紫波郡紫波町二日町字古舘,39.5608645,141.1743595
赤石神社,〒028-3307,岩手県紫波郡紫波町桜町字本町川原1,39.5475941,141.1744488
石川啄木記念館,〒028-4132,岩手県盛岡市玉山区渋民字渋民9,39.8460511,141.1711752
盛岡市外山森林公園,〒028-2711,岩手県盛岡市玉山区薮川字大の平31-1,39.77500209999999,141.2790527
岩洞湖家族旅行村キャンプ場・オートキャンプ場,〒028-2711,岩手県盛岡市玉山区藪川字亀橋33-4,39.82892500000001,141.3450962
岩洞湖,〒028-2711,岩手県盛岡市玉山区薮川字亀橋,39.82892500000001,141.3450962
イーハトーブ火山局,〒028-7302,岩手県八幡平市松尾寄木2-515,39.929267,141.0027745
岩手県県民の森森林ふれあい学習館フォレストｉ（アイ）,〒028-7302,岩手県八幡平市松尾寄木1-515-5,39.8955256,140.9651412
松尾八幡平ビジターセンター,〒028-7303,岩手県八幡平市柏台1-28,39.9188259,140.9772335
妻の神広場キャンプ場,〒028-7302,岩手県八幡平市松尾寄木,39.904758,140.9746203
茶臼岳展望台,〒028-7111,岩手県八幡平市,39.9263614,141.0953354
松川玄武岩,〒028-7302,岩手県八幡平市,39.9263614,141.0953354
七滝,〒028-7111,岩手県八幡平市,39.9263614,141.0953354
松川渓谷,〒028-7302,岩手県八幡平市,39.9263614,141.0953354
御釜湖,〒028-7111,岩手県八幡平市,39.9263614,141.0953354
茶臼岳,〒028-7111,岩手県八幡平市,39.9263614,141.0953354
滝沢相の沢温泉お山の湯,〒020-0172,岩手県滝沢市鵜飼字安達114-3,39.8020681,141.0077075
馬っこパーク・いわて,〒020-0173,岩手県滝沢市滝沢字砂込389-18,39.8094354,141.1220023
鞍掛山,〒020-0172,岩手県滝沢市鵜飼字安達,39.7705198,141.029645
岩手山,〒020-0173,岩手県岩手郡滝沢村滝沢字岩手山,39.947569,141.3054825
焼走り温泉,〒028-7113,岩手県八幡平市平笠24-728,39.8747576,141.0415119
焼走り熔岩流観察路,〒028-7100,岩手県八幡平市,39.9263614,141.0953354
岩手山（南部片富士）,〒028-7113,岩手県八幡平市,39.9263614,141.0953354
石神の丘美術館,〒028-4307,岩手県岩手郡岩手町五日市10-121-21,39.9681785,141.2140964
岩手沼宮内カントリークラブ,〒028-4421,岩手県岩手郡岩手町一方井,39.9700111,141.1680162
岩手町彫刻公園,〒028-4395,岩手県岩手郡岩手町五日市10-44,39.9727676,141.2121663
くずまきワイン(葛巻高原食品加工株式会社),〒028-5403,岩手県岩手郡葛巻町江刈1-95-55,40.0764521,141.5113728
森の館ウッディ・炭の科学館,〒028-5403,岩手県岩手郡葛巻町江刈1-95-55 くずまきワイン,40.0764521,141.5113728
くずまき高原牧場,〒028-5402,岩手県岩手郡葛巻町葛巻40-57-176,40.0028312,141.3327855
花工房 らら倶楽部,〒020-0585,岩手県岩手郡雫石町長山七ツ田27,39.7281309,140.9751687
どんぐりコロコロ,〒020-0507,岩手県岩手郡雫石町丸谷地68-82,39.7490825,141.0166356
橋場温泉,〒020-0582,岩手県岩手郡雫石町橋場坂本118番地10,39.7064117,140.8748864
玄武温泉,〒020-0585,岩手県岩手郡雫石町,39.6962875,140.9757756
雫石高倉温泉,〒020-0584,岩手県岩手郡雫石町高倉温泉,39.6962875,140.9757756
国見温泉,〒020-0582,岩手県岩手郡雫石町橋湯国見温泉,39.6962875,140.9757756
滝ノ上温泉,〒020-0584,岩手県岩手郡雫石町西根,39.7393017,140.9535229
ありね山荘,〒020-0585,岩手県岩手郡雫石町長山小松倉13-7,39.81483,140.9346201
小岩井乳業工場,〒020-0507,岩手県岩手郡雫石町丸谷地36-1,39.738136,141.0081314
ケッパレランド,〒020-0573,岩手県岩手郡雫石町南畑第21地割26-15,39.624278,140.9444757
八幡平カントリークラブ,〒020-0574,岩手県岩手郡雫石町鶯宿温泉,39.6400852,140.9441249
雫石ゴルフ場,〒020-0593,岩手県岩手郡雫石町高倉温泉,39.6962875,140.9757756
御所湖広域公園,〒020-0572,岩手県岩手郡雫石町・盛岡市,39.6962875,140.9757756
岩手県営屋内温水プール,〒020-0585,岩手県岩手郡雫石町長山大鉢森38-4,no,no
小柳沢砂防公園オートキャンプ場,〒020-0582,岩手県岩手郡雫石町橋場坂本118-10,39.7064117,140.8748864
弘法桜,"",岩手県岩手郡雫石町長山七ツ田,39.7272616,140.9732828
小岩井農場の一本桜,"",岩手県岩手郡雫石町,39.6962875,140.9757756
雫石あねっこ,〒020-0501,岩手県岩手郡雫石町,39.6962875,140.9757756
御所湖乗りもの広場,〒020-0572,岩手県岩手郡雫石町西安庭11-7-4,39.6679765,140.9713829
御所湖広域公園ファミリーランド,〒020-0572,岩手県岩手郡雫石町西安庭32-113,39.6634213,140.964292
岩手山神社,〒020-0585,岩手県岩手郡雫石町長山頭無野,39.7838949,140.9961503
御所ダム,〒020-0501,岩手県岩手郡雫石町/盛岡市,39.6962875,140.9757756
鳥越の滝,〒020-0501,岩手県岩手郡雫石町西根,39.7393017,140.9535229
千沼ヶ原,〒020-0501,岩手県岩手郡雫石町,39.6962875,140.9757756
三ツ石山,〒020-0501,岩手県岩手郡雫石町/八幡平市,39.6962875,140.9757756
駒ヶ岳,〒020-0501,岩手県岩手郡雫石町/仙北市（秋田県）,39.6962875,140.9757756
金田一温泉郷,〒028-5711,岩手県二戸市金田一,40.3170402,141.3055704
九戸城跡,〒028-6101,岩手県二戸市福岡字城の内,40.2695718,141.3026141
馬仙峡,〒028-6103,岩手県二戸市石切所,40.2595337,141.2881689
折爪岳,〒028-6101,岩手県二戸市福岡字織詰26,40.26831749999999,141.3719879
種山高原星座の森,〒023-1551,岩手県奥州市江刺区米里字大畑66-21,39.1946012,141.3863506
種山高原キャンプ場,〒023-1551,岩手県奥州市江刺区米里字大畑66-21,39.1946012,141.3863506
青ノ木グリーンパーク,〒026-0411,岩手県釜石市橋野町,39.3590836,141.7691022
日中永遠和平の像,〒026-0002,岩手県釜石市大平町（大平公園内）,39.2603936,141.8984037
橋野高炉跡,〒026-0411,岩手県釜石市橋野町,39.3590836,141.7691022
釜石市郷土資料館,〒026-0031,岩手県釜石市鈴子町15-2,39.274338,141.8695815
気仙大工左官伝承館,〒029-2206,岩手県陸前高田市小友町茗荷1-237,39.0108147,141.6921225
清水の湧口,〒029-2201,岩手県陸前高田市矢作町字清水,39.0576731,141.5098836
道の駅 高田松原,〒029-2205,岩手県陸前高田市高田町字古川28-5,39.008402,141.6291675
真湯温泉,〒021-0101,岩手県一関市厳美町字真湯１,39.004771,140.8559876
須川温泉,〒021-0101,岩手県一関市厳美町祭畤山国有林,38.9435146,141.0476712
厳美渓温泉,〒021-0101,岩手県一関市厳美町,38.9435146,141.0476712
昭和湖,〒021-0101,岩手県一関市厳美町祭畤山国有林内,38.9435146,141.0476712
栗駒山（須川岳）,〒021-0101,岩手県一関市厳美町祭畤山国有林内,38.9435146,141.0476712
まん十屋,〒028-0523,岩手県遠野市中央通り5-11,39.3302846,141.5306726
遠野城下町資料館,〒028-0523,岩手県遠野市中央通り4-6,39.3303874,141.5288339
伝承園,〒028-0555,岩手県遠野市土淵町土淵6-5-1,39.3573103,141.5695516
遠野市立博物館,〒028-0515,岩手県遠野市東舘町3-9,39.3276793,141.5288785
遠野物語碑,〒028-0501,岩手県遠野市遠野駅前,39.331712,141.5305208
鍋倉公園,〒028-0524,岩手県遠野市新町,39.329579,141.5258981
福泉寺,〒028-0545,岩手県遠野市松崎町駒木7-57,39.3737026,141.5637098
五百羅漢,〒028-0524,岩手県遠野市新町,39.329579,141.5258981
鍋倉城址,〒028-0524,岩手県遠野市新町,39.329579,141.5258981
南部曲り家（千葉家）,〒028-0533,岩手県遠野市綾織町上綾織1-14,39.34078900000001,141.4417135
南部曲り家（菊池家）,〒028-0555,岩手県遠野市土淵町土淵6-5-1,39.3573103,141.5695516
高清水高原,〒028-0501,岩手県遠野市松崎町,39.3415449,141.5465012
早池峰山,〒028-0501,岩手県遠野市（宮古市）,39.3278378,141.5333031
新山根温泉べっぴんの湯,〒028-8521,岩手県久慈市山根町下戸鎖4-5-1,40.0822898,141.7055514
もぐらんぴあ まちなか水族館,〒028-0061,岩手県久慈市中央2-9（久慈駅前）,40.18972249999999,141.7708629
久慈琥珀博物館,〒028-0071,岩手県久慈市小久慈町19-156-133,40.1699397,141.7237786
岩場海水プール,〒028-7801,岩手県久慈市侍浜町,40.2690938,141.796408
北侍浜キャンプ場,〒028-7801,岩手県久慈市侍浜町,40.2690938,141.796408
久慈海岸・つりがね洞,〒028-8111,岩手県久慈市長内町,no,no
北限の海女,〒028-8111,岩手県久慈市宇部町,40.1300243,141.7870708
巽山公園,〒028-0056,岩手県久慈市中町1-48,40.1897243,141.766233
横沼展望台,〒028-7801,岩手県久慈市侍浜町,40.2690938,141.796408
展勝地レストハウス,〒024-0043,岩手県北上市立花14-21-1,39.2721333,141.1263929
さくらまつり遊覧船,〒024-0043,岩手県北上市立花地内,39.2826183,141.1330337
夏油高原温泉,〒024-0322,岩手県北上市和賀町岩崎新田,39.2665053,141.0034004
瀬峯坂温泉 宝珠の湯,〒024-0321,岩手県北上市和賀町岩崎2-3-1,39.2425692,141.000768
入畑温泉,〒024-0322,岩手県北上市和賀町岩崎新田1-3-1,39.2391015,140.9544306
夏油温泉,〒024-0322,岩手県北上市和賀町岩崎新田,39.2665053,141.0034004
利根山光人記念美術館,〒024-0043,岩手県北上市立花15-153-2,39.2750571,141.1317029
みちのく民俗村,〒024-0043,岩手県北上市立花14-59,39.2713779,141.1304203
サトウハチロー記念館,〒024-0043,岩手県北上市立花13-67-3,39.28263219999999,141.1326143
北上カントリークラブ,〒024-0323,岩手県北上市和賀町煤孫1地割,39.2668379,140.9832855
和賀川ふれあい広場,〒024-0058,岩手県北上市下鬼柳,39.2673994,141.0897992
立花毘沙門堂,〒024-0043,岩手県北上市立花16-105,39.2785245,141.1375584
極楽寺遺跡,〒024-0041,岩手県北上市稲瀬町,39.2417368,141.1214665
北上市立鬼の館,〒024-0321,岩手県北上市和賀町岩崎16-131,39.2755912,141.0454345
入畑ダム展望広場,〒024-0322,岩手県北上市和賀町岩崎新田,39.2665053,141.0034004
男山展望台,〒024-0041,岩手県北上市稲瀬町,39.2417368,141.1214665
台温泉 精華の湯(日帰り温泉）,〒025-0305,岩手県花巻市台2-56-1,39.4534493,141.0550189
悠の湯 風の季,〒025-0244,岩手県花巻市湯口松原36-3,39.4098681,141.014249
ひまわり温泉 ぎんがの湯,〒028-3182,岩手県花巻市石鳥谷町松林寺3-81-10,39.4737202,141.0965864
金矢温泉,〒025-0321,岩手県花巻市金矢5-251-1,39.4375013,141.0563147
鉛温泉 藤三旅館,〒025-0252,岩手県花巻市鉛字中平75-1,39.3885784,141.1166453
高村光太郎記念館,高村山荘,〒025-0037,39.3763989,141.029937
花巻ぶどう園風光苑,〒025-0033,岩手県花巻市諏訪316,39.3716277,141.1100747
志戸平温泉プール アクアランド PALPAL,〒025-0244,岩手県花巻市湯口字志戸平27-1,39.4173922,141.0121684
花巻広域公園,〒025-0321,岩手県花巻市金矢5-252-1,39.4314243,141.0556889
清水寺,〒025-0037,岩手県花巻市太田21-5-1,39.3704845,141.030868
花巻城鐘つき堂,"",岩手県花巻市,39.3885784,141.1166453
花巻城址,〒025-0076,岩手県花巻市城内,39.3891867,141.1196978
早池峰と賢治の展示館,〒028-3203,岩手県花巻市大迫町大迫3-161 大迫交流活性化センター敷地内,39.4664703,141.2853478
花巻市博物館,〒025-0014,岩手県花巻市高松26-8-1,39.3995035,141.1685848
円城寺門,〒025-0076,岩手県花巻市城内7-28,39.3898506,141.1221697
薄衣の滝,"",岩手県花巻市湯口字天王,39.41501179999999,141.0098077
緒ケ瀬の滝,〒025-0304,岩手県花巻市湯本,39.4505334,141.0712647
みずさわ物産センターZプラザアテルイ,〒023-0816,岩手県奥州市水沢区西町1-1,39.138482,141.1374164
奥州市埋蔵文化財調査センター,〒023-0003,岩手県奥州市水沢区佐倉河字九蔵田96-1,39.1764391,141.1352958
水沢公園,〒023-0857,岩手県奥州市水沢区中上野町1-1,39.1353324,141.1393135
胆沢城跡,〒023-0003,岩手県奥州市水沢区佐倉河字宮ノ内地内,39.1631849,141.1298108
吉小路・新小路・日高小路・大畑小路,〒023-0807,岩手県奥州市,39.1445286,141.139141
水沢公園のヒガン系桜群,〒023-0857,岩手県奥州市水沢区中上野町（水沢公園）,39.1363823,141.1403439
水沢案内所(東北本線),〒023-0813,岩手県奥州市水沢区東大通1-1,39.1370797,141.1471266
さいとう製菓,〒022-0002,岩手県大船渡市大船渡町字富沢41-12,39.071597,141.7141131
碁石海岸穴通船,〒022-0001,岩手県大船渡市末崎町字大浜,38.989973,141.7413552
夏虫のお湯っこ,〒022-0101,岩手県大船渡市三陸町越喜来字小出59-1,39.1365411,141.7789746
碁石海岸青少年キャンプ場,〒022-0001,岩手県大船渡市末崎町字大浜,38.989973,141.7413552
フレアイランド尾崎岬,〒022-0007,岩手県大船渡市赤崎町字鳥沢188-7,39.0240477,141.7397793
氷上山,〒029-2201,岩手県陸前高田市,39.0276607,141.6254946
マリンコープＤＯＲＡ,〒027-0071,岩手県宮古市小山田2-2-1,39.6321681,141.941891
みやこ浄土ヶ浜遊覧船,〒027-0001,岩手県宮古市浄土ヶ浜日立浜町３２-６９,39.6464126,141.9785128
トヨタレンタリース岩手 宮古店,〒027-0021,岩手県宮古市藤原3-7-12,39.634735,141.9621475
姉吉キャンプ場,〒027-0111,岩手県宮古市重茂姉吉,39.5807211,142.0219419
宮古港海戦説明板,〒027-0001,岩手県宮古市日立浜町 臼木山地内,39.6451812,141.9732768
潮吹穴,〒027-0096,岩手県宮古市崎秋ヶ崎第17地割古里27番,39.6414202,141.9571395
かわとく壱番館,〒020-0023,岩手県盛岡市内丸16-1,39.7037055,141.1537283
光原社,〒020-0063,岩手県盛岡市材木町2-18,39.7060715,141.1380685
岩山パークランド,〒020-0803,岩手県盛岡市新庄岩山50,39.7022764,141.1922721
原敬記念館,〒020-0866,岩手県盛岡市本宮4丁目38-25,39.6874762,141.1288616
岩手県営スケート場,〒020-0122,岩手県盛岡市みたけ5-9-1,39.7406675,141.1122642
盛岡市アイスアリーナ,〒020-0866,岩手県盛岡市本宮5丁目4-1,39.69087270000001,141.1204122
盛岡市立太田スポーツセンターキャンプ場,〒020-0053,岩手県盛岡市上太田穴口4-3,39.6896736,141.0536649
上の橋擬宝珠,〒020-0887,岩手県盛岡市上ノ橋町,39.7044362,141.160111
啄木新婚の家,〒020-0021,岩手県盛岡市中央通三丁目17-18,39.7062965,141.1414821
報恩寺五百羅漢,〒020-0016,岩手県盛岡市名須川町31-15,39.7120268,141.15595
米内光政の墓,〒020-0874,岩手県盛岡市南大通三丁目11-49,39.6925041,141.1545591
材木町よ市,〒020-0063,岩手県盛岡市材木町,39.7069019,141.1376018
志波城古代公園,〒020-0855,岩手県盛岡市上鹿妻五兵衛新田48-1,39.6808152,141.1083553
岩手県立御所湖広域公園,〒020-0055,岩手県盛岡市繋 雫石町西安庭地内（御所湖周辺）,39.6753438,141.0205437
岩手県営運動公園,〒020-0122,岩手県盛岡市みたけ1-10-1,39.7367571,141.1186777
一ノ倉邸,〒020-0126,岩手県盛岡市安倍館19-64,39.7210336,141.1240526
盛岡市中央公民館御薬園,〒020-0013,岩手県盛岡市愛宕町14-1,39.7106383,141.1624662
光台寺,〒020-0016,岩手県盛岡市名須川町8-4,39.7106575,141.1535864
桜山神社,〒020-0023,岩手県盛岡市内丸1-42,39.6998587,141.150687
大慈寺,〒020-0828,岩手県盛岡市大慈寺町5-6,39.6937485,141.1577004
東顕寺,〒020-0016,岩手県盛岡市名須川町2-1,39.7087855,141.1541586
龍谷寺,〒020-0016,岩手県盛岡市名須川町7-2,39.71075750000001,141.1546863
志波城跡,〒020-0855,岩手県盛岡市上鹿妻五兵衛新田48-1,39.6808152,141.1083553
岩手大学ミュージアム,〒020-0066,岩手県盛岡市上田三丁目18-8,39.714304,141.1391987
ベアレン醸造所,〒020-0061,岩手県盛岡市北山一丁目3-31,39.7142376,141.1545223
盛岡市中央卸売市場,〒020-8567,岩手県盛岡市羽場10-100,39.6516859,141.1297131
もりおか歴史文化館,〒020-0023,岩手県盛岡市内丸1番50号,39.701053,141.1525757
遺跡の学び館,〒020-0866,岩手県盛岡市本宮字荒屋13-1,39.6920534,141.1285559
岩手県公会堂,〒020-0023,岩手県盛岡市内丸11-2,39.7032139,141.1535172
マリオス展望室,〒020-0045,岩手県盛岡市盛岡駅西通2-9-1 マリオス最上階,39.7026938,141.1305609
いーはとーぶアベニュー材木町,"",岩手県盛岡市材木町,39.7069019,141.1376018
石割桜,〒020-0023,岩手県盛岡市内丸9-1 盛岡地方裁判所敷地内,39.702053,141.1544838
米内のしだれ桜群,〒020-0001,岩手県盛岡市上米内字中居49番 米内浄水場内,39.7447792,141.2016839
高松公園の桜,〒020-0114,岩手県盛岡市高松1丁目26-1,39.72256429999999,141.1434009
雫石川,〒020-0001,岩手県盛岡市（雫石町）,39.702053,141.1544838
室根山,〒029-1111,岩手県一関市千厩町/大東町/室根町,no,no
角塚古墳,〒023-0401,岩手県奥州市胆沢区南都田字塚田,39.1392889,141.0896595
錦秋湖温泉,〒029-5513,岩手県和賀郡西和賀町耳取,39.2961632,140.8359153
岩手公園ホタルの里,〒020-0023,岩手県盛岡市内丸 岩手公園梅林下,39.702053,141.1544838
民宿 海楽荘,〒022-0001,岩手県大船渡市末崎町字大浜39,38.9885259,141.7397914
民宿 碁石丸,〒022-0001,岩手県大船渡市末崎町字泊里137-1,38.9894037,141.73595
彩雲荘,〒028-7302,岩手県岩手郡松尾村寄木北の又,39.947569,141.3054825
折爪岳山頂展望台,〒028-6103,岩手県二戸市福岡折詰地内,40.2767401,141.2994587
穴ゆっこ,〒029-5513,岩手県和賀郡湯田町耳取49-2-137,no,no
上の橋,〒020-0887,岩手県盛岡市上の橋,39.7044362,141.160111
割烹旅館 廣美亭,〒025-0304,岩手県花巻市湯本1-88-1,39.4516111,141.0724035
岩手銀行中ノ橋支店,〒020-0871,岩手県盛岡市中ノ橋通り1-2-20,39.69717079999999,141.161438
湯田温泉峡,〒029-5511,岩手県和賀郡湯田町40-53,39.3470813,140.770458
奥中山高原センターハウス,〒028-5133,岩手県二戸郡一戸町奥中山字西田子662-1,40.08222050000001,141.1898667
もみじ交遊舎,〒028-5313,岩手県二戸郡一戸町鳥越字宮古沢21番地1,40.2432409,141.2833752
御所野縄文公園,〒028-5316,岩手県二戸郡一戸町岩舘字御所野2,40.1973353,141.3102563
高森高原キャンプ場,〒028-5302,岩手県二戸郡一戸町女鹿字新田,40.1288194,141.2452195
根反の大珪化木,〒028-5315,岩手県二戸郡一戸町根反,40.1910199,141.3288876
浪打峠の交叉層,〒028-5312,岩手県二戸郡一戸町一戸字大越田,40.22915380000001,141.2908806
銚子の口,〒028-5301,岩手県二戸郡一戸町,40.213011,141.2954748
高森高原,〒028-5302,岩手県二戸郡一戸町女鹿,40.1830947,141.2891677
綿帽子温泉館あずみの湯,〒028-7557,岩手県八幡平市細野436-1,40.0249162,140.9801091
草ノ湯温泉,〒028-7111,岩手県八幡平市八幡平国有林地内,39.9263614,141.0953354
安比温泉,〒028-7111,岩手県八幡平市安比岳国有林内,39.9263614,141.0953354
八幡平市博物館,〒028-7533,岩手県八幡平市叺田230,40.1032287,141.0523765
桜松神社,〒028-7542,岩手県八幡平市高畑,40.0860973,141.0475387
だんぶり長者泉の酒湧出の地,〒028-7652,岩手県八幡平市長者前,40.1696237,140.9631213
鹿角街道の一里塚,〒028-7664,岩手県八幡平市,39.9263614,141.0953354
殿坂の石碑,〒028-7676,岩手県八幡平市沢口,40.1450458,140.9559755
ブナの二次林,〒028-7557,岩手県八幡平市国有林内,39.9263614,141.0953354
天狗森の夏氷山風穴,〒028-7111,岩手県八幡平市天狗森国有林,39.9263614,141.0953354
モルデン沸石,〒028-7554,岩手県八幡平市黒沢,40.0418788,140.993191
蟇沼,〒028-7111,岩手県八幡平市,39.9263614,141.0953354
八幡沼,〒028-7111,岩手県八幡平市,39.9263614,141.0953354
中のまきば・奥のまきば,〒028-7557,岩手県八幡平市安比高原,40.00384590000001,140.9808543
田代平高原,〒028-7515,岩手県八幡平市,39.9263614,141.0953354
滴生舎,〒028-6941,岩手県二戸市浄法寺町御山字中前田23-6,40.1973233,141.1794677
浄法寺歴史民俗資料館,〒028-6942,岩手県二戸市浄法寺町字御山久保35,40.1958874,141.1844062
稲庭キャンプ場,〒028-6855,岩手県二戸市山内,40.1492547,141.0839948
八葉山天台寺,〒028-6942,岩手県二戸市浄法寺町字御山久保33-1,40.1983454,141.1864948
安比川,〒028-6977,岩手県二戸市,40.2712133,141.3048166
ひろのまきば天文台,〒028-8802,岩手県九戸郡洋野町大野66-8-142,40.2862999,141.6628907
戸井良沢水芭蕉公園,〒028-6612,岩手県九戸郡九戸村戸田,40.1618838,141.4292691
九戸村森林公園,〒028-6501,岩手県九戸郡九戸村荒谷,40.1947352,141.4222995
九戸神社,〒028-6504,岩手県九戸郡九戸村長興寺1-10,40.2222598,141.4054363
九戸政實公の首塚,〒028-6503,岩手県九戸郡九戸村小倉,40.21547169999999,141.4138607
ふるさと創造館,〒028-6502,岩手県九戸郡九戸村伊保内18-91-3,40.2061534,141.4228435
しだれ栗,〒028-6505,岩手県九戸郡九戸村江刺家,40.2536066,141.4109095
千本松,〒028-6504,岩手県九戸郡九戸村長興寺,40.2284985,141.4177044
公孫樹,〒028-6504,岩手県九戸郡九戸村長興寺,40.2284985,141.4177044
桂藤,〒028-6501,岩手県九戸郡九戸村荒谷,40.1947352,141.4222995
折爪五滝,〒028-6505,岩手県九戸郡九戸村江刺家,40.2536066,141.4109095
岩手洋野ゴルフクラブ,〒028-8805,岩手県九戸郡洋野町水沢第11地割19-13,40.2215077,141.6744222
久慈平岳キャンプ場,〒028-8801,岩手県九戸郡洋野町上館地内,40.3259545,141.6068883
内間木キャンプ場,〒028-8712,岩手県久慈市大字小国16-100-15,40.091476,141.6288234
平庭高原キャンプ場,〒028-0001,岩手県久慈市大字霜畑,40.0939663,141.594415
平庭高原のレンゲツツジ,〒028-8713,岩手県久慈市山形村・葛巻町,40.1905242,141.7755826
アジア民族造形館,〒028-8201,岩手県九戸郡野田村日形井6-63-2,40.1102662,141.8176683
玉川野営場,〒028-8202,岩手県九戸郡野田村玉川地内,40.0810506,141.8257692
海蔵院,〒028-8201,岩手県九戸郡野田村大字野田門前小路,40.1102662,141.8176683
愛宕参道広場,〒028-8201,岩手県九戸郡野田村大字野田（愛宕町地区）,40.1102662,141.8176683
十府ヶ浦海岸,〒028-8201,岩手県九戸郡野田村,40.1102662,141.8176683
たねいち産直ふれあい広場,〒028-7912,岩手県九戸郡洋野町種市32-95-1,40.4193819,141.6990529
大谷温泉,〒028-7916,岩手県九戸郡洋野町74-137-14,40.3571886,141.6619598
大和の丘森林公園,〒028-7916,岩手県九戸郡洋野町種市71-61-1,40.3585316,141.6211635
南部もぐり,〒028-7912,岩手県九戸郡洋野町種市,40.4105699,141.7169064
岡谷稲荷神社,〒028-7902,岩手県九戸郡洋野町岡谷,40.2842629,141.6248331
江戸ヶ浜,〒028-7915,岩手県九戸郡洋野町種市,40.4105699,141.7169064
瀧澤大滝,〒028-7917,岩手県九戸郡洋野町滝沢,40.2842629,141.6248331
中野白滝,〒028-7906,岩手県九戸郡洋野町中野,40.3035955,141.7726049
軽米町物産交流館,〒028-6302,岩手県九戸郡軽米町大字軽米8-118,40.3258791,141.4647157
軽米町歴史民俗資料館,〒028-6302,岩手県九戸郡軽米町軽米9-53-1,40.3209572,141.4573165
ニュー軽米カントリークラブ,〒028-6413,岩手県九戸郡軽米町大字円子2-4-1,40.2876287,141.4846373
雪谷川ダムフォリストパーク・軽米  キャンプ場,〒028-6411,岩手県九戸郡軽米町小軽米20-3-1,40.2881296,141.5165094
ミレットパーク キャンプ場,〒028-6222,岩手県九戸郡軽米町山内33-53-1,40.2825912,141.3840114
軽米町ハートフル・スポーツランド,〒028-6302,岩手県九戸郡軽米町軽米1-160-1,40.3122473,141.462358
雪谷川ダムフォリストパーク・軽米,〒028-6411,岩手県九戸郡軽米町大字小軽米20-3-1,40.2881296,141.5165094
軽米町えぞと大自然のロマンの森（歴史と民話の館）,〒028-6302,岩手県九戸郡軽米町軽米9-53-1,40.3209572,141.4573165
徳楽寺,〒028-6302,岩手県九戸郡軽米町大字軽米4-1,40.3210604,141.469896
軽米八幡宮,〒028-6302,岩手県九戸郡軽米町軽米8-172-1,40.3262956,141.4625187
薬師塗漆工芸館,〒028-2304,岩手県宮古市箱石5-22-1,39.6120687,141.6305838
西塔幸子記念館,〒028-2421,岩手県宮古市江繁9-43,39.6414202,141.9571395
宮古市北上山地民俗資料館,〒028-2302,岩手県宮古市川井2-187-1,39.6001799,141.6801913
タイマグラキャンプ場,〒028-2301,岩手県宮古市江繁,39.6414202,141.9571395
区界高原ウォーキングセンター,〒028-2631,岩手県宮古市門馬田代2-111-54,no,no
判官神社,〒028-2304,岩手県宮古市箱石,39.61709,141.625848
木の博物館,"",岩手県宮古市,39.6414202,141.9571395
ダケカンバ,〒028-2301,岩手県宮古市,39.6414202,141.9571395
スズラン,〒028-2301,岩手県宮古市,39.6414202,141.9571395
薬師川渓流,〒028-2301,岩手県宮古市,39.6414202,141.9571395
閉伊川渓流,〒028-2301,岩手県宮古市,39.6414202,141.9571395
区界高原,〒028-2301,岩手県宮古市,39.6414202,141.9571395
和井内ふるさと会館,〒028-2105,岩手県宮古市和井内17-64-2,39.68542679999999,141.7161182
宮古市新里生涯学習センター「玄翁館」,〒028-2101,岩手県宮古市茂市5-2,39.6165479,141.799748
閉伊川オートキャンプ場,〒028-2101,岩手県宮古市茂市8-53,39.6162526,141.7937361
牧庵鞭牛和尚の碑,〒028-2101,岩手県宮古市茂市,39.6218437,141.7981854
源兵衛平,〒028-2104,岩手県宮古市刈屋,39.6435465,141.75836
ふだいのアンテナショップ,〒028-8332,岩手県下閉伊郡普代村第９地割字銅や５番地３,40.0028701,141.8858693
ネダリ浜,〒028-8353,岩手県下閉伊郡普代村黒崎,40.0103355,141.9319952
普代浜園地海水浴場,〒028-8301,岩手県下閉伊郡普代村,40.0051671,141.8859081
北山崎自然遊歩道,〒028-8301,岩手県下閉伊郡普代村,40.0051671,141.8859081
黒崎園地オートキャンプ場,〒028-8353,岩手県下閉伊郡普代村黒崎園地,no,no
黒崎園地キャンプ場,〒028-8353,岩手県下閉伊郡普代村黒崎園地,no,no
緑の村キャンプ場,〒028-8323,岩手県下閉伊郡普代村鳥居,40.0127458,141.8549301
北緯40度運動公園,〒028-8311,岩手県下閉伊郡普代村白井,40.0363131,141.8763886
自然休養村緑の村,〒028-8323,岩手県下閉伊郡普代村鳥居,40.0127458,141.8549301
鵜鳥神社,〒028-8323,岩手県下閉伊郡普代村鳥居,40.0127458,141.8549301
アンモ浦展望台,〒028-8353,岩手県下閉伊郡普代村黒崎,40.0103355,141.9319952
ハマユリ,〒028-8301,岩手県下閉伊郡普代村浜園地,40.0051671,141.8859081
月見草,〒028-8301,岩手県下閉伊郡普代村浜園地,40.0051671,141.8859081
ハマギク,〒028-8300,岩手県下閉伊郡普代村浜園地,40.0051671,141.8859081
ムラサキギリの花,〒028-8353,岩手県下閉伊郡普代村黒崎,40.0103355,141.9319952
ツツジ,〒028-8301,岩手県下閉伊郡普代村,40.0051671,141.8859081
黒崎,〒028-8353,岩手県下閉伊郡普代村黒崎,40.0103355,141.9319952
力持海岸,〒028-8301,岩手県下閉伊郡普代村,40.0051671,141.8859081
太田名部海岸,〒028-8345,岩手県下閉伊郡普代村太田名部,40.00908949999999,141.9038315
普代案内所,〒028-8300,岩手県下閉伊郡普代村９字銅屋５-３ 三陸鉄道普代駅内,40.0051671,141.8859081
切牛弥五兵衛の墓所,〒028-8405,岩手県下閉伊郡田野畑村切牛,39.8965225,141.9435246
田野畑太助の墓所,〒028-8407,岩手県下閉伊郡田野畑村田野畑,39.9318196,141.8941176
百姓一揆顕彰碑,〒028-8407,岩手県下閉伊郡田野畑村田野畑,39.9318196,141.8941176
田野畑太助の生家,〒028-8407,岩手県下閉伊郡田野畑村田野畑,39.9318196,141.8941176
切牛弥五兵衛生家跡,〒028-8405,岩手県下閉伊郡田野畑村切牛,39.8965225,141.9435246
思惟大橋コミュニティ公園,〒028-8407,岩手県下閉伊郡田野畑村菅窪,39.9239068,141.8999976
戊辰の役石浜古戦場,〒028-8403,岩手県下閉伊郡田野畑村明戸,39.947652,141.9367049
南部藩鉄山たたら跡,〒028-8407,岩手県下閉伊郡田野畑村鉄山,39.9304501,141.8888682
三閉伊一揆最初の集合地,〒028-8402,岩手県下閉伊郡田野畑村池名,39.9304501,141.8888682
思案坂大橋,〒028-8405,岩手県下閉伊郡田野畑村真木沢,39.8750664,141.9305959
ハマボウフウ,〒028-8403,岩手県下閉伊郡田野畑村明戸,39.947652,141.9367049
ハマナス,〒028-8405,岩手県下閉伊郡田野畑村真木沢,39.8750664,141.9305959
ハマエンドウ,〒028-8405,岩手県下閉伊郡田野畑村真木沢,39.8750664,141.9305959
北山崎のシロバナシャクナゲ,〒028-8402,岩手県下閉伊郡田野畑村北山崎,39.9801742,141.9535086
イワタバコ,〒028-8405,岩手県下閉伊郡田野畑村真木沢,39.8750664,141.9305959
ハマヒルガオ,〒028-8405,岩手県下閉伊郡田野畑村真木沢,39.8750664,141.9305959
ハマギク,〒028-8405,岩手県下閉伊郡田野畑村真木沢〜北山,39.8750664,141.9305959
弁天島,〒028-8401,岩手県下閉伊郡田野畑村,39.9304501,141.8888682
ひらなめ海岸,〒028-8403,岩手県下閉伊郡田野畑村羅賀・明戸,39.9339535,141.9372106
槙木沢渓谷,〒028-8405,岩手県下閉伊郡田野畑村真木沢,39.8750664,141.9305959
田野畑村総合案内所,〒028-8402,岩手県下閉伊郡田野畑村北山129-10 北山崎ビジターセンター内,39.9790298,141.9518588
モシ竜ロマン・クルーズ,"",岩手県下閉伊郡岩泉町小本,39.8440322,141.9688109
ふるさと体験工房,〒027-0502,岩手県下閉伊郡岩泉町乙茂字乙茂76,39.8417276,141.8631532
自然体感の郷ハイマートまつはし,〒028-2311,岩手県下閉伊郡岩泉町二升石字日蔭,39.8453119,141.7195186
ふれあいらんど岩泉,〒027-0502,岩手県下閉伊郡岩泉町乙茂字大向,39.84073619999999,141.8662697
龍泉洞青少年旅行村,〒027-0501,岩手県下閉伊郡岩泉町岩泉字神成,39.8617537,141.7935418
御殿崎自然休養林,〒027-0421,岩手県下閉伊郡岩泉町小本字大牛内,39.8440322,141.9688109
加茂神社,〒027-0424,岩手県下閉伊郡岩泉町袰野字赤鹿,39.8411507,141.9119183
熊の鼻展望台,〒027-0421,岩手県下閉伊郡岩泉町小本,39.8440322,141.9688109
安家川,"",岩手県下閉伊郡岩泉町安家/野田村,39.9868874,141.7308441
清水川,〒027-0501,岩手県下閉伊郡岩泉町岩泉,39.8459695,141.7922675
宇霊羅山,〒027-0501,岩手県下閉伊郡岩泉町岩泉,39.8459695,141.7922675
県立陸中海岸青少年の家,〒028-1371,岩手県下閉伊郡山田町船越2-42,39.40291879999999,141.9494603
鯨と海の科学館 ※震災のため休館中,〒028-1371,岩手県下閉伊郡山田町船越7-50-1,39.4367743,141.9757854
絆船クルーズ,〒028-1392,岩手県下閉伊郡山田町,39.467662,141.9489501
マリン・ツーリズム山田,〒028-1392,岩手県下閉伊郡山田町,39.467662,141.9489501
浦の浜海水浴場 ※震災の影響で現在利用できません。,〒028-1371,岩手県下閉伊郡山田町船越,39.4325969,141.9729578
オランダ島海水浴場 ※震災の影響で現在利用できません。,〒028-1321,岩手県下閉伊郡山田町・山田湾,39.866667,141.783333
荒神海水浴場 ※震災の影響で現在利用できません。,〒028-1371,岩手県下閉伊郡山田町船越,39.4325969,141.9729578
船越家族旅行村オートキャンプ場・ケビンハウス,〒028-1371,岩手県下閉伊郡山田町船越９-２６６-２,39.4381519,141.9851403
船越家族旅行村,〒028-1301,岩手県下閉伊郡山田町,39.467662,141.9489501
オランダ島,〒028-1352,岩手県下閉伊郡山田町飯岡,39.4607932,141.9428259
臥竜梅,〒028-1311,岩手県下閉伊郡山田町大沢,39.4835387,141.9752862
山田湾,〒028-1301,岩手県下閉伊郡山田町,39.467662,141.9489501
船越半島,〒028-1301,岩手県下閉伊郡山田町,39.467662,141.9489501
鯨山,〒028-1321,岩手県下閉伊郡山田町/大槌町,no,no
霞露ヶ岳,〒028-1301,岩手県下閉伊郡山田町,39.467662,141.9489501
小田代冷泉,〒027-0342,岩手県宮古市田老字小田代16,39.72067930000001,141.9300654
真崎海岸海水浴場,〒027-0311,岩手県宮古市田老字和野,39.7488325,141.9780133
真崎遊歩道,〒027-0311,岩手県宮古市,39.6414202,141.9571395
三王遊歩道,〒027-0322,岩手県宮古市田老字青砂里,39.7364004,141.9780829
沼の浜キャンプ場,〒027-0300,岩手県宮古市田老 真崎海岸,39.7361282,141.9699781
津波記念碑,〒027-0300,岩手県宮古市田老字田の沢,39.7367031,141.9647952
常運寺,〒027-0301,岩手県宮古市田老字館が森140,39.7369503,141.9679088
原下展望台,〒027-0311,岩手県宮古市田老字和野 真崎海岸,39.7488325,141.9780133
駒止桜,〒027-0333,岩手県宮古市田老古田,39.7248379,141.9632012
唐傘松,〒027-0361,岩手県宮古市田老小堀内,39.7825867,141.9589916
ハマナス,〒027-0300,岩手県宮古市田老栃内浜,39.7361282,141.9699781
真崎海岸,〒027-0311,岩手県宮古市田老字和野,39.7488325,141.9780133
佐賀部,〒027-0300,岩手県宮古市田老,39.7361282,141.9699781
青野滝,〒027-0375,岩手県宮古市,39.6414202,141.9571395
明神岳飛山,〒027-0300,岩手県宮古市,39.6414202,141.9571395
稲荷穴施設,〒028-0305,岩手県遠野市宮守町達曽部54-57,39.3890026,141.3450392
寺沢高原,〒028-0301,岩手県遠野市宮守町上宮守,39.3680456,141.3974916
大槌湾,〒028-1101,岩手県上閉伊郡大槌町,39.358231,141.8994216
吉里吉里善兵衛の墓,〒028-1101,岩手県上閉伊郡大槌町吉里吉里,39.3699975,141.9412898
大念寺,〒028-1115,岩手県上閉伊郡大槌町上町1-8,39.3588254,141.8988494
江岸寺,〒028-1117,岩手県上閉伊郡大槌町末広町10-11,39.3600198,141.9035795
小鎚神社,〒028-1115,岩手県上閉伊郡大槌町上町2-16,39.3580726,141.8973413
大槌稲荷神社,〒028-1105,岩手県上閉伊郡大槌町安渡2-8-1,39.3597536,141.9179475
天照御祖神社,〒028-1101,岩手県上閉伊郡大槌町吉里吉里,39.3699975,141.9412898
宮ノ口判官堂,〒028-1101,岩手県上閉伊郡大槌町宮ノ口,39.358231,141.8994216
蓮乘寺,〒028-1117,岩手県上閉伊郡大槌町末広町7-14,39.3625945,141.9025546
吉祥寺,〒028-1101,岩手県上閉伊郡大槌町吉里吉里4-4-7,39.3731914,141.9365124
金沢山大勝院,〒028-1133,岩手県上閉伊郡大槌町金沢28-54,39.4408537,141.809594
大槌城跡,〒028-1101,岩手県上閉伊郡大槌町城山,39.3612055,141.8953136
崎山弁天遺跡,〒028-1101,岩手県上閉伊郡大槌町吉里吉里,39.3699975,141.9412898
碇川砲台跡,〒028-1101,岩手県上閉伊郡大槌町浪板,39.3850276,141.9353869
レンゲツツジ,〒028-1101,岩手県上閉伊郡大槌町新山,39.358231,141.8994216
蓬莱島,〒028-1102,岩手県上閉伊郡大槌町,39.358231,141.8994216
浪板不動滝,〒028-1101,岩手県上閉伊郡大槌町浪板,39.3850276,141.9353869
高滝,〒028-1133,岩手県上閉伊郡大槌町金沢,39.4437061,141.806172
新山高原,〒028-1121,岩手県上閉伊郡大槌町小鎚,39.3564115,141.8908003
越喜来浪板海水浴場,〒022-0101,岩手県大船渡市三陸町越喜来字浪板,39.1153977,141.8204294
綾里海水浴場,〒022-0211,岩手県大船渡市三陸町綾里,39.0461302,141.7952265
吉浜海水浴場,〒022-0101,岩手県大船渡市三陸町吉浜,39.1500079,141.8362625
大窪山森林公園,〒022-0102,岩手県大船渡市三陸町吉浜字平根,39.1699975,141.7567311
龍昌寺聖観音,〒022-0101,岩手県大船渡市三陸町越喜来字甫嶺64,39.0929193,141.8017544
宮野貝塚,〒022-0211,岩手県大船渡市三陸町綾里,39.0461302,141.7952265
不動滝,〒022-0211,岩手県大船渡市三陸町綾里,39.0461302,141.7952265
夏虫山高原,〒022-0101,岩手県大船渡市三陸町越喜来,39.1048911,141.8612645
種山ヶ原森林公園,〒029-2311,岩手県気仙郡住田町世田米字子飼沢30-193 遊林ランド種山,39.1812698,141.398025
種山ケ原,〒029-2311,岩手県気仙郡住田町世田米,39.1403995,141.5790692
五葉山,〒029-2300,岩手県気仙郡住田町・大船渡市・釜石市の境界,39.1419021,141.5760278
一関市立川崎公民館（生涯学習ステーション）,〒029-0202,岩手県一関市川崎町薄衣字諏訪前7-1,38.9015455,141.2641668
川崎石蔵山林間広場,〒029-0201,岩手県一関市川崎町門崎字石蔵地内,38.9314316,141.2613829
川崎農山村広場,〒029-0202,岩手県一関市川崎町薄衣字町裏地内,38.9013067,141.2661361
千石河川公園,〒029-0202,岩手県一関市川崎町薄衣字千石地内,38.9013067,141.2661361
川崎水辺プラザ,〒029-0202,岩手県一関市川崎町薄衣（北上川堤防）,38.9013067,141.2661361
建長の碑,〒029-0201,岩手県一関市川崎町門崎字石蔵地内,38.9314316,141.2613829
河崎の柵跡,〒029-0201,岩手県一関市川崎町門崎字川崎地内,38.9314316,141.2613829
薄衣城跡,〒029-0202,岩手県一関市川崎町薄衣字古舘地内,38.9013067,141.2661361
薄衣の笠松,〒029-0202,岩手県一関市川崎町薄衣字柏木地内,38.9013067,141.2661361
布佐窟,〒029-0201,岩手県一関市川崎町門崎字石蔵地内,38.9314316,141.2613829
ふるさと自然公園センター,〒029-1201,岩手県一関市室根町折壁字室根山1-177,38.9743674,141.4503497
室根山自然研究路,〒029-1201,岩手県一関市室根町折壁,38.9385558,141.4502906
望洋平キャンプ場,〒029-1201,岩手県一関市室根町折壁字室根山,38.9718982,141.4480722
室根山国民休養地,〒029-1201,岩手県一関市室根町/千厩町/大東町,38.9346819,141.1268004
きらら室根山天文台,〒029-1201,岩手県一関市室根町折壁字室根山,38.9718982,141.4480722
三十三観音,〒029-1201,岩手県一関市室根町折壁字室根山,38.9718982,141.4480722
本尊聖観音立像,〒029-1201,岩手県一関市室根町折壁字向山,38.9356778,141.4402444
室根高原県立自然公園,〒029-0711,岩手県一関市大東町、千厩町、室根町,38.9346819,141.1268004
蟻塚公園,〒029-1201,岩手県一関市室根町折壁字上山,38.9468182,141.4447017
室根神社,〒029-1201,岩手県一関市室根町折壁字室根山,38.9718982,141.4480722
室根山参道,〒029-1201,岩手県一関市室根町折壁字室根山,38.9718982,141.4480722
室根山展望台,〒029-1201,岩手県一関市室根町折壁字室根山,38.9718982,141.4480722
室根山のツツジ,〒029-1201,岩手県一関市室根町折壁字室根山,38.9718982,141.4480722
姫滝,〒029-1201,岩手県一関市室根町折壁字室根山,38.9718982,141.4480722
室根高原,〒029-1201,岩手県一関市室根町折壁室根山,38.9718982,141.4480722
唐梅館山環境保全林遊歩道,〒029-0302,岩手県一関市東山町長坂,38.9914826,141.2509477
唐梅館総合公園,〒029-0302,岩手県一関市東山町長坂字西本町212-1,38.9992289,141.250478
菅公夫人の墓,〒029-0301,岩手県一関市東山町田河津竹沢,39.0297746,141.232101
宮沢賢治の碑,〒029-0302,岩手県一関市東山町長坂西本町（新山公園内）,38.9346819,141.1268004
二十五菩薩堂,〒029-0303,岩手県一関市東山町松川字町裏ノ上,38.9579117,141.2556375
猊鼻渓の藤,〒029-0302,岩手県一関市長坂字町467,38.9893107,141.2553751
熊谷美術館,〒029-0803,岩手県一関市千厩町千厩字町143番地,38.9192852,141.3348039
千厩アイスアリーナ,〒029-0803,岩手県一関市千厩町千厩字上駒場360番地14 千厩アイスアリーナ,38.9246984,141.3604649
黄金山キャンプ場,〒029-0802,岩手県一関市千厩町小梨字新地地内,38.9020714,141.3818654
飛ケ森キャンプ場,〒029-1111,岩手県一関市千厩町奥玉字飛ケ森11-80,38.9696173,141.4269186
菅秀才精霊塔,〒029-0804,岩手県一関市千厩町磐清水字松森15番地,38.9300252,141.3167383
飛ケ森森林公園,〒029-1111,岩手県一関市千厩町奥玉字飛ヶ森11-183,38.9696173,141.4269186
大光寺薬師堂,〒029-0803,岩手県一関市千厩町千厩字宮敷89番地,38.9219765,141.3359648
観音堂,〒029-1111,岩手県一関市千厩町奥玉字林沢地内,38.9580451,141.3759015
舘山公園,〒029-0803,岩手県一関市千厩町千厩館山地内,38.9181298,141.3322348
千厩酒のくら交流施設（旧横屋酒造・佐藤家住宅）,〒029-0803,岩手県一関市千厩町千厩字北方134番地,38.919899,141.3327596
館ケ森ファームマーケット,〒029-3311,岩手県一関市藤沢町黄海字衣井沢山9-18,38.8175754,141.273933
陶芸センター,〒029-3311,岩手県一関市藤沢町黄海字東深萱192-6,38.84579,141.3208364
大籠キリシタン資料館,〒029-3522,岩手県一関市藤沢町大籠字右名沢28-7,38.7935516,141.4042064
ニコニコパーク,〒029-3404,岩手県一関市藤沢町徳田字大望沢,38.8575265,141.3604411
保呂羽山神社,〒029-3521,岩手県一関市藤沢町保呂羽,38.8456779,141.3755095
大籠キリシタン史跡,〒029-3522,岩手県一関市藤沢町大籠,38.7873525,141.4080701
ガンボクエゴノキ,〒029-3522,岩手県一関市藤沢町大篭沢内11,38.9346819,141.1268004
保呂羽山,〒029-3521,岩手県一関市藤沢町保呂羽,38.8456779,141.3755095
芦東山記念館,〒029-0521,岩手県一関市大東町渋民字伊勢堂71-17,39.0203654,141.3450208
アストロ・ロマン大東,〒029-0711,岩手県一関市大東町大原字山口51-137,38.9881493,141.4569737
観福寺,〒029-0431,岩手県一関市大東町猿沢,39.03603409999999,141.2950588
曽慶熊野神社,〒029-0522,岩手県一関市大東町曽慶,38.9902414,141.3775694
興田神社,〒029-0602,岩手県一関市大東町鳥海小山41,39.0498818,141.3670402
東川院,〒029-0521,岩手県一関市大東町渋民小林35,39.0194349,141.3431294
摺沢八幡神社,〒029-0523,岩手県一関市大東町摺沢,38.9941713,141.328821
箒榧,〒029-0431,岩手県一関市大東町猿沢,39.03603409999999,141.2950588
滑岩渓流,〒029-0711,岩手県一関市大東町大原,39.0167251,141.4012996
小黒滝,〒029-0602,岩手県一関市大東町鳥海,39.0498818,141.3670402
蓬莱山,〒029-0602,岩手県一関市大東町鳥海,39.0498818,141.3670402
大文字キャンプ場,〒029-4101,岩手県西磐井郡平泉町長島字山田地内,38.9949511,141.1431275
木工芸館「遊鵬」,〒029-4101,岩手県西磐井郡平泉町長島字深山95-741,39.0035366,141.1547597
束稲山のツツジ,〒029-4101,岩手県西磐井郡平泉町/奥州市前沢区/一関市東山町,38.9866623,141.1138219
毛越寺のアヤメ,〒029-4102,岩手県西磐井郡平泉町平泉字大沢58,38.9871398,141.108864
束稲山,〒029-4102,岩手県西磐井郡平泉町/奥州市前沢区／一関市東山町,38.9866623,141.1138219
南岩手カントリークラブ,〒029-3102,岩手県一関市花泉町金沢字鹿伏14-2,38.8737703,141.1465949
総合運動公園キャンプ場,〒029-3205,岩手県一関市花泉町花泉字伊勢沢22,38.8347174,141.1682757
花と泉の公園「れいなｄｅふろーれす」,〒029-3103,岩手県一関市花泉町老松字宮沢159番地1,38.8241035,141.2203037
国見平温泉 はごろもの湯,〒029-4305,岩手県奥州市衣川区長袋230-5,39.0794757,140.9987401
黒滝温泉 のぞみの湯,〒029-4491,岩手県奥州市衣川区上立沢112,39.009114,140.9802892
歴史ふれあい館,〒029-4421,岩手県奥州市衣川区日向60-18,39.0176807,141.1092598
みちのく古都カントリークラブ,〒029-4475,岩手県奥州市衣川区中山87-5,39.0098649,141.0133584
衣川ふるさと自然塾,〒029-4387,岩手県奥州市衣川区下大森109-3,39.04477730000001,141.0109268
とうほくニュージーランド村庭園,〒029-4421,岩手県奥州市衣川区日向59,39.0361417,141.0864
和我叡登挙神社・月山権現社,〒029-4452,岩手県奥州市衣川区川西,39.0139915,141.0886856
雲際寺,〒029-4401,岩手県奥州市衣川区張山60,39.0291869,141.0836896
接待館跡,〒029-4443,岩手県奥州市,39.1445286,141.139141
安倍館跡,〒029-4384,岩手県奥州市衣川区石神,39.0411623,141.0528446
菊の滝,〒029-4317,岩手県奥州市,39.1445286,141.139141
衣の滝,〒029-4462,岩手県奥州市衣川区増沢,39.0912228,140.9331983
国見山,〒029-4462,岩手県奥州市衣川区長塚,39.0523251,140.9686053
瑞月（前すぱおあご）,〒023-0403,岩手県奥州市胆沢区若柳字堰袋8-1,39.1288124,141.0056369
胆沢郷土資料館,〒023-0401,岩手県奥州市胆沢区南都田字加賀谷地1-1,39.1194961,141.069573
つぶ沼キャンプ場,〒023-0403,岩手県奥州市胆沢区若柳字谷子沢1-106,39.12598699999999,140.9868997
於呂閇志胆沢川神社,〒023-0403,岩手県奥州市胆沢区若柳字下堰袋,39.1299187,141.0304401
ユキツバキ,〒023-0001,岩手県奥州市胆沢区若柳,39.12598699999999,140.9868997
胆沢川渓谷,〒023-0403,岩手県奥州市胆沢区若柳,39.12598699999999,140.9868997
つぶ沼,〒023-0403,岩手県奥州市胆沢区若柳字谷子字1-606,39.12598699999999,140.9868997
肉のちだきゅうアスティ店,〒029-4211,岩手県奥州市前沢区駅東2-8-1,39.0497775,141.1294009
前沢温泉「舞鶴の湯」,〒029-4205,岩手県奥州市前沢区字徳沢1番地45,39.0300459,141.1086455
三沢初子の釈迦像,〒029-4208,岩手県奥州市前沢区字山下181 久成寺内,39.0488857,141.123046
高野長英母堂の墓,〒029-4208,岩手県奥州市前沢区字山下72番地霊桃寺内,39.0488857,141.123046
お物見公園,〒029-4206,岩手県奥州市前沢区陣場,39.050952,141.1183241
西岩寺,〒029-4207,岩手県奥州市前沢区字下小路84番地,39.0430058,141.1195105
霊桃寺,〒029-4208,岩手県奥州市前沢区字山下72番地,39.052638,141.1204571
白鳥舘遺跡,〒029-4205,岩手県奥州市前沢区字白鳥舘,39.0235114,141.135074
明後沢古瓦出土地,〒029-4201,岩手県奥州市前沢区古城字明後沢,39.0844294,141.1323462
経塚山のつつじ,〒029-4203,岩手県奥州市前沢区生母字二子,39.0234762,141.1654909
お物見公園の桜,〒029-4206,岩手県奥州市前沢区陣場,39.050952,141.1183241
みちのく城址温泉 萌えの湯,〒029-4505,岩手県胆沢郡金ケ崎町永栄上宿26番地3,39.1764603,141.0899223
永岡温泉 夢の湯,〒029-4504,岩手県胆沢郡金ケ崎町永沢石持沢6-284,39.1736108,141.0267047
千貫石温泉 湯元東館,〒029-4503,岩手県胆沢郡金ケ崎町西根二枚橋5-1,39.227124,141.011587
岩手県立県南青少年の家,〒029-4504,岩手県胆沢郡金ケ崎町永沢下舘49-1,39.1742465,141.0843339
岩手県立花きセンター,〒029-4501,岩手県胆沢郡金ケ崎町六原頭無2-1,39.2347408,141.0434373
桑島重三郎記念館,〒029-4501,岩手県胆沢郡金ケ崎町六原下小路23-3,39.2427211,141.0658855
金ヶ崎ゴルフコース,〒029-4504,岩手県胆沢郡金ケ崎町永沢,39.1770569,141.0717984
千貫石森林公園キャンプ場,〒029-4503,岩手県胆沢郡金ケ崎町西根後千貫石15-1,39.22676,141.0080346
森山総合公園,〒029-4503,岩手県胆沢郡金ケ崎町西根森山31-2,39.2072594,141.0904462
佐藤得二文学碑,〒029-4503,岩手県胆沢郡金ケ崎町西根南羽沢55,39.1974003,141.1177795
千田正記念館,〒029-4502,岩手県胆沢郡金ケ崎町三ケ尻谷地中98,39.21423980000001,141.1121406
千貫石森林公園,〒029-4503,岩手県胆沢郡金ケ崎町西根後千貫石15-1,39.22676,141.0080346
諏訪公園,〒029-4503,岩手県胆沢郡金ケ崎町西根諏訪小路,39.1984391,141.1191682
伊達・南部藩境塚,〒029-4503,岩手県胆沢郡金ケ崎町西根遠谷巾1-15,39.2315352,141.0271467
三角点展望台,〒029-4503,岩手県胆沢郡金ケ崎町西根和光,39.18854169999999,141.0036673
駒ヶ岳山麓,〒029-4503,岩手県胆沢郡金ケ崎町西根和光,39.18854169999999,141.0036673
千貫石堤,〒029-4503,岩手県胆沢郡金ケ崎町西根千貫石,39.2255605,141.0151117
駒ヶ岳,〒029-4503,岩手県胆沢郡金ケ崎町西根,39.1974003,141.1177795
ほっとゆだ・自転車ぶらり旅,〒029-5512,岩手県和賀郡西和賀町川尻４０-７３-１１,39.3142181,140.7761553
ゆだ交通（旧湯川温泉タクシー）,〒029-5507,岩手県和賀郡西和賀町大沓36-63-4,39.32525890000001,140.783085
女神山,"",岩手県和賀郡西和賀町,39.434621,140.7501241
碧祥寺博物館,〒029-5614,岩手県和賀郡西和賀町太田3-32,39.4273525,140.7481053
志賀来キャンプ場,〒029-5611,岩手県和賀郡西和賀町大野第17地割165番地,39.3955608,140.7708097
玉泉寺,〒029-5614,岩手県和賀郡西和賀町太田3-57,39.4251806,140.7453418
浄円寺,〒029-5614,岩手県和賀郡西和賀町太田3-45,39.4260721,140.746811
碧祥寺,〒029-5614,岩手県和賀郡西和賀町太田3-32,39.4273525,140.7481053
七ツ釜,〒029-5614,岩手県和賀郡西和賀町弁天,39.4445369,140.768094
真昼岳,〒029-5614,岩手県和賀郡西和賀町内,39.2981272,140.8451002
左草温泉,〒029-5501,岩手県和賀郡西和賀町左草,39.3603551,140.7234045
槻沢温泉,〒029-5504,岩手県和賀郡西和賀町槻沢,39.3574384,140.7736547
川尻温泉,〒029-5512,岩手県和賀郡西和賀町川尻40-53,39.3146486,140.7760664
大沓温泉,〒029-5507,岩手県和賀郡西和賀町大沓,39.3263478,140.784896
西和賀町立川村デッサン館,〒029-5511,岩手県和賀郡西和賀町上野々39-142-1,39.3120878,140.7791217
西和賀町立川村美術館,〒029-5511,岩手県和賀郡西和賀町上野々39-190-2,39.3135737,140.7779884
西和賀町歴史民俗資料館,〒029-5511,岩手県和賀郡西和賀町上野々39-190-2,39.3135737,140.7779884
和賀川,〒029-5612,岩手県和賀郡西和賀町,39.434621,140.7501241
湯田高原カントリー倶楽部,〒029-5522,岩手県和賀郡西和賀町野々宿62-203-20,39.282206,140.7211793
正岡子規句碑「秋風や人あらわなる山の宿」,〒029-5512,岩手県和賀郡西和賀町川尻,39.3186205,140.7785272
貯砂ダム,〒029-5500,岩手県和賀郡西和賀町川尻 錦秋湖川尻総合公園,39.3186205,140.7785272
南本内川,〒029-5500,岩手県和賀郡西和賀町,39.434621,140.7501241
湯川沼,〒029-5514,岩手県和賀郡西和賀町,39.434621,140.7501241
南本内岳,〒023-0001,岩手県和賀郡西和賀町,39.434621,140.7501241
東和ふるさと村おためし工房,〒028-0115,岩手県花巻市東和町安俵6-147-2,39.3824368,141.2218949
萬鉄五郎記念美術館,〒028-0114,岩手県花巻市東和町土沢5-135,39.3872087,141.2315661
東和ふるさと歴史資料館,〒028-0114,岩手県花巻市東和町土沢9-198,39.38224,141.2372463
成島和紙工芸館,〒028-0116,岩手県花巻市東和町北成島5-202,39.3640772,141.2008862
猿ヶ石川,〒028-0114,岩手県花巻市,39.3885784,141.1166453
田瀬釣り公園,〒028-0123,岩手県花巻市東和町田瀬10-138,39.3271309,141.3005569
東和町グリーン・ツーリズム体験,〒028-0114,岩手県花巻市東和町土沢8区60,39.3868698,141.2280859
東和B＆G海洋センター,〒028-0123,岩手県花巻市東和町田瀬29区1,39.3116056,141.3221415
東和いこいの森キャンプ場,〒028-0123,岩手県花巻市東和町田瀬13区48,39.3169821,141.2997851
田瀬湖オートキャンプ場,〒028-0123,岩手県花巻市東和町田瀬10区地内,39.3885784,141.1166453
田瀬湖ふれあいランド,〒028-0123,岩手県花巻市,39.3885784,141.1166453
萬鉄五郎記念碑,〒028-0114,岩手県花巻市東和町土沢5区-135,39.3872087,141.2315661
横川省三記念碑及び墓,〒028-0113,岩手県花巻市東和町東晴山,39.3643205,141.2588368
つちざわ市日,〒028-0114,岩手県花巻市東和町土沢「アイリス駐車場」内,39.3885784,141.1166453
西洋風モデルガーデン,〒028-0115,岩手県花巻市東和町安俵6-135,39.3831589,141.2224504
舘山公園,〒028-0114,岩手県花巻市東和町土沢,39.3868698,141.2280859
丹内山神社,〒028-0122,岩手県花巻市東和町谷内2-303,39.3459838,141.2826998
薬師堂,〒028-0123,岩手県花巻市田瀬,39.3271503,141.3005874
毘沙門堂,〒028-0116,岩手県花巻市東和町北成島5-1,39.3635051,141.2014001
成島三熊野神社,〒028-0116,岩手県花巻市東和町北成島5-1,39.3635051,141.2014001
丹内山神社経塚,〒028-0122,岩手県花巻市東和町谷内2-224-2,39.3464226,141.2790834
旧谷内村村農会館,〒028-0122,岩手県花巻市東和谷内2区282,39.3464226,141.2790834
伊藤家住宅,〒028-0123,岩手県花巻市東和町田瀬,39.3271503,141.3005874
旧小原家住宅,〒028-0122,岩手県花巻市東和町谷内6-37,39.3493195,141.2723866
泥金山のシラキ,〒028-0103,岩手県花巻市東和町石鳩岡,39.4209363,141.2667341
数栗自生地,〒028-0103,岩手県花巻市東和町石鳩岡9-63,39.4209363,141.2667341
酒匠館,〒028-3171,岩手県花巻市石鳥谷町中寺林7-17-3,39.4832705,141.1421369
石鳥谷歴史民俗資料館,〒028-3171,岩手県花巻市石鳥谷町中寺林7-7-1,39.48623120000001,141.1399259
石鳥谷農業伝承館,〒028-3171,岩手県花巻市石鳥谷町中寺林7-28-1,39.48344,141.1439284
盛岡南ゴルフ倶楽部,〒028-3121,岩手県花巻市石鳥谷町戸塚2-13-1,39.4746471,141.1897135
戸塚森森林公園キャンプ場,〒028-3111,岩手県花巻市石鳥谷町新堀,39.4936559,141.1600267
戸塚森森林公園,〒028-3111,岩手県花巻市石鳥谷町新堀,39.4936559,141.1600267
光勝寺,〒028-3141,岩手県花巻市石鳥谷町五大堂11-49,39.4303968,141.1863494
大興寺,〒028-3181,岩手県花巻市石鳥谷町大興寺23-1,39.4829716,141.0953833
土仏観音堂宇,〒028-3181,岩手県花巻市石鳥谷町大興寺23-1,39.4829716,141.0953833
光林寺,〒028-3171,岩手県花巻市石鳥谷町中寺林12-54,39.4718048,141.1272331
新堀城跡,〒028-3111,岩手県花巻市石鳥谷町新堀,39.4936559,141.1600267
好地旧一里塚,〒028-3101,岩手県花巻市石鳥谷町好地,39.4917948,141.1511359
江曽一里塚,〒028-3151,岩手県花巻市石鳥谷町江曽,39.4520631,141.1393909
戸塚森森林公園の桜・梅・つつじ,〒028-3111,岩手県花巻市石鳥谷町新堀57-44-7,39.4936559,141.1600267
長善寺の桜,〒028-3111,岩手県花巻市石鳥谷町新堀65-54,39.4944896,141.1828274
逆ひば,〒028-3153,岩手県花巻市石鳥谷町小森林,39.4494661,141.136769
葛丸川渓流,〒028-3185,岩手県花巻市石鳥谷町大瀬川,39.50088119999999,141.113089
渓流の駅,〒028-3203,岩手県花巻市大迫町大迫1-1-2,39.4693396,141.2930718
清流の駅,〒028-3204,岩手県花巻市大迫町亀ケ森14-124-4,39.4765814,141.2282379
大迫郷土文化保存伝習館,〒028-3201,岩手県花巻市大迫町内川目1-2,39.53256349999999,141.4172839
早池峰ぶどう園 吉田ぶどう園,〒028-3201,岩手県花巻市大迫町内川目40-65-1,39.4861832,141.3175906
河原の坊キャンプ場,〒028-3201,岩手県花巻市大迫町内川目河原の坊,39.4994461,141.3238952
笠詰野営場,〒028-3201,岩手県花巻市大迫町内川目国有林地内,39.4994461,141.3238952
早池峰神社,〒028-3201,岩手県花巻市大迫町内川目1-1,39.5322052,141.4167034
七折の滝,〒028-3201,岩手県花巻市内川目,39.4994461,141.3238952
早池峰山,〒028-3201,岩手県花巻市大迫町内川目,39.4994461,141.3238952
不動温泉百万石,〒028-3627,岩手県紫波郡矢巾町和味2-106-5,39.5986792,141.0904307
マース矢巾パストラルバーデン,〒028-3623,岩手県紫波郡矢巾町大字煙山3-563,39.6173164,141.093585
矢巾温泉郷,〒028-3623,岩手県紫波郡矢巾町大字煙山,39.6060526,141.1283262
南昌山麓水辺の里,〒028-3623,岩手県紫波郡矢巾町大字煙山,39.6060526,141.1283262
矢巾町営キャンプ場,〒028-3623,岩手県紫波郡矢巾町大字煙山,39.6060526,141.1283262
南昌山,〒028-3600,岩手県紫波郡矢巾町,39.6059807,141.1428887
ききょう荘,〒028-3443,岩手県紫波郡紫波町上松本字内方96,39.5720044,141.0825849
峠の駅,〒028-3316,岩手県紫波郡紫波町佐比内字馬場80-1,39.4897526,141.2526077
ぶどう園・小原,〒028-3316,岩手県紫波郡紫波町佐比内外ヶ沢ぶどう団地内,39.5548291,141.1677603
岩手ゴルフ倶楽部,〒028-3453,岩手県紫波郡紫波町土舘字馬ノ子1-1,39.5390285,141.0797361
野村胡堂の歌碑,〒028-3304,岩手県紫波郡紫波町二日町字古舘,39.5608645,141.1743595
巽聖歌の詩碑,〒028-3307,岩手県紫波郡紫波町桜町字下川原100,39.5511547,141.1721489
志和稲荷神社,〒028-3442,岩手県紫波郡紫波町升沢字前平17-1,39.558373,141.0775745
勝源院の逆ガシワ,〒028-3305,岩手県紫波郡紫波町日詰字朝日田273,39.5602506,141.1660714
志和稲荷神社の杉群,〒028-3442,岩手県紫波郡紫波町升沢字前平17-1,39.558373,141.0775745
志賀理和気神社の南面の桜,〒028-3307,岩手県紫波郡紫波町桜町字本町川原1,39.5475941,141.1744488
紫波城山公園の桜群,〒028-3304,岩手県紫波郡紫波町二日町字古舘,39.5608645,141.1743595
船久保洞窟,〒028-3532,岩手県紫波郡紫波町船久保字百沢,39.565324,141.2505496
滝名川渓流,〒028-3453,岩手県紫波郡紫波町土舘字馬ノ子,39.5390285,141.0797361
新山高原,〒028-3453,岩手県紫波郡紫波町土舘字馬ノ子,39.5390285,141.0797361
東根山,〒028-3444,岩手県紫波郡紫波町小屋敷,39.5719245,141.1053163
桜松公園,〒028-7533,岩手県八幡平市叺田70,40.1012734,141.0525987
智恵の滝,〒028-7621,岩手県八幡平市兄川,40.0909112,140.8828236
姫神山一本杉キャンプ場,〒028-4124,岩手県盛岡市大字馬場字前田33-162,39.8719577,141.2185137
岩洞湖家族旅行村,〒028-2711,岩手県盛岡市玉山区薮川字亀橋33-4,39.82892500000001,141.3450962
石川啄木歌碑（玉山区）,〒028-4125,岩手県盛岡市玉山区,39.83624349999999,141.1562046
渋民公園,〒028-4132,岩手県盛岡市玉山区渋民字鶴塚5-5,39.8486535,141.1692559
渋民緑地公園,〒028-4132,岩手県盛岡市玉山区渋民字愛宕67-3,39.8383269,141.1694339
東楽寺,〒020-0202,岩手県盛岡市玉山区玉山字一笠31,39.8180834,141.2041282
宝徳寺,〒028-4132,岩手県盛岡市玉山区渋民字渋民2-1,39.8453206,141.1720807
巻堀神社,〒028-4123,岩手県盛岡市玉山区巻堀字本宮22,39.8955381,141.1981847
常光寺,〒020-0201,岩手県盛岡市玉山区日戸字古屋敷71,39.7989608,141.2162996
岩洞湖のスズラン,〒028-2711,岩手県盛岡市玉山区藪川字亀橋33-4,39.82892500000001,141.3450962
姫神山一本杉,〒028-4124,岩手県盛岡市玉山区字馬場字前田,39.8627505,141.2135423
しだれ赤松,〒020-0202,岩手県盛岡市玉山区玉山字祝の沢,39.80603199999999,141.2073698
姫神山のスズラン,〒028-4124,岩手県盛岡市玉山区字馬場字前田,39.8627505,141.2135423
外山高原,〒028-2711,岩手県盛岡市玉山区薮川字外山,39.7833411,141.3293878
早坂高原,〒028-2711,岩手県盛岡市岩泉町,39.7077772,141.1326997
天峰山,〒020-0201,岩手県盛岡市玉山区日戸字姥懐,39.8022862,141.2418809
姫神山,〒028-4124,岩手県盛岡市玉山区,39.83624349999999,141.1562046
プータロ,〒028-7302,岩手県八幡平市八幡平温泉郷,39.9034803,140.9690044
松川キャンプ場,〒028-7302,岩手県八幡平市松川温泉,39.9263614,141.0953354
県民の森キャンプ場,〒028-7302,岩手県八幡平市松尾寄木地内,39.904758,140.9746203
八幡平サーキットサンマリノグランプリ,〒028-7302,岩手県八幡平市松尾寄木5-2-8,39.9302447,141.0039188
八幡平市自然休養村グラウンド,〒028-7302,岩手県八幡平市松尾寄木2-512,39.9285865,141.003019
岩手県県民の森,〒028-7302,岩手県八幡平市松尾寄木字沼利515-5,39.904758,140.9746203
金沢清水,〒028-7302,岩手県八幡平市松尾寄木地内 トラウトガーデン裏,39.904758,140.9746203
源太森展望台,〒028-7300,岩手県八幡平市,39.9263614,141.0953354
県民の森展望台,〒028-7302,岩手県八幡平市松尾寄木地内,39.904758,140.9746203
明治百年記念造園地の桜,〒028-7302,岩手県八幡平市寄木,39.904758,140.9746203
八幡平樹氷,〒028-7111,岩手県八幡平市,39.9263614,141.0953354
蓬莱境,〒028-7111,岩手県八幡平市寄木藤七温泉,39.9263614,141.0953354
大揚沼,〒028-7111,岩手県八幡平市,39.9263614,141.0953354
夜沼,〒028-7111,岩手県八幡平市,39.9263614,141.0953354
蓬莱沼,〒028-7111,岩手県八幡平市,39.9263614,141.0953354
御在所沼・赤沼,〒028-7111,岩手県八幡平市,39.9263614,141.0953354
御護沼,〒028-7302,岩手県八幡平市,39.9263614,141.0953354
御苗代湖,〒028-7111,岩手県八幡平市,39.9263614,141.0953354
畚岳,〒028-7111,岩手県八幡平市,39.9263614,141.0953354
諸桧岳,〒028-7111,岩手県八幡平市,39.9263614,141.0953354
三ッ石山,〒028-7302,岩手県八幡平市,39.9263614,141.0953354
大深岳,〒028-7111,岩手県八幡平市,39.9263614,141.0953354
産直チャグチャグ,〒020-0173,岩手県滝沢市滝沢字牧野林1000-1,39.7479253,141.1049493
農産物共同直売所ふれあい,〒020-0173,岩手県滝沢市滝沢字木賊川320,39.7807428,141.1116833
フォックスバーデンスパ・ドーム,〒020-0172,岩手県滝沢市鵜飼字笹森41-2,39.735748,141.090558
国立岩手山青少年交流の家,〒020-0601,岩手県滝沢市後２９２,39.8260985,141.088059
メイプルカントリークラブ,〒020-0171,岩手県滝沢市大沢1-1,39.7529916,141.0444526
馬返しキャンプ場,〒020-0173,岩手県滝沢市滝沢,39.79892,141.149387
相の沢キャンプ場,〒020-0172,岩手県滝沢市鵜飼,39.7417243,141.0837205
鬼越蒼前神社,〒020-0172,岩手県滝沢市鵜飼外久保,39.747571,141.0718257
雫石街道日向一里塚,〒020-0151,岩手県滝沢市大釜,39.71153899999999,141.072168
岩手山高山植物帯,〒020-0101,岩手県滝沢市,39.7346838,141.077095
クラリー牧場,〒028-7113,岩手県八幡平市平笠2-6-299,39.9068014,141.0558671
上坊牧野の一本桜,〒028-7113,岩手県八幡平市平笠,39.9000056,141.0767661
南部富士カントリークラブ,〒028-7111,岩手県八幡平市大更47-34-2,39.9123318,141.1630406
焼走りキャンプ場,〒028-7113,岩手県八幡平市平笠24-728,39.8747576,141.0415119
岩手山焼走り国際交流村,〒028-7113,岩手県八幡平市平笠24-728,39.8747576,141.0415119
黒石温泉,〒028-4424,岩手県岩手郡岩手町一方井1-43-247,39.99851839999999,141.155822
岩手広域交流センター・プラザあい,〒028-4303,岩手県岩手郡岩手町大字江刈内6-1-4,39.9607637,141.2169384
ローズランドカントリークラブ,〒028-4421,岩手県岩手郡岩手町大字一方井1-120-1,39.9995461,141.1701624
御堂観音堂（天台宗北上山新通法寺正覚院）,〒028-4306,岩手県岩手郡岩手町御堂3-9,40.038844,141.2429564
今松竪穴住居跡,〒028-4421,岩手県岩手郡岩手町一方井今松,39.9669778,141.1571857
浮島古墳群,〒028-4395,岩手県岩手郡岩手町浮島,39.9725899,141.2125163
弓弭の泉,〒028-4306,岩手県岩手郡岩手町大字御堂第3地割地内,39.9725899,141.2125163
丹藤川渓流,〒028-4211,岩手県岩手郡岩手町川口地内,39.9174685,141.2043501
奥の嵐山,〒028-4211,岩手県岩手郡岩手町大字川口地内,39.9174685,141.2043501
産直ハウスほすなある（道の駅くずまき高原）,〒028-5402,岩手県岩手郡葛巻町葛巻39-159-3,39.984567,141.3399576
くずまき高原牧場(社団法人葛巻町畜産開発公社),〒028-5402,岩手県岩手郡葛巻町葛巻40-57-125,40.0054587,141.3384515
平庭高原、インディペンデンス・トレール、フォレストボード,〒028-5401,岩手県岩手郡葛巻町/久慈市山形町,40.0398964,141.4364652
葛巻町森林公園キャンプ場,〒028-5402,岩手県岩手郡葛巻町葛巻40-57-6,40.0064197,141.3304938
葛巻町社会体育館,〒028-5402,岩手県岩手郡葛巻町葛巻8-33-2,40.0379689,141.4474868
葛巻町総合運動公園,〒028-5402,岩手県岩手郡葛巻町葛巻5-170-1,40.0500204,141.4615828
上外川高原,"",岩手県岩手郡葛巻町上外川高原,40.0398964,141.4364652
七滝,〒028-5401,岩手県岩手郡葛巻町田部字下冬部,40.1354765,141.3591504
袖山高原,〒028-5403,岩手県岩手郡葛巻町袖山高原,40.0398964,141.4364652
平庭高原,〒028-5403,岩手県岩手郡葛巻町平庭高原,40.0398964,141.4364652
葛巻町森林公園,〒028-5402,岩手県岩手郡葛巻町葛巻40-57-6,40.0064197,141.3304938
森のこだま館,〒028-5403,岩手県岩手郡葛巻町江刈1-95-55,40.0764521,141.5113728
平庭高原の白樺林,〒028-5402,岩手県岩手郡葛巻町/久慈市山形町,40.0398964,141.4364652
遠別岳,〒028-5401,岩手県岩手郡葛巻町,40.0398964,141.4364652
御所湖温泉,〒020-0572,岩手県岩手郡雫石町西安庭27-4-1,39.6624246,140.9841069
ぬくもり温泉,〒020-0585,岩手県岩手郡雫石町長山岩手山7-32,39.80568150000001,140.9477521
国見山荘,〒020-0582,岩手県岩手郡雫石町橋場竜川山,39.7276437,140.7929278
雫石町歴史民俗資料館,〒020-0572,岩手県岩手郡雫石町西安庭第15地割39-7,39.6733941,140.9872569
上丸遊歩道,〒020-0501,岩手県岩手郡雫石町,39.6962875,140.9757756
網張キャンプ場,〒020-0585,岩手県岩手郡雫石町長山網張,39.7908138,140.9442359
国見キャンプ場,〒020-0582,岩手県岩手郡雫石町橋場,39.703626,140.878572
雫石町総合運動公園,〒020-0543,岩手県岩手郡雫石町高前田104,39.7006148,140.963063
南八幡平自然休養林,〒020-0501,岩手県岩手郡雫石町,39.6962875,140.9757756
滝ノ上キャンプ場,〒020-0584,岩手県岩手郡雫石町西根,39.7393017,140.9535229
葛根田渓谷の紅葉,"",岩手県岩手郡雫石町,39.6962875,140.9757756
雫石川園地の桜,"",岩手県岩手郡雫石町,39.6962875,140.9757756
アルペン記念公園,〒020-0596,岩手県岩手郡雫石町千刈田,39.6962986,140.9765477
三社座神社,〒020-0537,岩手県岩手郡雫石町上町77番地,39.6947904,140.9702874
多賀神社,〒020-0595,岩手県岩手郡雫石町御明神30-45,39.6883211,140.9443347
雫石神社,〒020-0584,岩手県岩手郡雫石町西根北妻,39.7430616,140.9328946
旧秋田街道,〒020-0582,岩手県岩手郡雫石町橋場,39.703626,140.878572
七ッ森展望台,〒020-0503,岩手県岩手郡雫石町七ッ森,39.6925692,141.0106828
国見の紅葉,"",岩手県岩手郡雫石町橋場国見温泉,39.703626,140.878572
小岩井農場の桜並木,"",岩手県岩手郡雫石町丸谷地36-1,39.738136,141.0081314
雫石川園地の桜並木,"",岩手県岩手郡雫石町,39.6962875,140.9757756
葛根田渓谷,〒020-0501,岩手県岩手郡雫石町西根159,39.7393017,140.9535229
烏帽子岳,〒020-0501,岩手県岩手郡雫石町/仙北市（秋田県）,39.6962875,140.9757756
大松倉山,〒020-0501,岩手県岩手郡雫石町/八幡平市,39.6962875,140.9757756
産直来夢くん,〒023-0841,岩手県奥州市水沢区真城字杉の下５１,39.1144769,141.1511353
えさし夢プラザ,〒023-1112,岩手県奥州市江刺区南大通り7-40,39.1879579,141.1760001
仙北街道,"",岩手県奥州市胆沢区若柳字下嵐江,39.12598699999999,140.9868997
胆沢ダム（奥州湖）,"",岩手県奥州市胆沢区若柳地内,39.12598699999999,140.9868997
桜の回廊（国道397号線の桜並木）,〒023-0403,岩手県奥州市胆沢区若柳地内,39.12598699999999,140.9868997
金田一温泉センター「ゆうゆうゆ〜らく」,〒028-5711,岩手県二戸市金田一字湯田41,40.3209485,141.318824
浄法寺冷泉「海上の湯」,〒028-6968,岩手県二戸市浄法寺町海上前田6-10,40.1695955,141.1364724
二戸広域物産センター カシオペアメッセなにゃーと,〒028-6103,岩手県二戸市石切所字森合68番地,40.26088850000001,141.28494
二戸市シビックセンター,〒028-6103,岩手県二戸市石切所字荷渡6-2,40.2659553,141.2918405
もりの学び舎,〒028-6101,岩手県二戸市福岡字織詰26-2,40.26831749999999,141.3719879
自然公園センター,〒028-6101,岩手県二戸市福岡字織詰26-2,40.26831749999999,141.3719879
二戸歴史民俗資料館,〒028-6101,岩手県二戸市福岡字長嶺80-1,40.2846417,141.2983836
折爪岳キャンプ場,〒028-6101,岩手県二戸市福岡字織詰26-9,40.26831749999999,141.3719879
折爪岳オートキャンプ場,〒028-6101,岩手県二戸市福岡字織詰26,40.26831749999999,141.3719879
稲庭高原パークゴルフ場,"",岩手県二戸市浄法寺町野黒沢地内,40.1828445,141.1550009
亀磨神社,〒028-5711,岩手県二戸市金田一字長川41,40.3230454,141.3170936
瀬戸内寂聴記念館,〒028-6854,岩手県二戸市浄法寺町下前田37-4,40.18370549999999,141.1560535
田中舘愛橘博士ゆかりの家及びローマ字墓,〒028-6101,岩手県二戸市福岡字五日町56,40.2670942,141.2982925
呑香稲荷神社,〒028-6101,岩手県二戸市福岡字五日町29番地,40.267047,141.298823
二戸市埋蔵文化財センター,〒028-6101,岩手県二戸市福岡字八幡下11-1,40.262653,141.2951347
古梅園の梅,〒028-6101,岩手県二戸市福岡字鍵取,40.2710414,141.3138766
ヒメボタル観賞会,"",岩手県二戸市福岡字織詰地内,no,no
浪打峠の交叉層,〒028-6103,岩手県二戸市石切所/一戸町,40.2595337,141.2881689
えさしクリーンパーク,〒023-1101,岩手県奥州市江刺区岩谷堂字大沢田172-3,39.1953107,141.2101437
菊田一夫記念館,〒023-1111,岩手県奥州市江刺区大通り3-1,39.1901411,141.1770194
えさし郷土文化館,〒023-1101,岩手県奥州市江刺区岩谷堂字小名丸102-1,39.1960933,141.1911264
明治記念館,〒023-1117,岩手県奥州市江刺区南町4-8,39.1909188,141.1816051
江刺カントリー倶楽部,〒023-0171,岩手県奥州市江刺区田原字深沢54-1,39.1549739,141.2135479
藤里の珪化木,〒023-1762,岩手県奥州市江刺区藤里字石名田,39.1755223,141.2419584
宮沢賢治詩碑,〒023-1551,岩手県奥州市江刺区米里字大畑,39.1946012,141.3863506
川端康成文学碑,〒023-1101,岩手県奥州市江刺区岩谷堂向山,39.1902663,141.1926875
向山公園,〒023-1101,岩手県奥州市江刺区岩谷堂,39.1994261,141.1672446
愛宕山自然公園,〒023-1762,岩手県奥州市江刺区藤里,39.1789505,141.2686143
愛宕神社,〒023-1762,岩手県奥州市江刺区藤里,39.1789505,141.2686143
兜跋毘沙門天立像,〒023-1762,岩手県奥州市江刺区藤里字智福,39.1906907,141.2679943
戸隠神社,〒023-1761,岩手県奥州市江刺区伊手字小中田54,39.16991900000001,141.2922098
玉崎神社,〒023-1134,岩手県奥州市江刺区玉里字玉崎498,39.215091,141.2076894
益沢院跡,〒023-1101,岩手県奥州市江刺区岩谷堂,39.1994261,141.1672446
五位塚墳丘群,〒023-1101,岩手県奥州市江刺区岩谷堂字五位塚,39.17431819999999,141.1928686
藤原氏御館跡,〒023-1101,岩手県奥州市江刺区岩谷堂,39.1994261,141.1672446
人首城跡,〒023-1551,岩手県奥州市江刺区米里,39.2333453,141.3115284
豊田館跡,〒023-1101,岩手県奥州市江刺区岩谷堂,39.1994261,141.1672446
旧後藤家住宅,〒023-1101,岩手県奥州市江刺区岩谷堂字向山,39.1902663,141.1926875
夢乃橋,〒023-1101,岩手県奥州市江刺区,39.1994261,141.1672446
種山高原,〒023-1551,岩手県奥州市と住田町,39.1445286,141.139141
阿原山高原,〒023-1761,岩手県奥州市,39.1445286,141.139141
蓬莱山,〒023-0171,岩手県奥州市一関市大東町,39.1445286,141.139141
かまいし特産店,〒026-0031,岩手県釜石市鈴子町22-1,39.2736492,141.8714869
釜石物産協会,〒026-0031,岩手県釜石市鈴子町22-1 シープラザ釜石1,39.2736682,141.8714772
釜石園芸植物園,〒026-0053,岩手県釜石市定内町1-12-2,39.2613805,141.8317244
グリーン・ツーリズム農村体験,"",岩手県釜石市,39.2758183,141.8856772
三陸カントリー倶楽部,〒026-0001,岩手県釜石市大字上平田第1割地13,39.2423918,141.8694915
青ノ木キャンプ場,〒026-0411,岩手県釜石市橋野町2-6,39.3449919,141.6810753
三浦命助の碑,〒026-0412,岩手県釜石市栗林町,39.3509168,141.8271391
徳治の碑,〒026-0022,岩手県釜石市大只越町石応禅寺境内,39.2770487,141.8818025
仏舎利塔,〒026-0002,岩手県釜石市大平町3-9-1,39.2575708,141.8979825
中村重兵衛の像,〒026-0001,岩手県釜石市平田町尾崎白浜,39.2758183,141.8856772
銅像（田中長兵衛・横山久太郎）,〒026-8567,岩手県釜石市鈴子町新日本製鉄釜石製鉄所構内,39.2735658,141.8705787
古里嘉惣治小屋野十三郎の碑,〒026-0411,岩手県釜石市橋野町荻の洞,39.3601095,141.76211
大島高任顕彰碑,〒026-0055,岩手県釜石市甲子町釜石鉱山（株）構内,39.2708987,141.8283131
薬師公園,〒026-0024,岩手県釜石市大町,39.2740241,141.8810333
石応禅寺,〒026-0022,岩手県釜石市大只越町1-1-1,39.2765905,141.8802055
中村判官堂,〒026-0411,岩手県釜石市橋野町,39.3590836,141.7691022
尾崎神社,〒026-0001,岩手県釜石市尾崎,39.247702,141.9708902
法冠神社,〒026-0302,岩手県釜石市片岸町室浜,39.3434246,141.9059479
星座石,〒026-0121,岩手県釜石市唐丹町本郷,39.20844659999999,141.8840387
旧釜石街道,〒026-0055,岩手県釜石市甲子町大橋,39.2801288,141.7180502
和山高原シナの木,〒026-0411,岩手県釜石市橋野町,39.3590836,141.7691022
五葉山のハクサンシャクナゲ,〒026-0000,岩手県釜石市/大船渡市/住田町,39.2758183,141.8856772
ゴヨウ白樺,〒026-0001,岩手県釜石市愛染山,39.2758183,141.8856772
釜石園芸植物園のツツジ,〒026-0053,岩手県釜石市定内町1-12-2,39.2613805,141.8317244
仙人峠,〒026-0055,岩手県釜石市甲子町大橋,39.2801288,141.7180502
唐丹桜並木,〒026-0121,岩手県釜石市唐丹町,39.2087572,141.8661653
尾崎半島,〒026-0001,岩手県釜石市,39.2758183,141.8856772
鎌崎,〒026-0001,岩手県釜石市,39.2758183,141.8856772
三貫島,〒026-0001,岩手県釜石市,39.2758183,141.8856772
御箱崎,〒026-0001,岩手県釜石市箱崎町,39.32827169999999,141.9440843
不動の滝,〒026-0055,岩手県釜石市甲子町,39.2708987,141.8283131
千丈ヶ滝,〒026-0304,岩手県釜石市両石町,39.3089977,141.88944
和山高原,〒026-0411,岩手県釜石市橋野町,39.3590836,141.7691022
愛染山,〒026-0001,岩手県釜石市/住田町,39.2758183,141.8856772
五葉山,〒026-0000,岩手県釜石市/大船渡市/住田町,39.2758183,141.8856772
黒崎仙峡温泉,〒029-2208,岩手県陸前高田市広田町字黒崎9-41,38.95219470000001,141.7232492
川の駅よこた,〒029-2202,岩手県陸前高田市横田町字砂子田169,39.0759591,141.5795636
ホロタイの郷「炭の家」,〒029-2201,岩手県陸前高田市矢作町清水川8-3,39.0750339,141.5088906
気仙川,〒029-2204,岩手県陸前高田市横田町・竹駒町・気仙町,39.0761175,141.58218
黒崎仙峡を訪ねるみち,〒029-2201,岩手県陸前高田市,39.0276607,141.6254946
蛇ヶ崎園地遊歩道,〒029-2201,岩手県陸前高田市,39.0276607,141.6254946
広田崎園地遊歩道,〒029-2201,岩手県陸前高田市,39.0276607,141.6254946
市民の森,〒029-2207,岩手県陸前高田市小友町字茗荷1-1,39.0124394,141.6896477
気仙隕石,〒029-2204,岩手県陸前高田市気仙町字丑沢,38.9963001,141.618597
長円寺の隕石降落碑,〒029-2204,岩手県陸前高田市気仙町字丑沢,38.9963001,141.618597
土井晩翠歌碑,〒029-2208,岩手県陸前高田市広田町字集,38.9442796,141.7016905
竹駒神社,〒029-2203,岩手県陸前高田市竹駒町字童子,39.0472966,141.6052929
気仙成田山,〒029-2204,岩手県陸前高田市気仙町,39.0099069,141.6161327
氷上神社,〒029-2205,岩手県陸前高田市高田町字西和野83,39.0285943,141.6371046
普門寺,〒029-2206,岩手県陸前高田市米崎町字地竹沢181,39.0262646,141.6569028
中沢浜貝塚,〒029-2208,岩手県陸前高田市広田町字中沢,38.9551145,141.6936271
玉山金山遺跡,〒029-2203,岩手県陸前高田市竹駒町字上壷地内,39.0323766,141.6204782
普門寺三重塔,〒029-2206,岩手県陸前高田市米崎町字地竹沢181,39.0262646,141.6569028
玉山高原園地展望台,〒029-2203,岩手県陸前高田市竹駒町,39.0323766,141.6204782
箱根山展望台,〒029-2207,岩手県陸前高田市小友町,38.98791660000001,141.6768998
広田半島大森山園地展望台,〒029-2208,岩手県陸前高田市広田町,38.958242,141.6962602
華蔵寺の宝珠の松,〒029-2207,岩手県陸前高田市小友町字門前,38.9905839,141.7059524
常膳寺の姥杉,〒029-2207,岩手県陸前高田市小友町字上の坊,39.0000161,141.6991803
広田崎,〒029-2208,岩手県陸前高田市広田町,38.958242,141.6962602
蛇ヶ崎,〒029-2207,岩手県陸前高田市小友町,38.98791660000001,141.6768998
黒崎仙峡,〒029-2208,岩手県陸前高田市広田町,38.958242,141.6962602
椿島,〒029-2208,岩手県陸前高田市広田町,38.958242,141.6962602
青松島,〒029-2208,岩手県陸前高田市広田町,38.958242,141.6962602
新鮮館おおまち,〒021-0881,岩手県一関市大町4-29,38.9290607,141.1371386
松栄堂,〒021-0893,岩手県一関市地主町3-36,38.9319991,141.1342665
畑ノ沢鉱泉たまご湯,〒029-0802,岩手県一関市千厩町小梨字小林334-1,38.9011331,141.4043687
宝竜温泉,〒021-0101,岩手県一関市厳美町字宝竜147-5,38.9419264,141.0640948
産直山ちゃん,〒029-0711,岩手県一関市大東町大原字金山沢22-1,39.015423,141.4197869
産直ふるさと大東,〒029-0521,岩手県一関市大東町渋民字関ノ上114-4,39.0225704,141.3275281
まちの駅新町JaJa馬プラザ,〒029-0803,岩手県一関市千厩町千厩字町212,38.9178298,141.3330625
祥雲寺田村記念館,〒021-0873,岩手県一関市台町48-2,38.9187589,141.1299423
世嬉の一酒の民俗文化博物館,〒021-0885,岩手県一関市田村町5-42,38.931413,141.1328167
室根高原ふれあい牧場,〒029-0711,岩手県一関市大東町大原字山口51-139,38.9881493,141.4569737
栗駒山登山自然観察路,〒021-0101,岩手県一関市厳美町祭畤山国有林内,38.9435146,141.0476712
一関カントリークラブ,〒021-0902,岩手県一関市萩荘地黒木1-4,38.9212777,141.1195293
須川野営場,〒021-0101,岩手県一関市厳美町祭畤山国有林内,38.9435146,141.0476712
真湯野営場,〒021-0101,岩手県一関市厳美町字真湯地内,38.9435146,141.0476712
薬師如来坐像,〒021-0874,岩手県一関市釣山28,38.9204976,141.1307088
ふかし湯,〒021-0101,岩手県一関市厳美町祭畤山国有林内,38.9435146,141.0476712
釣山公園,〒021-0874,岩手県一関市釣山,38.9221084,141.1277507
一関遊水地記念緑地公園,〒029-0131,岩手県一関市狐禅寺,38.9434469,141.1753847
磐井川河川公園,〒021-0015,岩手県一関市山目字川原田外,38.9331205,141.1126796
祥雲寺（一切経蔵）,〒021-0873,岩手県一関市台町,38.9187228,141.1313255
山吹城本丸跡,"",岩手県一関市大東町大原字川内,39.016875,141.3972639
泥田廃寺跡,〒021-0055,岩手県一関市山目,38.9331205,141.1126796
せんまや街角資料館,〒029-0803,岩手県一関市千厩町千厩字北方129-1,38.9203212,141.331818
旧沼田家武家住宅,〒021-0885,岩手県一関市田村町2-18,38.9290883,141.1320724
釣山展望台,〒021-0874,岩手県一関市釣山,38.9221084,141.1277507
山吹棚田,〒029-0711,岩手県一関市大東町大原字山吹,39.0222494,141.3915585
釣山公園の桜,〒021-0874,岩手県一関市釣山,38.9221084,141.1277507
磐井川,〒021-0001,岩手県一関市,38.9346819,141.1268004
猿ヶ石川,〒028-0542,岩手県遠野市,no,no
佐々木喜善の生家,〒028-0552,岩手県遠野市土淵町山口,39.3591559,141.6140058
厳篭神社,〒028-0481,岩手県遠野市小友町33-4,39.2712958,141.4219146
常楽寺,〒028-0481,岩手県遠野市小友町33-9,39.2720846,141.4230339
常堅寺,〒028-0555,岩手県遠野市土淵町土淵7-50,39.3544857,141.570985
瑞応院,〒028-0527,岩手県遠野市大工町1-3,39.3306845,141.5262063
南部神社,〒028-0515,岩手県遠野市東舘町3-6,39.3273432,141.5277203
早池峯神社,〒028-0661,岩手県遠野市附馬牛町上附馬牛19-82,39.4126887,141.5335023
智恩寺,〒028-0524,岩手県遠野市新町1-34,39.328232,141.5263065
鍋倉公園の桜,〒028-0524,岩手県遠野市新町,39.329579,141.5258981
遠野のモリオカシダレ,〒028-0501,岩手県遠野市松崎町,39.3415449,141.5465012
早池峰山の高山植物,〒028-0501,岩手県遠野市（花巻市・宮古市）,39.3278378,141.5333031
ミズバショウ,〒028-0501,岩手県遠野市貞任高原,39.3278378,141.5333031
青笹のイブキ,〒028-0501,岩手県遠野市青笹町,39.3217284,141.5722558
薬師岳の植物,〒028-0501,岩手県遠野市附馬牛町,39.4131935,141.5092074
仙人峠の紅葉,〒028-0501,岩手県遠野市・釜石市,39.3278378,141.5333031
大洞カルスト,〒028-0501,岩手県遠野市附馬牛町,39.4131935,141.5092074
又一の滝,〒028-0501,岩手県遠野市附馬牛町,39.4131935,141.5092074
重湍渓,〒028-0501,岩手県遠野市附馬牛町,39.4131935,141.5092074
荒川高原,〒028-0501,岩手県遠野市（宮古市）,39.3278378,141.5333031
貞任高原,〒028-0501,岩手県遠野市土淵町,39.3584409,141.5756511
薬師岳,〒028-0501,岩手県遠野市,39.3278378,141.5333031
久慈琥珀,〒028-0071,岩手県久慈市小久慈町,40.1731791,141.7576646
滝ダム湖遊覧船,〒028-0091,岩手県久慈市大川目町,40.1783747,141.7172512
平庭高原パークゴルフ場＆スキー場,〒028-8605,岩手県久慈市山形町平庭高原,40.1905242,141.7755826
舟渡海水浴場,〒028-0041,岩手県久慈市長内町,40.1860831,141.7764244
侍浜遊歩道,〒028-8030,岩手県久慈市侍浜町,40.2690938,141.796408
久慈渓流,〒028-0091,岩手県久慈市大川目町,40.1783747,141.7172512
三船十段記念館,〒028-0082,岩手県久慈市川貫5-20-230,40.1880634,141.7591084
久慈の市日,〒028-0056,岩手県久慈市中町,40.18909379999999,141.7662247
諏訪神社,〒028-0041,岩手県久慈市長内町35-98,40.1880804,141.7982144
久慈城址,〒028-0091,岩手県久慈市大川目町,40.1783747,141.7172512
赤浜展望台,〒028-0041,岩手県久慈市長内町,40.1860831,141.7764244
長泉寺の大イチョウ,〒028-0021,岩手県久慈市門前長泉寺,40.201021,141.7672221
侍浜海岸,〒028-0001,岩手県久慈市侍浜町,40.2690938,141.796408
牛島,〒028-0001,岩手県久慈市侍浜町麦生,40.223863,141.8249079
久慈渓流,〒028-0001,岩手県久慈市大川目町〜山形町,40.1783747,141.7172512
遠島山,〒028-0001,岩手県久慈市（岩泉町・山形村）,40.1905242,141.7755826
久慈広域協議会事務局,〒028-0061,岩手県久慈市中央3-39 あさひビル２階,40.1902121,141.7698003
北上ビューロ,〒024-0061,岩手県北上市大通り1-3-1 おでんせプラザぐろーぶ,39.28221569999999,141.1202747
鬼翔平コース,"",岩手県北上市,39.2867646,141.1131909
鬼すむ誇りコース,"",岩手県北上市,39.2867646,141.1131909
つなとり温泉,〒024-0331,岩手県北上市和賀町横川目3-17-2,39.3059484,140.9308409
水神温泉,〒024-0322,岩手県北上市和賀町岩崎,39.2803414,141.049293
ふるさと体験館北上,〒024-0324,岩手県北上市和賀町山口23-24-5,39.2965202,140.9723297
北上市立博物館,〒024-0043,岩手県北上市立花14-59,39.2713779,141.1304203
日本現代詩歌文学館,〒024-8503,岩手県北上市本石町2-5-60,39.2929194,141.1144878
北上市民ゴルフ場,〒024-0058,岩手県北上市下鬼柳４-１-９２,39.2801567,141.098684
北上市憩いの森,〒024-0041,岩手県北上市稲瀬町,39.2417368,141.1214665
大堤キャンプ場,〒024-0051,岩手県北上市相去町高前檀,39.257656,141.085389
げとうパークゴルフ場,〒024-0322,岩手県北上市和賀町岩崎新田,39.2665053,141.0034004
多聞院伊澤家住宅,〒024-0325,岩手県北上市和賀町岩沢,39.3010184,140.931677
北上夜曲の碑,〒024-0043,岩手県北上市立花,39.28263219999999,141.1326143
聖塚（河野通信墳墓）,〒024-0041,岩手県北上市稲瀬町,39.2417368,141.1214665
九年橋せせらぎ公園,"",岩手県北上市北鬼柳30地割地内,39.292561,141.0997114
和賀川グリーンパーク,〒024-0071,岩手県北上市上江釣子,39.2976544,141.0715799
北上総合運動公園,〒024-0051,岩手県北上市相去町高前檀27-36,39.2588339,141.092891
万蔵寺,〒024-0211,岩手県北上市口内町字金峰山44,39.2959244,141.2034913
鹿島神社宮殿,〒024-0056,岩手県北上市鬼柳町満屋,39.2749125,141.0869158
八天遺跡,〒024-0103,岩手県北上市更木町,39.3491704,141.1508684
天狗の岩,〒024-0322,岩手県北上市和賀町岩崎新田,39.2665053,141.0034004
成田一里塚,〒024-0003,岩手県北上市成田,39.3484445,141.1292431
カムイヘチリコホ,〒024-0072,岩手県北上市北鬼柳,39.292561,141.0997114
国見山廃寺跡,〒024-0041,岩手県北上市稲瀬町内門岡,39.2632293,141.1429806
江釣子古墳群,〒024-0071,岩手県北上市上江釣子,39.2976544,141.0715799
二子一里塚,〒024-0104,岩手県北上市二子町,39.3261831,141.1413261
樺山歴史の広場,〒024-0041,岩手県北上市稲瀬町,39.2417368,141.1214665
藩境塚,〒024-0051,岩手県北上市相去町,39.26185359999999,141.114661
飛勢城趾,〒024-0104,岩手県北上市二子町,39.3261831,141.1413261
岩崎城址,〒024-0321,岩手県北上市和賀町岩崎,39.2803414,141.049293
秀衡街道,"",岩手県北上市,39.2867646,141.1131909
岩手大学工学部附属金型技術研究センター,〒024-0051,岩手県北上市相去町山田2-35,39.2573429,141.1055058
北上市基盤技術支援センター,〒024-0051,岩手県北上市相去町山田2-35,39.2573429,141.1055058
北上平和記念展示館,〒024-0334,岩手県北上市和賀町藤根14-147-3,39.3165904,141.0306299
珊瑚橋,〒024-0043,岩手県北上市立花,39.28263219999999,141.1326143
国見山大悲閣展望台,〒024-0041,岩手県北上市稲瀬町,39.2417368,141.1214665
奥寺堰・ミズバショウの里,"",岩手県北上市村崎野,39.3201861,141.1140592
仙人峠の姥杉,"",岩手県北上市和賀町,39.3076467,140.9722238
【男山・いこいの森・大堤公園】しらゆり,"",岩手県北上市,39.2867646,141.1131909
【展勝地・和賀ふれあい広場】 あじさい,"",岩手県北上市,39.2867646,141.1131909
【みちのく民俗村】 桜,〒024-0043,岩手県北上市立花14-59,39.2713779,141.1304203
【展勝地】 桜、ツツジ,〒024-0043,岩手県北上市立花,39.28263219999999,141.1326143
小鳥崎の大カヤ,〒024-0105,岩手県北上市小鳥崎２地割,39.2977807,141.1433184
鳥谷脇の桜,〒024-0331,岩手県北上市和賀町横川目,39.3076467,140.9722238
ボタン園,〒024-0058,岩手県北上市下鬼柳,39.2673994,141.0897992
岩沢ミズバショウ群生地,〒024-0325,岩手県北上市岩沢地内,39.3010384,140.9316894
北上ざぜん草の里,〒024-0334,岩手県北上市和賀町藤根,39.3015168,141.0330216
全明寺泉,"",岩手県北上市下江釣子,39.29572599999999,141.0454624
ぽんぽこ泉,"",岩手県北上市下江釣子12地割,39.2952788,141.0451457
やすらぎの泉,"",岩手県北上市下江釣子14地割,39.2978288,141.0504813
桂の泉,"",岩手県北上市下江釣子14地割,39.2978288,141.0504813
地蔵流れの泉,"",岩手県北上市滑田９地割,39.3047507,141.0618914
新渡戸観音泉,"",岩手県北上市下江釣子14地割,39.2978288,141.0504813
家慶の清水（吹咳大権現）,"",岩手県北上市下江釣子16地割,39.2965294,141.0688634
長清水,"",岩手県北上市和賀町藤根27地割,39.3048949,141.0545113
佐野公園,"",岩手県北上市下江釣子10地割,39.2953481,141.0383269
飯島のすず,"",岩手県北上市和賀町長沼,39.3013638,141.0239336
江釣子清水郡,"",岩手県北上市,39.2867646,141.1131909
綱取断層,〒024-0331,岩手県北上市和賀町横川目,39.3076467,140.9722238
和賀の松島,〒024-0325,岩手県北上市和賀町岩沢８地割,39.2996491,140.9299522
夏油高原の山歩き,〒024-0322,岩手県北上市和賀町岩崎新田,39.2665053,141.0034004
夏油高原,"",岩手県北上市,39.2867646,141.1131909
駒ヶ岳,〒024-0322,岩手県北上市和賀町岩崎新田,39.2665053,141.0034004
経塚山,〒024-0322,岩手県北上市和賀町岩崎新田,39.2665053,141.0034004
牛形山,〒024-0322,岩手県北上市和賀町岩崎新田,39.2665053,141.0034004
林風舎,〒025-0092,岩手県花巻市大通り1丁目3-4,39.390778,141.111843
ヤマザキショップまるろく,〒025-0092,岩手県花巻市大通り1-3-1,39.3909447,141.1117569
メディカルスパ 花巻トロン,〒025-0244,岩手県花巻市湯口字松原76-9,39.40281909999999,141.0181822
桜地人館,〒025-0084,岩手県花巻市桜町4丁目14,39.37562459999999,141.1261619
花巻歴史民俗資料館,〒025-0037,岩手県花巻市太田3-85-1,39.388015,141.0057813
伊藤果樹園,"",岩手県花巻市,39.3885784,141.1166453
宇津宮果樹園（林檎屋）,〒028-3122,岩手県花巻市石鳥谷町滝田17-9,39.4612933,141.1991965
だいわブルーベリー園,〒025-0046,岩手県花巻市鍋倉地森7番地,39.4066392,141.0782015
早池峰ぶどう園 藤原ぶどう園,〒028-3201,岩手県花巻市大迫町内川目45-29,39.4845666,141.3145355
平塚・花巻交流の森,〒025-0321,岩手県花巻市金矢第5地割,39.43308529999999,141.0612023
鉛温泉スキー場,〒025-0252,岩手県花巻市鉛字中平36-1,39.3885784,141.1166453
神楽の館,"",岩手県花巻市大迫町内川目第３９地割３７〜２,39.488161,141.3228345
高村光太郎詩碑,〒025-0037,岩手県花巻市太田3-91-3,39.3873012,141.0056397
大迫九の市,〒028-3203,岩手県花巻市大迫町大迫,39.466523,141.2842534
光徳寺,"",岩手県花巻市南川原町９５,39.3845817,141.1158568
雄山寺,"",岩手県花巻市愛宕町1-25,39.394547,141.1118928
勝行院,〒025-0086,岩手県花巻市鍛治町8-15,39.3847677,141.1111517
鳥谷崎神社,〒025-0076,岩手県花巻市城内7-28,39.3898506,141.1221697
エーデルワイン 工場見学コース,〒028-3203,岩手県花巻市大迫町大迫10-18-3,39.474386,141.2852142
花巻市総合文化財センター,〒028-3203,岩手県花巻市大迫町大迫3-39-1,39.4654122,141.2894502
同心屋敷,〒025-0084,岩手県花巻市桜町4丁目83-5,39.3753051,141.1230872
ハヤチネウスユキソウ,〒028-3201,岩手県花巻市内川目,39.4994461,141.3238952
花輪堤花菖蒲群落,〒025-0002,岩手県花巻市西宮野目,39.4219969,141.1278428
花巻文化村,〒025-0004,岩手県花巻市葛 8-283-1,39.4302713,141.1411692
盛栄堂及源鋳造,〒023-0132,岩手県奥州市水沢区羽田町堀ノ内45,39.1394611,141.1856592
宝生堂・及富,〒023-0105,岩手県奥州市水沢区羽田町宝生57,39.142133,141.1849175
水沢石田温泉,〒023-0073,岩手県奥州市水沢区字寺領35,39.1449197,141.117168
道の駅みずさわ「フロール」,〒023-0831,岩手県奥州市水沢区姉体町字石川原51-3,39.1160297,141.1573153
東光庵,〒023-0101,岩手県奥州市水沢区黒石町字山内15-5,39.0836618,141.2060124
月江庵,〒023-0101,岩手県奥州市水沢区黒石町字正法寺58-2,39.067031,141.2240506
めんこい美術館,〒023-0003,岩手県奥州市水沢区佐倉河字東広町1-4,39.144155,141.1553517
消防記念館,〒023-0808,岩手県奥州市水沢区日高小路13,39.1430231,141.1327389
奥州市武家住宅資料館,〒023-0054,岩手県奥州市水沢区吉小路43,39.1429046,141.1389775
高野長英記念館,〒023-0857,岩手県奥州市水沢区中上野町1-9,39.1358491,141.1409772
奥州市伝統産業会館,〒023-0104,岩手県奥州市水沢区羽田町駅前1丁目109,39.14443139999999,141.1878284
斎藤實記念館,〒023-0054,岩手県奥州市水沢区吉小路24,39.144473,141.1345109
グリーンヒル見分森フィールド・アスレチック場,〒023-0874,岩手県奥州市水沢区見分森55-1,39.1196276,141.1016063
水沢リバーサイドゴルフ場,〒023-0841,岩手県奥州市水沢区真城字明神堂22の2,39.1333613,141.1704747
大師山森林公園キャンプ場,〒023-0101,岩手県奥州市水沢区黒石町字長根112-69,39.0893528,141.2063731
高野長英誕生の地,〒023-0054,岩手県奥州市水沢区吉小路,39.1429427,141.13933
後藤新平の像,〒023-0857,岩手県奥州市水沢区中上野町（水沢公園）,39.1363823,141.1403439
斎藤實の像,〒023-0857,岩手県奥州市水沢区中上野町（水沢公園）,39.1363823,141.1403439
後藤寿庵館跡,〒023-0882,岩手県奥州市水沢区福原,39.1313881,141.127423
水沢ふれあいの丘公園,〒023-0132,岩手県奥州市水沢区羽田町うぐいす平72,39.1292068,141.195692
グリーンヒル見分森,〒023-0874,岩手県奥州市水沢区見分森55-1,39.1196276,141.1016063
日高神社,〒023-0808,岩手県奥州市水沢区日高小路13,39.1430231,141.1327389
後藤新平旧宅,〒023-0802,岩手県奥州市水沢区吉小路8-1,39.1429427,141.13933
高野長英旧宅,〒023-0802,岩手県奥州市水沢区大畑小路7,39.140904,141.1394411
カヤ,〒023-0132,岩手県奥州市水沢区羽田町門下80番地（千養寺）,39.14279399999999,141.1867451
姥杉（日高神社）,〒023-0808,岩手県奥州市水沢区日高小路14番地（日高神社）,39.1427919,141.132371
おさかなセンター三陸,〒022-0002,岩手県大船渡市大船渡町字砂子前1-1,39.0422424,141.7221103
碁石温泉（民宿 海楽荘）,〒022-0001,岩手県大船渡市末崎町字大浜39,38.9885259,141.7397914
しゃくなげの湯っこ・五葉温泉,〒022-0005,岩手県大船渡市日頃市町字赤坂西風山1-5,39.1623538,141.715049
碁石海岸レストハウス,〒022-0001,岩手県大船渡市末崎町字大浜221-68,38.9907952,141.7424523
綾里物産センター銀河,〒022-0211,岩手県大船渡市三陸町綾里字宮野40-1,39.0540905,141.7990174
遊・YOU・亭 夏虫,〒022-0101,岩手県大船渡市三陸町越喜来字小出59-1,39.1365411,141.7789746
世界の椿館・碁石,〒022-0001,岩手県大船渡市末崎町大浜280-1,38.9908313,141.7414857
大船渡市立博物館,〒022-0001,岩手県大船渡市末崎町字大浜221-86,38.9889683,141.7416125
碁石海岸遊歩道,〒022-0001,岩手県大船渡市末崎町,38.9999749,141.7133457
きだみのる記念文学碑,〒022-0007,岩手県大船渡市赤崎町,39.08140720000001,141.7242201
石川啄木歌碑,〒022-0003,岩手県大船渡市盛町天神山公園,39.0866666,141.7057276
泉田愛泉歌碑,〒022-0001,岩手県大船渡市末崎町,38.9999749,141.7133457
石川啄木曽遊之地碑,〒022-0002,岩手県大船渡市大船渡町字丸森,39.0319767,141.7142893
盛町の朝市,〒022-0003,岩手県大船渡市盛町,39.0873643,141.7077493
天神山公園,〒022-0003,岩手県大船渡市盛町,39.0873643,141.7077493
龍福山 長谷寺,〒022-0004,岩手県大船渡市猪川町字長谷堂127,39.094786,141.7197589
長安寺,〒022-0005,岩手県大船渡市日頃市町字長安寺57,39.1084835,141.6861782
大洞貝塚,〒022-0007,岩手県大船渡市赤崎町字大洞,39.0688897,141.7400112
下船渡貝塚,〒022-0002,岩手県大船渡市大船渡町字下船渡,39.0361736,141.7179693
蛸ノ浦貝塚,〒022-0007,岩手県大船渡市赤崎町字蛸ノ浦,39.0347604,141.7376179
通岡展望台,〒022-0001,岩手県大船渡市末崎町 国道45号脇,38.9999749,141.7133457
五葉山のハクサンシャクナゲ,〒022-0001,岩手県大船渡市/釜石市/住田町,39.0819011,141.70853
樋口沢ゴトランド紀層,〒022-0005,岩手県大船渡市日頃市町,39.1054227,141.6866866
館ヶ崎角岩岩脈,〒022-0001,岩手県大船渡市末崎町,38.9999749,141.7133457
長崎海岸,〒022-0007,岩手県大船渡市赤崎町,39.08140720000001,141.7242201
千丸海岸,〒022-0007,岩手県大船渡市赤崎町,39.08140720000001,141.7242201
尾崎岬,〒022-0007,岩手県大船渡市赤崎町,39.08140720000001,141.7242201
盛川,〒022-0001,岩手県大船渡市,39.0819011,141.70853
五葉山,〒022-0001,岩手県大船渡市/釜石市/住田町,39.0819011,141.70853
今出山,〒022-0001,岩手県大船渡市,39.0819011,141.70853
碁石海岸案内所,〒022-0001,岩手県大船渡市末崎町字大浜221-68,38.9907952,141.7424523
姉ケ崎サン・スポーツランド,〒027-0097,岩手県宮古市崎山3-75-1,39.6854815,141.9802727
藤ノ川海水浴場,〒027-0029,岩手県宮古市磯鶏,39.6214811,141.9611758
女遊戸海水浴場,〒027-0097,岩手県宮古市崎山女遊戸,39.671897,141.9600807
蛸の浜海水浴場,〒027-0009,岩手県宮古市蛸ノ浜,39.6492306,141.9685328
浄土ヶ浜海水浴場,〒027-0001,岩手県宮古市日立浜町,39.6451812,141.9732768
浄土ヶ浜自然研究路,〒027-0001,岩手県宮古市,39.6414202,141.9571395
月山自然歩道,〒027-0001,岩手県宮古市,39.6414202,141.9571395
トドヶ崎自然歩道,〒027-0001,岩手県宮古市,39.6414202,141.9571395
宮古カントリークラブ,〒027-0097,岩手県宮古市崎山4-86-3,39.6958608,141.9586191
うみねこと乙女の像,〒027-0076,岩手県宮古市宮古駅前,39.6435659,141.9465194
啄木寄港の地の碑,〒027-0005,岩手県宮古市光岸地（宮古漁協ビル敷地内）,39.6413676,141.9649082
宮沢賢治歌碑,〒027-0001,岩手県宮古市浄土ヶ浜レストハウス前,39.6523962,141.978652
吉川英治句碑,〒027-0092,岩手県宮古市愛宕1丁目4-6 愛宕小学校敷地内,39.6437895,141.9621418
常安寺,〒027-0088,岩手県宮古市沢田4-11,39.6458057,141.9551175
横山八幡宮,〒027-0052,岩手県宮古市宮町2-5-1,39.63813409999999,141.9437019
御台場展望台,〒027-0001,岩手県宮古市浄土ヶ浜,39.6523962,141.978652
剛台展望台,〒027-0001,岩手県宮古市浄土ヶ浜,39.6523962,141.978652
館ヶ崎展望台,〒027-0001,岩手県宮古市浄土ヶ浜,39.6523962,141.978652
月山展望台,〒027-0111,岩手県宮古市重茂（重茂半島）第26地割鵜磯,39.5807211,142.0219419
スカシユリ,〒027-0001,岩手県宮古市浄土ヶ浜,39.6523962,141.978652
ローソク岩,〒027-0096,岩手県宮古市崎鍬ケ崎第12地割1番,39.6631371,141.9718961
日出島,〒027-0096,岩手県宮古市崎鍬ヶ崎18-56,39.6677614,141.9597086
津軽石川,〒027-0203,岩手県宮古市津軽石,39.5766468,141.9349163
月山,〒027-0111,岩手県宮古市重茂第26地割字鵜磯,39.5807211,142.0219419
ＩＧＲ渋民駅,〒028-4134,岩手県盛岡市玉山区下田陣場65-1,39.8376294,141.1549241
つどいの森こもれびの宿（盛岡市都南サイクリングターミナル）,〒020-0842,岩手県盛岡市湯沢1-1-41,39.6388311,141.0986333
サイクルオダシマ,〒020-0015,岩手県盛岡市本町通1-6-33,39.7066913,141.1560641
岩手大学植物園,〒020-8550,岩手県盛岡市上田三丁目18-8,39.714304,141.1391987
盛岡市先人記念館,〒020-0866,岩手県盛岡市本宮字蛇屋敷2-2,39.6940685,141.1265861
都南歴史民俗資料館,〒020-0842,岩手県盛岡市湯沢1-1-38,39.6412479,141.0825234
山車資料館,〒020-0872,岩手県盛岡市八幡町13-1,39.6953068,141.1633499
高松芝水園,〒020-0102,岩手県盛岡市上田堤,39.729558,141.1525304
松本りんご園ブルーベリー園,〒020-0402,岩手県盛岡市黒川4-12,39.6332282,141.1950025
朝島りんご園,〒020-0404,岩手県盛岡市大ケ生27-54-11,39.6238777,141.2288211
マルシロ農園,〒020-0812,岩手県盛岡市川目15-149-3,39.6914997,141.1943278
盛岡市都南つどいの森,〒020-0842,岩手県盛岡市湯沢１地割88番地,39.6381948,141.0914007
盛岡ハイランドカントリークラブ,〒020-0054,岩手県盛岡市猪去釈迦堂44-3,39.6748538,141.0750556
盛岡カントリークラブ,〒020-0803,岩手県盛岡市新庄字岩山公園,39.701676,141.1819016
原敬墓所,〒020-0828,岩手県盛岡市大慈寺町5-6,39.6937485,141.1577004
貞女おかんの墓,〒020-0015,岩手県盛岡市本町通1-14-1,39.7077939,141.1529449
米内光政像,〒020-0872,岩手県盛岡市八幡町八幡宮境内,39.6971648,141.1592724
横川省三の墓,〒020-0061,岩手県盛岡市北山二丁目12-15,39.7183815,141.1510975
石川啄木歌碑,〒020-0001,岩手県盛岡市盛岡城跡公園・天満宮・盛岡駅前・岩山公園,39.701683,141.136369
宮野小提灯句碑,〒020-0023,岩手県盛岡市内丸１-37,39.6998587,141.150687
銭掛の松,〒020-0016,岩手県盛岡市名須川町15-8,39.7107324,141.1522393
原敬生家,〒020-0866,岩手県盛岡市本宮４丁目38-25,39.6874762,141.1288616
啄木望郷の丘,〒020-0806,岩手県盛岡市新庄町岩山52,39.7015784,141.1678132
立原道造詩碑,〒020-0013,岩手県盛岡市愛宕町愛宕山中腹,39.70989110000001,141.1596609
宮沢賢治詩碑,〒020-0023,岩手県盛岡市内丸１-37,39.6998587,141.150687
石造十六羅漢　付五智如来,〒020-0822,岩手県盛岡市茶畑2丁目1,39.6930708,141.1611585
石造地蔵菩薩坐像,〒020-0015,岩手県盛岡市本町通2丁目15,39.7086464,141.1472287
ムカデ姫の墓,〒020-0016,岩手県盛岡市名須川町8-4,39.7106575,141.1535864
楢山佐渡の墓,〒020-0061,岩手県盛岡市北山二丁目12-15,39.7183815,141.1510975
愛染明王像,〒020-0013,岩手県盛岡市内丸1-50,39.701053,141.1525757
新渡戸稲造記念碑,〒020-0023,岩手県盛岡市内丸１-37,39.6998587,141.150687
南部利直の墓,〒020-0061,岩手県盛岡市北山二丁目9-17,39.7177204,141.1472729
栗山大膳の墓,〒020-0013,岩手県盛岡市愛宕町21-10,39.7114381,141.1583248
愛宕山記念公園,〒020-0013,岩手県盛岡市愛宕山1-1,39.7132206,141.1605503
四十四田公園,〒020-0102,岩手県盛岡市上田字松屋敷34,39.7554666,141.1538878
三ツ石神社,〒020-0016,岩手県盛岡市名須川町2-1,39.7087855,141.1541586
東禅寺,〒020-0061,岩手県盛岡市北山2-9-17,39.7162345,141.1514892
円光寺,〒020-0874,岩手県盛岡市南大通3-11-49,39.6925041,141.1545591
永泉寺,〒020-0828,岩手県盛岡市大慈寺町8-22,39.693293,141.1593059
久昌寺,〒020-0828,岩手県盛岡市大慈寺町1-5,39.695676,141.1572949
永祥院,〒020-0063,岩手県盛岡市材木町4-10,39.7068436,141.1387073
大泉寺,〒020-0015,岩手県盛岡市本町通1-14-1,39.7077939,141.1529449
聖寿禅寺,〒020-0061,岩手県盛岡市北山2-12-15,39.7183815,141.1510975
榊山稲荷神社,〒020-0061,岩手県盛岡市北山2-12-12,39.7188315,141.1520835
厨川の柵跡,〒020-0137,岩手県盛岡市天昌寺町,39.7107511,141.1196284
菊の司酒造,〒020-0885,岩手県盛岡市紺屋町4-20,39.70365839999999,141.156578
桜顔酒造,〒020-0811,岩手県盛岡市川目町23-18,39.679056,141.1840957
御蔵（下町史料館）,〒020-0874,岩手県盛岡市南大通3-12-30,39.6919064,141.1537851
盛岡てがみ館,〒020-0871,岩手県盛岡市中ノ橋通一丁目1-10 プラザおでって6F,39.7000453,141.1547636
旧石井県令私邸,〒020-0875,岩手県盛岡市清水町7-51,39.6959091,141.1500066
