太宰府天満宮,〒818-0117,福岡県太宰府市宰府4-7-1,33.5206592,130.5355057
キャナルシティ博多,〒812-0018,福岡県福岡市博多区住吉１丁目２-２５,33.5895049,130.4117453
マリノアシティ福岡,〒819-0001,福岡県福岡市西区小戸2-12-30,33.5943686,130.322752
博多駅,〒812-0012,福岡市博多区中央街,33.591341,130.4215222
マリンワールド海の中道,〒811-0321,福岡県福岡市東区西戸崎18-28,33.6612632,130.3633244
天神地下街,〒810-0001,福岡県福岡市中央区天神1-6-8,33.5895436,130.4005711
福岡タワー,〒814-0001,福岡県福岡市早良区百道浜2-3-26,33.59325,130.351472
大濠公園,〒810-0051,福岡県福岡市中央区大濠公園,33.5901515,130.3737592
スペースワールド,〒805-0002,福岡県北九州市八幡東区東田４−１−１,33.8754119,130.8121714
小倉城,〒803-0813,福岡県北九州市小倉北区城内2-1 勝山公園内,33.8853285,130.8735717
屋台,〒810-0801,福岡県福岡市内各所,33.5903547,130.4017155
柳川川下り,〒832-0001,福岡県柳川市,33.1630889,130.4057531
門司港レトロ,"",福岡県北九州市門司区,33.9411384,130.9596629
門司港駅,〒801-0841,福岡県北九州市門司区西海岸1-5-31,33.9448963,130.9615627
櫛田神社,〒812-0001,福岡県福岡市博多区上川端1-41,33.5929962,130.4104897
中洲,〒812-0001,福岡県福岡市博多区中州,33.5925017,130.4063956
ヤフオク！ドーム,〒810-8660,福岡県 福岡市 中央区 知行浜2丁目2番2号,33.5892157,130.3928134
東長寺,〒812-0037,福岡県福岡市博多区御供所町2-4,33.5948461,130.4144533
九州国立博物館,〒818-0118,福岡県太宰府市石坂4-7-2,33.5182456,130.5383083
道の駅,"",原鶴 福岡県朝倉市杷木久喜宮1665-1,33.3538357,130.785167
ホークスタウン,〒810-0001,福岡県福岡市中央区,33.5892157,130.3928134
道の駅うきは,〒839-1408,福岡県うきは市浮羽町山北729-2 道の駅うきは,33.3342245,130.818229
チャチャタウン小倉,〒802-0014,福岡県北九州市小倉北区砂津3-1-1,33.8833456,130.8886958
旦過市場,〒802-0006,福岡県北九州市小倉北区魚町４丁目１-２６,33.88142060000001,130.8793576
アミュプラザ小倉,〒802-0001,福岡県北九州市小倉北区浅野1-1-1,33.8868174,130.8821489
九州鉄道記念館,〒801-0833,福岡県北九州市門司区清滝２-３-２９,33.9431314,130.9618037
博多座,〒812-0027,福岡県福岡市博多区下川端町2-1,33.5957958,130.4059289
筑紫野 天拝の郷,〒818-0053,福岡県筑紫野市天拝坂２丁目4-3,33.4886567,130.4969005
海峡ドラマシップ,〒801-0841,福岡県北九州市門司区西海岸1-3-3,33.9437659,130.9569465
福岡市博物館,〒814-0001,福岡県福岡市早良区百道浜3-1-1,33.5897847,130.3530663
筥崎宮,〒812-0053,福岡県福岡市東区箱崎1-22-1,33.6145192,130.4222298
門司港レトロ海峡プラザ,〒801-0852,福岡県北九州市門司区港町５番１号,33.94586570000001,130.9636208
かしいかえん シルバニアガーデン,〒813-0001,福岡県福岡市東区香佐ヶ丘7-2-1,no,no
道の駅,「豊前おこしかけ」,〒828-0011,33.61008200000001,131.1023814
ベイサイドプレイス博多埠頭,〒812-0021,福岡県福岡市博多区築港本町１３-６,33.6038531,130.3987989
皿倉山,〒805-0059,福岡県北九州市八幡東区,33.8634437,130.8118635
海の中道海浜公園,〒811-0321,福岡県福岡市東区西戸崎18-25,33.66076049999999,130.3587248
キリンビール福岡工場,〒838-8686,福岡県 朝倉市 馬田 3601,33.4088439,130.6255735
宮地嶽神社,〒811-3305,福岡県福津市宮司元町7-1,33.7797255,130.4867627
福岡市動植物園,〒810-0037,福岡県福岡市中央区南公園1-1,33.5728164,130.39236
水田天満宮（恋木神社）,〒833-0027,福岡県筑後市水田62-1,33.1985788,130.4857
八坂神社,〒803-0813,福岡県北九州市小倉北区城内２-２勝山公園内,33.8853285,130.8735717
門司港レトロ展望室,〒801-0853,福岡県北九州市門司区東港町1-32,33.9485237,130.9641568
警固神社,〒810-0001,福岡県福岡市中央区天神2-2-20,33.5877882,130.3999212
宗像大社（辺津宮）,〒811-3505,福岡県宗像市田島,33.8253094,130.5146477
北九州市立いのちのたび博物館,〒805-0071,福岡県北九州市八幡東区東田２−４−１,33.869172,130.8085418
アクロス福岡,〒810-0001,福岡県福岡市中央区天神1-1-1,33.5914712,130.4023487
無印良品キャナルシティ博多,〒812-0018,福岡県福岡市博多区住吉1-2-1 シアタービル3・4階,33.5907714,130.4106092
筑前町立大刀洗平和記念館,〒838-0814,福岡県朝倉郡筑前町高田2561-1,33.41226,130.6195461
福岡PARCO,〒801-0001,福岡県 福岡市 中央区天神2丁目11-1,33.5910629,130.3983824
天神西通り,〒810-0001,福岡県福岡市中央区天神,33.5902074,130.3976602
のこのしまアイランドパーク,〒819-0012,福岡県福岡市西区能古1624,33.6313726,130.3018252
博多リバレイン,〒812-0027,福岡県福岡市博多区下川端町３-１,33.5952014,130.4058512
福岡市鮮魚市場市場会館,〒810-0072,福岡県福岡市中央区長浜3-11-3,33.5947039,130.3896192
原鶴温泉,〒838-1521,福岡県朝倉市,33.4234125,130.665573
二日市温泉,〒818-0058,福岡県筑紫野市湯町,33.4919622,130.5147019
皿倉山展望台,〒805-0001,福岡県北九州市八幡東区,33.8634437,130.8118635
福岡城跡,〒810-0043,福岡県福岡市中央区城内,33.584705,130.3807227
白糸の滝,〒819-1154,福岡県糸島市白糸460-1,33.4807087,130.1754161
シーサイドももち海浜公園,〒814-0001,福岡県福岡市中央区地行浜2地先〜早良区百道浜2〜4地先,33.591304,130.3611545
松本清張記念館,〒803-0813,福岡県北九州市小倉北区城内2-3 勝山公園内,33.8853285,130.8735717
福岡アジア美術館,〒812-0027,福岡県福岡市博多区下川端町3-1 博多リバレインリバーサイド7・8F,33.595457,130.4056262
勝山公園,〒803-0813,福岡県北九州市小倉北区城内,33.8853285,130.8735717
北九州市旧大阪商船,〒801-0852,福岡県北九州市門司区港町7-18,33.9461434,130.9622126
ブルーウィングもじ,〒801-0852,福岡県北九州市門司区港町,33.9453518,130.9639235
アサヒビール博多工場,〒816-0095,福岡県福岡市博多区竹下3-1-1,33.5709459,130.4309056
住吉神社,〒812-0018,福岡県福岡市博多区住吉3-1-51,33.5859192,130.4137368
JR博多シティ,〒812-0012,福岡県福岡市博多区博多駅中央街1番1号（博多駅直結）,no,no
大宰府政庁跡,〒818-0101,福岡県太宰府市観世音寺,33.5124296,130.5192317
英彦山神宮,〒824-0721,福岡県田川郡添田町英彦山,33.4840746,130.9053679
平尾台,〒803-0186,福岡県北九州市小倉南区大字新道寺・（行橋市）,33.8465246,130.8848111
筑後川,〒839-1405,福岡県朝倉市,33.4234125,130.665573
秋月城跡の桜,〒838-0011,福岡県朝倉市秋月町野鳥,33.469572,130.6909841
道の駅いとだ おじゅごんち市場からすお,〒822-1326,福岡県田川郡糸田町１６２番地４,33.6528308,130.7791141
竈門神社,〒818-0115,福岡県太宰府市内山883,33.5286583,130.5521519
北九州市旧門司三井倶楽部,〒801-0852,福岡県北九州市門司区港町7-1,33.9458101,130.9625181
三岳梅林,〒803-0263,福岡県北九州市小倉南区大字辻三,33.8182885,130.8367209
久留米成田山,〒830-0052,福岡県久留米市上津町1386-22,33.2849678,130.5352436
立花ワイン株式会社,〒834-0082,福岡県八女市立花町兼松726,33.1969253,130.601069
筑後川温泉,〒839-1405,福岡県うきは市古川,33.3576698,130.8120628
舞鶴公園のさくら,〒810-0043,福岡県福岡市中央区城内,33.584705,130.3807227
香椎宮,〒813-0011,福岡県福岡市東区香椎4-16-1,33.6528405,130.4521652
東平尾公園（博多の森）,〒816-0052,福岡県福岡市博多区東平尾公園2-1-2,33.5847658,130.4647612
からたち文人の足湯,〒832-0057,福岡県柳川市弥四郎町9,33.1568256,130.4011232
天満宮の梅,〒818-0117,福岡県太宰府市宰府４-７-１,33.5206592,130.5355057
志摩物産直売所「志摩の四季」,〒819-1311,福岡県糸島市志摩津和崎33-1,33.5782564,130.1879944
西公園のさくら,〒810-0001,福岡県福岡市中央区,33.5892157,130.3928134
恋ぼたる 温泉館,〒833-0014,福岡県筑後市大字尾島298-2,33.1830725,130.5026683
星の温泉館「きらら」,〒834-0201,福岡県八女市星野村10780-1,33.2489199,130.7615398
筥崎宮神苑花庭園,〒812-0053,福岡県福岡市東区箱崎1-22-1,33.6145192,130.4222298
大牟田市動物園,〒836-0871,福岡県大牟田市昭和町１６３番地,33.0203019,130.4439686
石橋美術館,〒839-0862,福岡県久留米市野中町1015,33.3120429,130.5303602
楽水園,〒812-0018,福岡県福岡市博多区住吉2-10-7,33.586933,130.413423
到津の森公園,〒803-0845,福岡県北九州市小倉北区上到津４-１-８,33.8730489,130.8473156
桜井神社（岩戸宮）,〒819-1304,福岡県糸島郡志摩町桜井4227,33.5573203,130.195555
福岡県青少年科学館,〒830-0003,福岡県久留米市東櫛原町1713,33.3181146,130.5283549
柳川城堀,〒832-0001,福岡県柳川市,33.1630889,130.4057531
小倉城庭園,〒803-0813,福岡県北九州市小倉北区城内２-１,33.8844314,130.8742606
和布刈神社,〒801-0855,福岡県北九州市門司区大字門司3492,33.9608916,130.9623292
愛宕神社,〒819-0015,福岡県福岡市西区愛宕2-7-1,33.5856206,130.3348411
あんずの里運動公園,〒811-3521,福岡県宗像郡津屋崎町大字勝浦1706-1,33.8054314,130.5407182
柳川温泉,〒832-0057,福岡県柳川市弥四郎町１０-１,33.1568811,130.3997372
柳川市協会,〒832-0065,福岡県柳川市沖端町35,33.1584697,130.3948849
北原白秋生家・白秋記念館,〒832-0065,福岡県柳川市沖端町55-1,33.1589751,130.394235
カルナパーク花立山温泉,〒838-0821,福岡県朝倉郡筑前町上高場795,33.4346571,130.6128243
だざいふ遊園地,〒818-0117,福岡県太宰府市宰府4-7-8,33.5211925,130.5366139
恋ぼたる物産館,〒833-0014,福岡県筑後市大字尾島310,33.1832002,130.5032071
道の駅「おおむた」花ぷらす館,〒837-0907,福岡県大牟田市四箇新町2丁目1番地,33.0732475,130.5321905
能古島,〒819-0012,福岡県福岡市西区,33.582939,130.3231186
海の中道,〒813-0001,福岡県福岡市東区,33.6177464,130.4173912
梅林寺,〒830-0028,福岡県久留米市京町210,33.3227694,130.4983997
茶の文化館,〒834-0201,福岡県八女市星野村10816-5,33.2476033,130.7572068
友泉亭公園,〒814-0122,福岡県福岡市城南区友泉亭1-46,33.56255180000001,130.3762485
マリノア,〒819-0001,福岡県福岡市西区小戸,33.58861330000001,130.3143859
グリーンパーク,〒808-0001,福岡県北九州市若松区響灘緑地内,33.9054755,130.8111429
門司電気通信レトロ館,〒801-0856,福岡県北九州市門司区浜町４-１,33.9503012,130.9669649
ノーフォーク広場,〒801-0854,福岡県北九州市門司区旧門司2,33.9567144,130.9651483
和布刈公園第2展望台,〒800-0001,福岡県北九州市門司区大字和布刈公園内,33.9411384,130.9596629
田川市石炭記念公園,〒825-0002,福岡県田川市伊田2734-1,33.6409628,130.8140162
福岡アンパンマンこどもミュージアムinモール,〒812-0027,福岡県福岡市博多区下川端町3-1 博多リバレイン5・6階,33.5956863,130.4065766
皿倉山スロープカー,〒805-0001,福岡県北九州市八幡東区大字尾倉1481-1,33.8566665,130.7964151
似顔絵屋,〒812-0018,福岡県福岡市博多区住吉1-2-1 キャナルシティ博多,33.5897736,130.4106379
秋月城跡,〒838-0011,福岡県朝倉市野鳥,33.4687777,130.6936421
「博多町家」ふるさと館,〒812-0039,福岡県福岡市博多区冷泉町6-10,33.5937281,130.411474
高良大社,〒839-0851,福岡県久留米市御井町1番地,33.3020193,130.5654718
川端通り商店街,〒812-0001,福岡県福岡市博多区,33.59135759999999,130.4148783
関門海峡（早鞆ノ瀬戸）,〒801-0855,福岡県北九州市,33.8834093,130.8752161
高炉台公園,〒805-0019,福岡県北九州市八幡東区中央３丁目,33.8650546,130.8127717
北九州市立美術館,〒804-0001,福岡県北九州市戸畑区鞘ケ谷町21-1,33.8725909,130.8291006
朝倉の揚水車群,〒838-1307,福岡県朝倉市菱野,33.3735832,130.7438976
旧伊藤伝右衛門邸,〒820-0066,福岡県飯塚市幸袋300,33.6617472,130.6862806
日向神峡,〒834-1401,福岡県八女郡矢部村日向神,33.2513,130.561
彦徳甲塚古墳,〒824-0122,福岡県京都郡みやこ町,33.6992615,130.9204013
筑後川,〒830-0224,福岡県久留米市城島町上青木314-1,33.2405251,130.4077325
月読神社,〒839-1233,福岡県久留米市田主丸町田主丸552-2,33.3447759,130.6911193
桜井二見ケ浦,〒819-1304,福岡県糸島市志摩桜井,33.6204826,130.1912628
鎮国寺,〒811-3506,福岡県宗像市吉田966番地,33.8343391,130.5171889
森鴎外旧居,〒802-0004,福岡県北九州市小倉北区鍛冶町1-7-2,33.8828233,130.8836684
足立森林公園,〒802-0037,福岡県北九州市小倉北区小文字１丁目,33.8770882,130.9030083
大牟田温泉 満月の湯,〒836-0895,福岡県大牟田市新勝立町6丁目37,33.0130976,130.4683338
海峡プラザ,〒801-0852,福岡県北九州市門司区港町5-1,33.94586570000001,130.9636208
ふるさと交流館日王の湯,〒822-1202,福岡県田川郡福智町神崎1056番地30,33.6746526,130.75766
清水寺,〒835-0003,福岡県みやま市瀬高町本吉1119-1,33.1510929,130.5254143
調音の滝公園,〒839-1415,福岡県うきは市浮羽町妹川3184,33.297354,130.7451109
脇田温泉,〒822-0133,福岡県宮若市脇田16 宮若市協会,33.6930194,130.5905085
芦屋歴史の里,〒807-0141,福岡県遠賀郡芦屋町大字山鹿１２００番地,33.9061684,130.6656261
東郷神社,〒811-3307,福岡県福津市渡,33.7916899,130.4576174
古賀政男記念館（生家）,〒831-0026,福岡県大川市大字三丸844,33.1925153,130.383644
船小屋鉱泉場,〒833-0014,福岡県筑後市尾島,33.1838419,130.5050292
松濤園,〒832-0069,福岡県柳川市新外町1番地,33.1583225,130.398054
寺町,〒830-0014,福岡県久留米市寺町,33.3184701,130.5203584
梅林寺外苑の梅,〒830-0028,福岡県久留米市京町209,33.3231749,130.4998191
脊振山,〒811-1113,福岡県福岡市（佐賀県）,33.5343873,130.4175254
関門海峡ミュージアム（海峡ドラマシップ）,〒801-0841,福岡県北九州市門司区西海岸１丁目３-３,33.9437659,130.9569465
風師山,〒801-0821,福岡県北九州市門司,33.9411384,130.9596629
エバーグリーンマリノア大観覧車,〒819-0001,福岡県福岡市西区小戸2-12-43 エバーグリーンマリノア,no,no
柳川の川下り,〒832-0001,福岡県柳川市,33.1630889,130.4057531
秋月党戦士の墓,〒824-0121,福岡県京都郡みやこ町甲塚,33.6992615,130.9204013
川ノ上遺跡,〒824-0101,福岡県京都郡みやこ町徳永,33.6899464,130.999064
中島朝市,〒839-0254,福岡県柳川市中島（大徳商店街等）,33.1630889,130.4057531
県営筑後広域公園,〒833-0015,福岡県筑後市大字津島831-1,33.176187,130.4878554
らいおん果実園,〒838-0221,福岡県朝倉郡筑前町吹田1478-1,33.4702115,130.5944557
ふれあい広場ふくま,〒811-3207,福岡県福津市上西郷５３９-１,33.7598946,130.5041255
福津市総合運動公園（なまずの郷）,〒811-3207,福岡県福津市上西郷779-1,33.7548591,130.5094584
雷山千如寺大悲王院,〒819-1145,福岡県糸島市雷山626,33.4945979,130.228622
大宰府展示館,〒818-0101,福岡県太宰府市観世音寺4-6-1,33.513746,130.5161542
光明禅寺,〒818-0117,福岡県太宰府市宰府2-16-1,33.5183817,130.5341752
太宰府協会,〒818-0117,福岡県太宰府市宰府3-2-3,33.5198566,130.5325753
風浪宮（おふろうさん）,〒831-0016,福岡県大川市酒見,33.2089608,130.3836937
石炭産業科学館,〒836-0037,福岡県大牟田市岬町６-２３,33.0310364,130.4243809
福岡市美術館,〒810-0051,福岡県福岡市中央区大濠公園1-6,33.5839225,130.379813
櫛田神社の大イチョウ,〒812-0026,福岡県福岡市博多区上川端町1-41,33.5929962,130.4104897
中央公園,〒804-0022,福岡県北九州市戸畑区金比羅町、東鞘ヶ谷町、八幡東区高見5丁目,33.8783566,130.8419603
福岡ドーム THE BIG LIFE,〒810-8660,福岡県福岡市中央区地行浜2-2-2 福岡ドーム内,33.5951842,130.3619238
内尾薬師如来,〒800-0362,福岡県京都郡苅田町大字馬場,33.7791816,130.97573
博多百年蔵,〒812-0043,福岡県福岡市博多区堅粕1-30-1,33.5988875,130.417689
カナディアンキャンプ 乗馬クラブ,〒811-3501,福岡県宗像市神湊44-1,33.8454619,130.4934604
喜八荘,〒819-1641,福岡県糸島郡二丈町吉井3504-1,no,no
北野天満宮,〒830-1113,福岡県久留米市北野町中3267,33.34361,130.5846168
いちご狩り,〒839-1411,福岡県うきは市浮羽町流川・一の瀬,33.3261886,130.7826661
夜須高原記念の森,〒838-0201,福岡県朝倉郡筑前町櫛木3-6,33.4915356,130.6571054
観世音寺,〒818-0101,福岡県太宰府市観世音寺5-6-1,33.5149544,130.5219343
戒壇院,〒818-0101,福岡県太宰府市観世音寺5-7-10,33.5147877,130.5208288
八女中央大茶園,〒834-0000,福岡県八女市本,33.2260858,130.5825361
勝盛公園,〒820-0068,福岡県飯塚市片島一丁目,33.6439659,130.6831898
内ケ磯渓谷,〒822-0001,福岡県直方市,33.7441839,130.7296326
臥龍梅,〒837-0922,福岡県大牟田市今山２５３８ 普光寺,33.0321819,130.4969537
夜宮公園,〒804-0042,福岡県北九州市戸畑区夜宮,33.8863111,130.8319304
白野江植物公園,〒801-0802,福岡県北九州市門司区白野江２丁目,33.9366256,131.0051171
北九州市国際友好記念図書館,〒801-0853,福岡県北九州市門司区東港町１-１２,33.94803479999999,130.9641013
天神中央公園,〒810-0002,福岡県福岡市中央区天神1-1,33.5907269,130.402757
神水まむし温泉,〒819-1641,福岡県糸島郡二丈町吉井2380ー1,33.5573203,130.195555
小石原焼,〒838-1601,福岡県朝倉郡小石原村,33.4688778,130.8241944
杉田久女句碑,〒824-0721,福岡県田川郡添田町,33.5718545,130.8539545
竹原古墳,〒822-0142,福岡県宮若市竹原734-3,33.7328738,130.6104527
船小屋鉱泉源公園,〒833-0014,福岡県筑後市尾島,33.1838419,130.5050292
嘉穂劇場,〒820-0041,福岡県飯塚市飯塚5-23,33.6364864,130.6871535
三池山,〒836-0001,福岡県大牟田市,33.0302622,130.4459852
河内温泉「あじさいの湯」,〒805-0045,福岡県北九州市八幡東区河内二丁目３-３６,33.8304691,130.7949104
高塔山公園,〒808-0053,福岡県北九州市若松区大字修多羅,33.9002147,130.8005606
矢筈山キャンプ場,〒800-0007,福岡県北九州市門司区小森江,33.9177738,130.9396986
御祖神社（妙見神社）,〒802-0041,福岡県北九州市小倉北区妙見町１７-１,33.8622898,130.9027059
花乱の滝,〒814-0001,福岡県福岡市早良区,33.5819411,130.3484363
太宰府南画美術館聴松園,〒818-0117,福岡県太宰府市宰府1丁目１５−１１,33.520412,130.531217
ナイキファクトリーストア ホークスタウン,〒810-0065,福岡県福岡市中央区地行浜2-2-1 ホークスタウン内,33.5931428,130.3636599
城山公園,〒834-1203,福岡県八女市黒木町北木屋,33.2110979,130.6876337
猫尾城跡,〒834-1203,福岡県八女市黒木町北木屋,33.2110979,130.6876337
二丈温泉「きららの湯」,〒819-1601,福岡県糸島市二丈深江５９８-１,33.5195953,130.1396109
福岡レイクサイドカントリークラブ,〒820-0077,福岡県飯塚市椋本611-19,33.5981919,130.6591017
福間海浜公園,〒811-3219,福岡県福津市西福間3-49-1,33.7643102,130.4689753
若杉山,〒811-2411,福岡県糟屋郡篠栗町大字若杉,33.6166482,130.5243234
宇美八幡宮,〒811-2101,福岡県糟屋郡宇美町宇美一丁目１番１号,33.5704227,130.5089571
長田鉱泉場,〒835-0007,福岡県みやま市瀬高町長田,33.1798784,130.5092623
加布里公園,〒819-1124,福岡県糸島市加布里702-1,33.5474978,130.159242
宗像ユリックス,〒811-3437,福岡県宗像市久原400番地,33.7911303,130.5475902
筑紫神社,〒818-0024,福岡県筑紫野市原田2550,33.4514688,130.5428789
東公園,〒812-0045,福岡県福岡市博多区東公園,33.6057674,130.4218107
油山,〒811-1111,福岡県福岡市,33.5903547,130.4017155
無法松の碑,〒802-0082,福岡県北九州市小倉北区古船場町１-３５商工貿易会館裏,33.8788348,130.883313
篠崎八幡神社,〒803-0861,福岡県北九州市小倉北区篠崎一丁目７-１,33.8648152,130.8693863
帆柱ケーブル,〒805-0059,福岡県北九州市八幡東区尾倉１４８１-１,33.8566665,130.7964151
和布刈公園,〒801-0855,福岡県北九州市門司区大字門司,33.9608916,130.9623292
まもるーむ福岡,〒810-0065,福岡市中央区地行浜2丁目1−34 福岡市保健環境研究所1F,33.5947648,130.3645598
マリゾン,〒814-0001,福岡県福岡市早良区百道浜2-902-1,33.5948399,130.3513496
ラピュタファーム,〒827-0001,福岡県田川郡川崎町大ヶ原,33.5770199,130.8265477
三柱神社,〒832-0826,福岡県柳川市三橋町高畑323-1,33.1698383,130.4147158
清水公園,〒835-0003,福岡県みやま市瀬高町本吉,33.1501205,130.5118456
今村カトリック教会,〒830-1223,福岡県三井郡大刀洗町今,33.3704774,130.5998066
吉井,〒839-1306,福岡県うきは市,33.347297,130.7549338
道の駅小石原,〒838-1601,福岡県朝倉郡東峰村大字小石原,33.4688778,130.8241944
JR内野カントリークラブ,〒820-0708,福岡県飯塚市弥山740,33.537051,130.6595341
狩尾岬,"",福岡県遠賀郡芦屋町大字山鹿,33.898611,130.6679676
駕与丁公園,〒811-2309,福岡県糟屋郡粕屋町駕与丁三丁目,33.6102428,130.4820811
垣生公園,〒809-0001,福岡県中間市垣生,33.8191048,130.7004998
旧吉原家住宅・資料館,〒831-0041,福岡県大川市大字小保136-17,33.2067748,130.3699652
八女民俗資料館,〒834-0031,福岡県八女市本町2-123-2,33.2070428,130.5571223
甘木公園,〒838-0061,福岡県朝倉市菩提寺,33.4219432,130.6659896
梅林公園,〒821-0011,福岡県嘉麻市下山田３２８-１,33.5772519,130.7620192
柳川の柳,〒832-0001,福岡県柳川市,33.1630889,130.4057531
久留米百年公園,〒839-0864,福岡県久留米市百年公園2432-1,33.3208007,130.5343795
須佐能袁神社,〒839-0835,福岡県久留米市草野町草野443-2,33.3188718,130.6381573
筑後川の菜の花,〒839-0201,福岡県久留米市,33.3192865,130.5083735
オーム乳業（株）,〒836-0895,福岡県大牟田市新勝立町１-３８-１,33.0172278,130.4703754
油山牧場,〒811-1353,福岡県福岡市南区柏原西山田710-2,no,no
崇福寺,〒812-0044,福岡県福岡市博多区千代4-7-79,33.6058311,130.4144419
小倉城のさくら,〒803-0813,福岡県北九州市小倉北区城内,33.8853285,130.8735717
木屋瀬,〒807-1261,福岡県北九州市八幡西区木屋瀬,33.7769854,130.721629
三国境石,〒838-0101,福岡県小郡市三国地区,33.4341156,130.5652541
北原白秋詩碑,〒805-0001,福岡県北九州市八幡東区皿倉山頂東展望台前,33.8634437,130.8118635
スカイホイール,〒819-0001,福岡県福岡市西区小戸2-12-30 マリノアシティ福岡,33.5952398,130.3226607
鴻臚館跡展示館,〒810-0043,福岡県福岡市中央区城内1,33.586366,130.3851918
千間土居公園,〒834-0085,福岡県八女市立花町北山,33.18606740000001,130.557909
高倉神社,〒811-4234,福岡県遠賀郡岡垣町大字高倉1113,33.846364,130.6004136
雷山,〒819-1145,福岡県糸島市雷山,33.5136655,130.2223055
宗像情報コーナー,〒811-3502,福岡県宗像市江口1172（道の駅むなかた内）,33.8425434,130.508384
遠賀川,〒809-0001,福岡県中間市（芦屋町・水巻町・遠賀町）,33.81664980000001,130.7090769
古処山,〒820-0332,福岡県朝倉市,33.4234125,130.665573
東陶機器（株）小倉第1工場,〒802-8601,福岡県北九州市小倉北区中島2-1-1,33.8737075,130.8731082
マリンメッセ福岡,〒812-0031,福岡市博多区沖浜町7-1,33.6074111,130.4022179
神宮院の大銀杏,〒822-1401,福岡県田川郡香春町殿町,33.6786872,130.8487269
柳川古文書館,〒832-0021,福岡県柳川市隅町71-2,33.1651055,130.413605
久留米城跡（篠山城）,〒830-0021,福岡県久留米市篠山町444,33.3282469,130.5071852
山辺道文化館,〒839-0835,福岡県久留米市草野町草野487-1,33.3181718,130.6333188
舞鶴公園,〒810-0043,福岡県福岡市中央区城内1,33.586366,130.3851918
志賀島,〒813-0001,福岡県福岡市東区,33.6177464,130.4173912
シロウオとり,〒819-0015,福岡県福岡市,33.5903547,130.4017155
須佐神社（今井祇園）,〒824-0015,福岡県行橋市元永,33.7128528,131.0103789
シーサイドスパ,〒805-0071,福岡県北九州市八幡東区東田5-2-7,33.8777311,130.8089189
若宮八幡宮,〒839-1311,福岡県うきは市吉井町若宮366-1,33.344592,130.7664221
白壁通り,〒839-1321,福岡県うきは市吉井町,33.3429891,130.7560006
洞山,〒807-0101,福岡県遠賀郡芦屋町大字山鹿,33.898611,130.6679676
三連水車,〒838-1305,福岡県朝倉市菱野,33.3735832,130.7438976
遍照院,〒830-0014,福岡県久留米市寺町56,33.3194311,130.5198751
平和観世音菩薩,〒802-0978,福岡県北九州市小倉南区大字蒲生鷲峰山頂,33.8465246,130.8848111
生の松原海水浴場,〒819-0055,福岡県福岡市西区生の松原,33.5725337,130.2993846
大牟田協会,〒836-0001,福岡県大牟田市,33.0302622,130.4459852
宮浦石炭記念公園,〒836-0835,福岡県大牟田市西宮浦町,33.0281292,130.4531653
萩ノ尾古墳,〒836-0097,福岡県大牟田市東萩尾町,33.004093,130.4713225
緑道,〒811-2101,福岡県糟屋郡宇美町,33.5677786,130.5111124
大牟田協会,〒836-0843,福岡県大牟田市不知火町1-144,33.0299205,130.444688
銅の鳥居,〒824-0721,福岡県田川郡添田町英彦山,33.4840746,130.9053679
甲宗八幡神社,〒801-0854,福岡県北九州市門司区旧門司1-7-18,33.9528398,130.9677925
姉子の浜 鳴き砂,〒819-1642,福岡県糸島市二丈鹿家,33.4848664,130.0478177
天拝山,〒818-0001,福岡県筑紫野市,33.4963423,130.5156572
大牟田市立 三池カルタ・歴史資料館,〒836-0861,福岡県大牟田市宝坂町２-２-３,33.0234766,130.4436992
金印公園,〒811-0323,福岡県福岡市東区志賀島字古戸1865,33.5903547,130.4017155
東田第一高炉史跡広場,〒805-0001,福岡県北九州市八幡東区東田二丁目３番１２号,33.8697236,130.8046028
源平壇之浦合戦の壁画,〒800-0001,福岡県北九州市門司区大字和布刈公園内,33.9411384,130.9596629
世界平和パゴダ,〒800-0001,福岡県北九州市門司区和布刈公園内,33.9411384,130.9596629
河内貯水池,〒805-0048,福岡県北九州市八幡東区大字大蔵,33.8618162,130.820785
熊ヶ畑「ホタルの里」,〒821-0013,福岡県嘉麻市熊ヶ畑,33.5412894,130.7842531
船小屋温泉,〒833-0014,福岡県筑後市,33.2124469,130.5020928
久山町猪野地区,〒811-2503,福岡県糟屋郡久山町,33.6468086,130.4998336
彦山川上流付近・中元寺川上流付近,〒824-0603,福岡県田川郡添田町中元寺,33.5611831,130.8439443
鼓の里・大肥川沿い,〒838-1602,福岡県朝倉郡東峰村大字小石原鼓,33.4230552,130.8471826
棚田親水公園,〒838-1701,福岡県朝倉郡東峰村大字宝珠山3100,33.3964058,130.8729868
田代川沿い,〒834-1205,福岡県八女市黒木町田代,33.1574724,130.6510358
黒川,〒807-1101,福岡県北九州市八幡西区上香月1丁目、3丁目,33.8038795,130.7414661
小熊野川,〒803-0864,福岡県北九州市小倉北区,33.8808817,130.8734191
アクシオン福岡,〒812-0852,福岡市博多区東平尾公園2丁目1番4号,33.5822483,130.4622309
福岡市営渡船 （能古航路・小呂島航路）,〒819-0013,福岡県福岡市西区愛宕浜３−１−１,33.5972404,130.3274488
コムシティ,〒806-0021,福岡県北九州市八幡西区黒崎3-15-3,33.866376,130.7642649
ロボット体験スペース【ロボスクエア】,〒814-0001,福岡県福岡市早良区百道浜2-3-2 TNC放送会館2F,33.592615,130.3527301
産宮神社,〒819-1108,福岡県糸島市波多江駅南1丁目13-1,33.5631901,130.2283847
王貞治ベースボールミュージアム,〒810-0065,福岡県福岡市中央区地行浜２−２−２ 福岡Yahoo! JAPAN ドーム,33.591304,130.3611545
今泉,福岡市中央区今泉周辺,,no,no
福岡国際会議場,〒812-0032,福岡市博多区石城町2-1,33.6045059,130.4034929
今津運動公園,〒819-0165,福岡県福岡市西区今津字津本,33.6035372,130.2601363
浦山公園,〒830-0052,福岡県久留米市上津町字池田,33.2739852,130.5350569
ユヌプリュム,〒810-0041,福岡県福岡市中央区大名1-2-28 アイディール大名2階,33.5858786,130.3932461
eeny meeny miny mo,〒812-0027,福岡県福岡市博多区下川端町3-1,33.5952014,130.4058512
玄海グリーンライン,〒811-4201,福岡県遠賀郡岡垣町波津,33.8820844,130.5657014
かっぱ村,〒823-0003,福岡県鞍手郡宮田町本城1889-1,33.7869,130.671
明治屋産業・びっくり市,〒822-0001,福岡県直方市感田一丁田611,33.7679227,130.7299063
福岡市海づり公園,〒819-0203,福岡県福岡市西区大字小田字池ノ浦地先,33.582939,130.3231186
能古博物館,〒819-0012,福岡県福岡市西区能古522-2,33.6133551,130.3083027
能古渡船,〒819-0013,福岡県福岡市西区愛宕浜3-1-1,33.5972404,130.3274488
福岡シティ劇場,〒812-0018,福岡県福岡市博多区住吉1-2-1,33.5907714,130.4106092
正助ふるさと村,〒811-4152,福岡県宗像市武丸199,33.7953061,130.6158153
ふれあいの館 そえだジョイ,〒824-0602,福岡県田川郡添田町大字添田1573,33.5714851,130.8628315
筑紫温泉アクアフォーレ,〒818-0024,福岡県筑紫野市大字原田832-1,33.4397726,130.5359272
春日市奴国の丘歴史公園,〒816-0861,福岡県春日市岡本3-57,33.5380532,130.4516128
大牟田市諏訪公園,〒836-0037,福岡県大牟田市岬町1-3,33.0279367,130.4251614
オルゴールミュージアム門司港,〒801-0852,福岡県北九州市門司区港町5-1,33.94586570000001,130.9636208
紫江 水環境館,〒802-8511,福岡県北九州市小倉北区船場町1-2,33.8846175,130.8776798
出光美術館（門司）,〒801-0853,福岡県北九州市門司区東港町2-3,33.9489347,130.9652678
福岡市営渡船（志賀島航路・玄界島航路）,〒812-0021,福岡県福岡市博多区築港本町13-6,33.6038531,130.3987989
唐津焼 高麗窯,〒819-1335,福岡県糸島郡志摩町芥屋157,33.5573203,130.195555
杉の馬場通り,〒838-0011,福岡県甘木市大字野鳥,33.419157,130.653482
日月窯,〒839-1333,福岡県浮羽郡吉井町富永404-1,no,no
水辺の散歩道,〒832-0066,福岡県柳川市川下りコース沿い,33.1630889,130.4057531
脊振山,〒811-1113,佐賀県神埼市,33.3107627,130.3730603
羽金山,〒819-1154,佐賀県佐賀市上無津呂,33.4574698,130.1965425
旧蔵内邸,〒829-0115,福岡県築上郡築上町上深野３９６,33.6367636,130.9944743
さわやか市・大平,〒871-0923,福岡県築上郡上毛町,33.5784079,131.164113
道の駅しんよしとみ,〒871-0902,福岡県築上郡上毛町大字大ノ瀬（国道10号線）,no,no
みやこ町花菖蒲公園,〒824-0123,福岡県京都郡みやこ町国分1240-2,33.6877853,130.9712471
八景山自然公園,〒824-0125,福岡県京都郡みやこ町国作1338-1,33.68834630000001,130.978277
惣社八幡神社,〒824-0124,福岡県京都郡みやこ町国作,33.68834630000001,130.978277
豊前国分寺,〒824-0123,福岡県京都郡みやこ町国分279-1,33.6877853,130.9712471
国分寺三重塔,〒824-0123,福岡県京都郡みやこ町国分280-6,33.6785086,130.9803132
チェリーゴルフクラブ 小倉南コース,〒824-0802,福岡県京都郡みやこ町勝山松田2885,33.6769718,130.9009982
蛇渕キャンプ場,〒824-0253,福岡県京都郡みやこ町犀川帆柱９６９番地1,33.5239831,130.9519193
向山公園,〒800-0302,福岡県京都郡苅田町若久町2丁目,33.7974213,130.9729575
あがの温泉白糸の湯,〒822-1102,福岡県田川郡福智町上野１６９８番地,33.7282145,130.7869251
ほうじょう温泉ふじ湯の里,〒822-1212,福岡県田川郡福智町弁城１３００番地１,33.7030953,130.7890943
石坂トンネル,〒824-0431,福岡県田川郡赤村大字赤6938-2,33.6121452,130.883362
赤村トロッコ油須原線,"",福岡県田川郡赤村,33.6165917,130.8710352
鷹羽ロイヤルカントリークラブ,〒824-0512,福岡県田川郡大任町大字大行事4320,33.6048562,130.8466762
興国寺,〒822-1102,福岡県田川郡福智町上野1892,33.7205043,130.7873418
白糸の滝,〒822-1102,福岡県田川郡福智町上野,33.7188429,130.7717323
福岡フェザントカントリークラブ,〒827-0001,福岡県田川郡川崎町大字安真木1086-7,33.5999397,130.8149368
添田公園,〒824-0602,福岡県田川郡添田町添田,33.5705353,130.8584292
英彦山の鬼杉,〒824-0721,福岡県田川郡添田町大字英彦山,33.4840746,130.9053679
英彦山,〒824-0601,福岡県田川郡添田町,33.5718545,130.8539545
中山大藤,〒832-0811,福岡県柳川市三橋町中山熊野宮,33.1684485,130.4696954
清水寺本坊庭園,〒835-0003,福岡県みやま市瀬高町本吉1117-4,33.1526231,130.5187147
星野温泉,〒834-0201,福岡県八女市麻生,33.2478393,130.7565346
石積みの棚田,〒834-0201,福岡県八女市広内地区,33.2666571,130.7495533
星のふるさと公園,〒834-0201,福岡県八女市麻生,33.2478393,130.7565346
星の文化館,〒834-0201,福岡県八女市星野村10828-1,33.2433593,130.7596403
秘境・杣の里渓流公園,〒834-1401,福岡県八女市矢部村北矢部本川内,33.1499301,130.8214869
八女津媛神社,〒834-1401,福岡県八女市神ノ窟,33.1606739,130.8192509
日向神ダム湖,〒834-1401,福岡県八女市,33.2119674,130.5579082
釈迦岳,〒834-1401,福岡県八女市,33.2119674,130.5579082
逆瀬ゴットン館,〒834-0102,福岡県八女郡広川町大字水原2777-1,33.2598576,130.5943819
夢たちばなビレッジ,〒834-0084,福岡県八女市立花町白木3720,33.1358085,130.5670819
ふるさとわらべ館,〒834-1104,福岡県八女市上陽町下横山4838,33.27516250000001,130.6319806
ホタルの里・水車公園,〒834-1102,福岡県八女市上陽町北川内,33.2373383,130.6421394
グリーンピア八女キャンプ場,〒834-1204,福岡県八女市黒木町木屋,33.2100898,130.6931222
グリーンパル日向神峡キャンプ場,〒834-1201,福岡県八女市黒木町北大渕,33.1842117,130.7203464
黒木のフジ,〒834-1217,福岡県八女市黒木町黒木,33.2121528,130.6691409
津江神社の樟,〒834-1213,福岡県八女市黒木町本分,33.2098802,130.6475095
天然温泉大木の湯アクアス,〒830-0416,福岡県三潴郡大木町大字八町牟田538‐1,33.2122684,130.4435606
浮羽カントリークラブ,〒839-1413,福岡県うきは市浮羽新川4094,33.3003218,130.8241078
清水湧水,〒839-1408,福岡県うきは市浮羽町山北１９４１,33.3289947,130.8118609
本仏寺（西身延）,〒839-1411,福岡県うきは市浮羽町流川,33.3261886,130.7826661
つづら棚田,〒839-1413,福岡県うきは市浮羽町新川つづら,33.2947667,130.8082455
片ノ瀬温泉,〒839-1225,福岡県久留米市田主丸町片ノ瀬,33.3540283,130.6373623
芥屋海水浴場,〒819-1335,福岡県糸島市志摩芥屋,33.5910973,130.1146552
可也山自然歩道,〒819-1314,福岡県糸島市志摩師吉,33.5671491,130.1839755
芥屋の大門,〒819-1335,福岡県糸島市志摩芥屋,33.5910973,130.1146552
可也山（糸島富士）,〒819-1301,福岡県糸島市志摩師吉,33.5671491,130.1839755
福ふくの里,〒819-1631,福岡県糸島市二丈福井6333,33.5032597,130.0914201
二丈カントリークラブ,〒819-1641,福岡県糸島市二丈吉井3362,33.4933045,130.0634475
加茂ゆらりんこ橋,〒819-1631,福岡県糸島市二丈福井,33.5015319,130.0842931
竹地区の棚田,〒838-1701,福岡県朝倉郡東峰村大字宝珠山,33.3964058,130.8729868
大己貴神社,〒838-0811,福岡県朝倉郡筑前町弥永697-3,33.443549,130.6540653
小石原の行者杉,〒838-1601,福岡県朝倉郡東峰村大字小石原,33.4688778,130.8241944
夜須高原カントリークラブ,〒838-0206,福岡県朝倉郡筑前町曾根田141-26,33.5042224,130.6228994
鵜飼,〒838-1521,福岡県朝倉市原鶴温泉,33.3548388,130.7824967
円清寺,〒838-1521,福岡県朝倉市杷木志波5276,33.3689868,130.7731571
県営筑豊緑地,〒820-0115,福岡県飯塚市,33.6459075,130.6915113
かほゴルフクラブ,〒820-0105,福岡県飯塚市筒野534-1,33.607179,130.7551966
大将陣公園,〒820-0075,福岡県飯塚市天道楽市,33.6459075,130.6915113
事業組合法人カッホー馬古屏,〒820-0301,福岡県嘉麻市大字牛隈882番地1,33.5619584,130.7343243
古処山キャンプ村「遊人の杜」,〒820-0332,福岡県嘉麻市千手3628-7,33.4921536,130.7260023
王塚古墳,〒820-0603,福岡県嘉穂郡桂川町大字寿命３１１番地,33.5860768,130.6685154
宮若追い出し猫,〒822-0101,福岡県宮若市,33.7235676,130.6666936
猫塚公園,〒822-0153,福岡県宮若市山口,33.7517327,130.5887427
犬鳴ダム,〒822-0134,福岡県宮若市大字犬鳴,33.6889078,130.5603662
千石峡,〒823-0011,福岡県宮若市宮田2058番地,33.7255285,130.6667408
波津海水浴場,〒811-4202,福岡県遠賀郡岡垣町大字原,33.8765962,130.5703511
ゆうれい坂,〒811-4203,福岡県遠賀郡岡垣町大字内浦,33.8752103,130.575698
成田山不動寺,〒811-4203,福岡県遠賀郡岡垣町大字内浦885,33.8694022,130.5629266
龍昌禅寺,〒811-4234,福岡県遠賀郡岡垣町大字高倉1154,33.8472639,130.5974972
芦屋海水浴場,〒807-0111,福岡県遠賀郡芦屋町大字芦屋,33.8717897,130.6556051
レジャープール アクアシアン,〒807-0133,福岡県遠賀郡芦屋町大字芦屋1455番地284,33.893492,130.6561412
芦屋海浜公園,〒807-0133,福岡県遠賀郡芦屋町大字芦屋１４５５番地２８４,33.893492,130.6561412
岡湊神社,〒807-0121,福岡県遠賀郡芦屋町船頭町１２番４８号,33.8915454,130.670348
はまゆう群生地,〒807-0101,福岡県遠賀郡芦屋町大字山鹿,33.898611,130.6679676
大島,〒811-3701,福岡県宗像市大島,33.89920470000001,130.4338576
宗像大社神宝館,〒811-3505,福岡県宗像市田島2331,33.8308809,130.5136115
さつき松原海岸,〒811-3401,福岡県宗像市,33.8054314,130.5407182
宮地嶽神社民家村,〒811-3305,福岡県福津市宮司元町7-1,33.7797255,130.4867627
白石浜海水浴場,〒811-3307,福岡県福津市渡,33.7916899,130.4576174
宮地浜海水浴場,〒811-3304,福岡県福津市宮司浜,33.7762117,130.4741914
宮地嶽自然歩道,〒811-3200,福岡県福津市宮司,33.7787672,130.4822491
新原奴山古墳群,〒811-3522,福岡県福津市奴山・勝浦,33.81669400000001,130.4956807
恋の浦海岸,〒811-3307,福岡県福津市渡,33.7916899,130.4576174
白石浜,〒811-3307,福岡県福津市渡,33.7916899,130.4576174
福間海水浴場,〒811-3216,福岡県福津市西福間,33.764338,130.4720973
本木川自然公園ほたるの里,〒811-3203,福岡県福津市本木,33.7561062,130.5339283
粕屋フォーラム,〒811-2304,福岡県糟屋郡粕屋町若宮一丁目１-１,33.6137367,130.4760065
久山カントリー倶楽部,〒811-2501,福岡県糟屋郡久山町久原3549,33.6498417,130.5015
伊野天照皇太神宮,〒811-2503,福岡県糟屋郡久山町猪野604,33.670243,130.5119676
相島,〒811-0118,福岡県糟屋郡新宮町大字相島,33.7567476,130.3635148
須恵町立皿山公園,〒811-2114,福岡県糟屋郡須惠町大字上須恵,33.5930811,130.5157056
若杉楽園キャンプ場,〒811-2411,福岡県糟屋郡篠栗町大字若杉,33.6166482,130.5243234
メロディー橋,〒811-2405,福岡県糟屋郡篠栗町城戸,33.6167262,130.5751411
南蔵院,〒811-2405,福岡県糟屋郡篠栗町大字篠栗1035番地,33.6199269,130.5729226
五塔ノ滝,〒811-2402,福岡県糟屋郡篠栗町大字金出,33.6292531,130.5405193
米ノ山,〒811-2411,福岡県糟屋郡篠栗町大字若杉,33.6166482,130.5243234
篠栗町協会,〒811-2413,福岡県糟屋郡篠栗町大字尾仲43-7,33.6238142,130.5243676
四王寺県民の森,〒811-2105,福岡県糟屋郡宇美町大字四王寺,33.5353686,130.5215038
大野城跡,〒811-2105,福岡県糟屋郡宇美町大字四王寺／大野城市／太宰府市,33.5677786,130.5111124
中ノ島公園,〒811-1233,福岡県筑紫郡那珂川町大字市ノ瀬445-1,33.4570737,130.4269677
フォレストアドベンチャー・糸島,〒819-1622,福岡県糸島市二丈一貴山312-390(樋の口ハイランド内),33.5026698,130.1465466
清水山の紅葉,〒835-0003,福岡県みやま市瀬高町本吉,33.1501205,130.5118456
にじの耳納の里,〒839-1332,福岡県うきは市吉井町福益130-1,33.335234,130.7487762
伊都国歴史博物館,〒819-1582,福岡県糸島市井原916,33.5365857,130.2515195
ザ・クイーンズヒルゴルフクラブ,〒819-1133,福岡県糸島市富838,33.5346432,130.2052431
笹山公園,〒819-1113,福岡県糸島市前原駅南2丁目,33.556615,130.1993824
梅園,〒818-0117,福岡県太宰府市宰府２-６-１６,33.5194288,130.5321836
観世音寺宝蔵庫,〒818-0101,福岡県太宰府市観世音寺5-6-1,33.5149544,130.5219343
太宰府天満宮宝物殿,〒818-0195,福岡県太宰府市太宰府天満宮,33.521817,130.5359438
太宰府市文化ふれあい館,〒818-0132,福岡県太宰府市国分4-9-1,33.52027020000001,130.5094771
水城跡,〒818-0138,福岡県太宰府市吉松・（大野城市）,33.5145094,130.4927341
岩屋城跡の桜,〒818-0101,福岡県太宰府市四王寺林道沿,33.5353686,130.5215038
宝満山,〒818-0101,福岡県太宰府市/筑紫野市/宇美町,33.5127991,130.5239064
グローバルアリーナ,〒811-4153,福岡県宗像市吉留４６-１,33.793512,130.6355192
八所宮,〒811-4153,福岡県宗像市吉留3186,33.8092906,130.6177651
山田地蔵尊増福院,〒811-3411,福岡県宗像市山田７００番地,33.8334177,130.5667101
新立山,〒811-3401,福岡県宗像市（宮若市）,33.8054314,130.5407182
城山,〒811-3401,福岡県宗像市（岡垣町）,33.8054314,130.5407182
筑紫野カントリークラブ,〒818-0003,福岡県筑紫野市大字山家2014-22,33.4975146,130.5866909
皐月ゴルフ倶楽部 天拝コース,〒818-0046,福岡県筑紫野市大字山口1300,33.4651092,130.4983231
セントラル福岡ゴルフ倶楽部,〒818-0003,福岡県筑紫野市大字山家上西山,33.4963423,130.5156572
竜岩自然の家,〒818-0001,福岡県筑紫野市大字柚須原373番地1,33.5258371,130.5893431
筑紫野市総合公園,〒818-0046,福岡県筑紫野市山口382-6,33.472989,130.5038585
武蔵寺の藤,〒818-0052,福岡県筑紫野市大字武蔵621,33.481441,130.5183824
野田宇太郎文学資料館,〒838-0142,福岡県小郡市大板井136-1,33.396894,130.5625209
小郡カンツリー倶楽部,〒838-0106,福岡県小郡市三沢1788,33.4264242,130.5416522
小郡運動公園,〒838-0115,福岡県小郡市大保427-1,33.4091814,130.5680922
如意輪寺（かえる寺）,〒838-0105,福岡県小郡市横隈1729,33.4269573,130.5678774
小郡官衙遺跡,〒838-0141,福岡県小郡市小郡,33.4081375,130.5504884
遊の里 畑冷泉館,〒828-0005,福岡県豊前市大字畑708-２,33.5873401,131.0579297
蓑島海水浴場,〒824-0011,福岡県行橋市蓑島,33.7492806,131.0116777
蓑島・長井浜,〒824-0001,福岡県行橋市,33.7287727,130.982967
べんがら村,〒834-0032,福岡県八女市大字宮野100番地,33.2027074,130.5663244
岩戸山歴史資料館,〒834-0006,福岡県八女市吉田1396-1,33.2290074,130.5522526
八女福島の町並み,〒834-0031,福岡県八女市本町,33.2113897,130.5622579
甘木水の文化村,〒838-0021,福岡県朝倉市矢野竹831,33.4336883,130.7253451
共星の里,〒838-0072,福岡県朝倉市黒川５４６-１（旧黒川小学校）,33.4081304,130.7815554
須賀神社,〒838-0068,福岡県朝倉市甘木873-5,33.4217292,130.6616373
平塚川添遺跡,〒838-0059,福岡県朝倉市大字平塚444-4,33.395573,130.6472195
黒門,〒838-0011,福岡県朝倉市秋月野鳥,33.4687777,130.6936421
目鏡橋,〒838-0001,福岡県朝倉市秋月,33.469572,130.6909841
安長寺の大樟,〒838-0068,福岡県朝倉市甘木772,33.4201459,130.6596153
柳川温泉輝泉荘,〒832-0806,福岡県柳川市三橋町柳河８７４,33.1762956,130.4034504
柳川城阯,〒832-0061,福岡県柳川市本城町,33.1592364,130.4009176
旧立花家別邸（御花）,〒832-0069,福岡県柳川市新外町1番地,33.1583225,130.398054
田川市石炭・歴史博物館,〒825-0002,福岡県田川市大字伊田2734番地1 石炭記念公園内,33.6389822,130.8062975
直方市石炭記念館,〒822-0016,福岡県直方市直方御館山692-4,33.7421299,130.723164
西日本カントリークラブ 直方コース,〒822-0011,福岡県直方市大字中泉字池代1356-2,33.7441839,130.7296326
直方オートキャンプ場,〒822-8501,福岡県直方市新町地芝,33.7401177,130.7268859
竜王峡キャンプ場,〒822-0003,福岡県直方市上頓野本谷,33.7655981,130.760621
福智山ろく花公園,〒822-0005,福岡県直方市大字永満寺字百合原1498,33.7441839,130.7296326
多賀神社,〒822-0016,福岡県直方市直方御館山,33.7421299,130.723164
竜王峡,〒822-0001,福岡県直方市,33.7441839,130.7296326
筑後川防災施設「くるめウス」,〒839-0865,福岡県久留米市新合川1-1-3（百年公園東側）,33.3198536,130.5425483
農園ブルーベリーの村,〒830-1113,福岡県久留米市北野町中2444,33.3597975,130.5863606
ブリジストン通り,"",福岡県久留米市,33.3192865,130.5083735
久留米森林つつじ公園,〒839-0851,福岡県久留米市御井町299-354,33.29491730000001,130.566983
水天宮,"",福岡県久留米市瀬下町265,33.3170031,130.4932111
善導寺,〒839-0824,福岡県久留米市善導寺町飯田550,33.3300923,130.6044543
千光寺,〒839-0827,福岡県久留米市山本町豊田2287,33.3062164,130.5951864
発心公園の桜,〒839-0835,福岡県久留米市草野町草野664-1,33.3196634,130.6360408
柳坂曽根のハゼ並木,〒839-0827,福岡県久留米市山本町豊田2287,33.3062164,130.5951864
高良山の孟宗金明竹,〒839-0851,福岡県久留米市御井町,33.3056134,130.5535614
千光寺の紫陽花,〒839-0201,福岡県久留米市山本町,33.3102743,130.5952918
西新リヤカー部隊,〒814-0002,福岡県福岡市早良区西新,33.5820298,130.3574051
油山市民の森キャンプ場,〒811-1355,福岡県福岡市南区桧原夫婦石,33.5187243,130.3769497
片江展望台,〒814-0101,福岡県福岡市城南区油山,33.5370781,130.3791159
福岡歴史の町,〒819-0375,福岡県福岡市西区徳永,33.5815084,130.2547318
大原海水浴場,〒819-0165,福岡県福岡市西区今津大原,33.6100747,130.2399432
福岡市立ヨットハーバー,〒819-0001,福岡県福岡市西区小戸,33.58861330000001,130.3143859
アイランドパークのコスモス,〒819-0012,福岡県福岡市西区能古1624,33.6313726,130.3018252
長垂の含紅雲母（ペグマタイト岩脈）,〒819-0001,福岡県福岡市西区,33.582939,130.3231186
生の松原（長垂海岸）,〒819-0001,福岡県福岡市西区,33.582939,130.3231186
今津海岸（長浜海岸）,〒819-0001,福岡県福岡市西区,33.582939,130.3231186
博多温泉,〒816-1111,福岡県福岡市南区,33.5615691,130.4264283
油山市民の森,〒811-1355,福岡県福岡市南区桧原夫婦石855-4,33.5187243,130.3769497
九州エネルギー館,〒810-0022,福岡県福岡市中央区薬院4-13-55,33.5783504,130.3957993
浄水通り,〒810-0022,福岡県福岡市中央区薬院,33.5818833,130.3971631
柳橋連合市場,〒810-0003,福岡県福岡市中央区春吉1-5-1,33.5829555,130.4086206
西公園,〒810-0061,福岡県福岡市中央区西公園,33.5953399,130.3771311
旧福岡県公会堂貴賓館,〒810-0002,福岡県福岡市中央区西中洲6-29,33.5915935,130.4043652
光雲神社,〒810-0061,福岡県福岡市中央区西公園13-1,33.5971313,130.376359
福岡市動植物園展望台,〒810-0037,福岡県福岡市中央区南公園1-1,33.5728164,130.39236
パピオアイスアリーナ,〒812-0044,福岡県福岡市博多区千代1-15-30,33.6014095,130.4171612
日蓮上人銅像,〒812-0045,福岡県福岡市博多区東公園内,33.6057674,130.4218107
聖福寺,〒812-0037,福岡県福岡市博多区御供所町6-1,33.597407,130.4144365
承天寺,〒812-0011,福岡県福岡市博多区博多駅前1-29-9,33.5952239,130.4170419
筥崎宮あじさい苑,〒812-0053,福岡県福岡市東区箱崎1-22-1,33.6145192,130.4222298
勝馬海水浴場,〒811-0325,福岡県福岡市東区大字勝馬,33.68278,130.2984419
志賀島海水浴場,〒811-0323,福岡県福岡市東区志賀島,33.663227,130.3129269
スポーツガーデン香椎,〒813-0044,福岡県福岡市東区千早3-6-37,33.6503736,130.4363636
潮見公園,〒811-0323,福岡県福岡市東区志賀島,33.663227,130.3129269
潮見公園展望台,〒811-0323,福岡県福岡市東区志賀島,33.663227,130.3129269
名島檣石,〒813-0001,福岡県福岡市東区,33.6177464,130.4173912
赤坂けやき通り,〒810-0001,福岡県福岡市中央区,33.5892157,130.3928134
松尾芭蕉句碑,〒807-1124,福岡県北九州市八幡西区大字畑畑観音境内,33.8664649,130.7649232
吉祥寺,〒807-1114,福岡県北九州市八幡西区吉祥寺町13-11,33.8067653,130.7340194
吉祥寺の藤,〒807-1114,福岡県北九州市八幡西区吉祥寺13-11,33.8068014,130.7339444
河内貯水池の桜,〒805-0048,福岡県北九州市八幡東区大字大蔵,33.8618162,130.820785
北九州市河内藤園,〒805-0045,福岡県北九州市八幡東区河内,33.830497,130.7990684
目白鍾乳洞,〒802-0001,福岡県北九州市小倉南区,33.8465246,130.8848111
牡鹿鍾乳洞,〒802-0001,福岡県北九州市小倉南区,33.8465246,130.8848111
千仏鍾乳洞,〒802-0001,福岡県北九州市小倉南区,33.8465246,130.8848111
日明・海峡釣り公園,〒803-0801,福岡県北九州市小倉北区西港町地内,33.9092175,130.8679911
北九州市漫画ミュージアム,〒802-0001,福岡県北九州市小倉北区浅野二丁目１４-５ あるあるCity５、６階,33.887559,130.8847432
北九州市協会,〒802-0001,福岡県北九州市小倉北区浅野3-9-30,33.8899727,130.8883734
旧松本家住宅（西日本工業倶楽部）,〒804-0021,福岡県北九州市戸畑区一枝1-4-33,33.884878,130.8366773
ひびき動物ワールド,〒808-0121,福岡県北九州市若松区大字竹並,33.9078761,130.7178975
火野葦平資料館,〒808-0034,福岡県北九州市若松区本町（若松市民会館内）,33.9035396,130.8096486
岩屋海水浴場,〒808-0001,福岡県北九州市若松区岩屋,33.9336225,130.6852129
大北亭,〒808-0001,福岡県北九州市若松区響灘緑地内,33.9054755,130.8111429
海岸通り,〒808-0034,福岡県北九州市若松区本町１,33.9035313,130.8116762
高塔山,〒808-0053,福岡県北九州市若松区大字修多羅,33.9002147,130.8005606
遠見ケ鼻,〒808-0123,福岡県北九州市若松区大字有毛岩屋海岸,33.9054755,130.8111429
菅生の滝,〒803-0266,福岡県北九州市小倉南区大字道原,33.7785291,130.8412495
畑貯水池,〒807-1124,福岡県北九州市八幡西区大字畑,33.7953037,130.7875399
蒲生八幡神社,〒802-0978,福岡県北九州市小倉南区蒲生５-６,33.8370646,130.8585296
広寿山福聚寺,〒802-0025,福岡県北九州市小倉北区寿山町６-７,33.8704527,130.9028723
遠賀川,〒822-0001,福岡県直方市,33.7441839,130.7296326
金山渓谷,〒811-1132,福岡県福岡市早良区石釜,33.4874523,130.3280985
蒙古塚,〒811-0323,福岡県福岡市東区志賀島,33.663227,130.3129269
志賀海神社,〒811-0323,福岡県福岡市東区志賀島877,33.6679542,130.3131019
部埼灯台,〒801-0802,福岡県北九州市門司区大字白野江,33.9349397,131.0058088
脇田温泉周辺,〒822-0133,福岡県宮若市脇田,33.6930194,130.5905085
本木川自然公園 ほたるの里,〒811-3203,福岡県福津市本木1957-1,33.7481099,130.5423195
ほたると石橋の館周辺,〒834-1102,福岡県八女市上陽町北川内589-2,33.2386826,130.643567
日陽ほたるの里,〒823-0011,福岡県宮若市宮田,33.7255285,130.6667408
長瀬公園、松尾川、辺春川,〒834-0083,福岡県八女市立花町上辺春,33.1277791,130.5928354
源じいの森温泉,〒824-0431,福岡県田川郡赤村大字赤5251-3,33.6152064,130.8946943
上頓野（とんの）地区・畑地区,〒822-0003,福岡県直方市,33.7441839,130.7296326
上有木公民館周辺,〒823-0015,福岡県宮若市上有木,33.7623239,130.6228093
うきは市浮羽町小塩地区,〒839-1412,福岡県うきは市浮羽町小塩,no,no
福岡県立総合射撃場,〒818-0001,筑紫野市大字柚須原 223-25,33.536175,130.589632
福岡交通株式会社,〒812-0051,福岡市東区箱崎ふ頭5丁目9-36,33.6279118,130.4135244
曲里の松並木,〒806-0034,福岡県北九州市八幡西区岸の浦二丁目６番,33.8572548,130.7629764
FUZZ,〒810-0004,福岡県福岡市中央区渡辺通1-8-31 アーバン渡辺通2階,33.5848348,130.4061286
二日市温泉 バーデンハウス,〒818-0058,福岡県筑紫野市湯町1-14-3,33.4916511,130.5147935
民宿こうしん,〒811-3501,福岡県宗像市神湊535-7,33.8508697,130.4808391
エンジェル スウィート,〒810-0001,福岡県福岡市中央区天神2-3-7 天神Nビル4階,33.5869524,130.3984433
Sa＊kura,〒810-0042,福岡県福岡市中央区赤坂1-2-1 シャンボール赤坂1階,33.5851571,130.3906274
Seato,〒810-0041,福岡県福岡市中央区大名2-2-1 ワコービル1階,33.5881103,130.3936189
VIA BUS STOP,〒812-0027,福岡県福岡市博多区下川端町3-1 博多リバレイン内,33.5956863,130.4065766
setlfe.com,〒812-0018,福岡県福岡市博多区住吉1-2-22 キャナルシティ博多,33.5897736,130.4106379
TONY SILVER,〒810-0065,福岡県福岡市中央区地行浜2-2-1 ホークスタウン内,33.5931428,130.3636599
PAL All STARS,〒819-0001,福岡県福岡市西区小戸2-13-16 マリノアシティ福岡,33.594587,130.3211455
仲西眼鏡店 OUT LET,〒819-0001,福岡県福岡市西区小戸2-13-16 マリノアシティ福岡,33.594587,130.3211455
博多ケントス,〒810-0801,福岡県福岡市博多区中洲5-2-3 松居壱番館3階,33.5936128,130.4048644
遠賀・宗像自転車道路,〒811-4202,福岡県遠賀郡岡垣町原,33.8765962,130.5703511
波懸遊歩道,〒807-0141,福岡県遠賀郡芦屋町山鹿,33.898611,130.6679676
芦屋町歴史民俗資料館,〒807-0141,福岡県遠賀郡芦屋町大字山鹿1200,33.9061684,130.6656261
明神ヶ辻山自然公園,〒807-0031,福岡県遠賀郡水巻町杁1-648,33.8599851,130.6850742
水巻遠賀川緑地,〒807-0001,福岡県遠賀郡水巻町猪熊10地先〜二西4地先,33.8800693,130.6857799
もちだんご村,〒822-0007,福岡県直方市下境2400,33.737143,130.7409931
ギャラリーのぐち,〒822-0017,福岡県直方市殿町15-16,33.743259,130.7264774
豊前国分寺三重塔,〒824-0123,福岡県京都郡豊津町大字国分304,33.6828303,130.9720277
青龍窟,〒800-0336,福岡県京都郡苅田町大字山口字青龍,33.7759209,130.9805103
松山城跡,〒800-0303,福岡県京都郡苅田町大字松山,33.8024596,130.9847174
宮地嶽民家村自然広苑,〒811-3305,福岡県宗像郡津屋崎町宮司,33.8054314,130.5407182
アクシス玄海物産館,〒811-3504,福岡県宗像市深田588,33.8334055,130.5111117
唐津街道 赤間宿,〒811-4146,福岡県宗像市赤間,33.8060124,130.5906537
マルティグラス,〒811-3305,福岡県宗像郡津屋崎町大字宮司321,33.8054314,130.5407182
筑前津屋崎人形工房,〒811-3304,福岡県宗像郡津屋崎町津屋崎786,33.8054314,130.5407182
雷山陶秀窯,〒819-1145,福岡県前原市雷山657,33.5097471,130.2229106
みゆきの湯,〒818-0025,福岡県筑紫野市大字筑紫973-53,33.4576377,130.5363209
明代宝船 鄭和,〒812-0021,福岡県福岡市博多区築港本町13-6,33.6038531,130.3987989
海峡プラザ 赤煉瓦ガラス美術館,〒801-0852,福岡県北九州市門司区港町5-1,33.94586570000001,130.9636208
門司港キャブ,〒801-0863,福岡県北九州市門司区栄町10-24,33.9450019,130.9666122
浮雲,〒801-0852,福岡県北九州市門司区港町6-5 2階,33.9453574,130.9627542
旅館 福龍荘,〒838-1521,福岡県朝倉郡杷木町志波21,33.436111,130.604167
海中ライン,〒814-0001,福岡県福岡市早良区百道浜2-902-1地先 マリゾン内,33.5906821,130.3472751
さわ弥土工房,〒819-1304,福岡県糸島郡志摩町大字桜井4263,no,no
恵水窯（けいすいがま）,〒819-1303,福岡県糸島郡志摩町野北4162-2,no,no
桜窯,〒819-1304,福岡県糸島郡志摩町大字桜井819,no,no
木の家具工房 西,〒819-1305,福岡県糸島郡志摩町大字馬場195,33.5573203,130.195555
グリーンゲイブルズ門司港レトロ店,〒801-0852,福岡県北九州市門司区港町5-1 門司港レトロ海峡プラザ内,33.94586570000001,130.9636208
スペースクルーズ,〒801-0841,福岡県北九州市門司区西海岸1-4-19,33.9446602,130.9600378
秋月焼橘窯・ギャラリーくぐり戸,〒838-0001,福岡県甘木市秋月町石原937-1,33.419157,130.653482
祐徳園石庭,〒838-0001,福岡県甘木市秋月町下秋月1058,33.419157,130.653482
我楽堂,〒832-0067,福岡県柳川市鬼童町1-5,33.160975,130.3968819
新宮温泉,〒811-0111,福岡県粕屋郡新宮町三代762,33.6971663,130.4494191
里武家屋敷跡,〒816-1192,鹿児島県薩摩川内市里町里,31.8438313,129.9172903
黒島天主堂,〒827-3271,長崎県佐世保市黒島町3333,33.1391513,129.5369969
雷山,〒819-1145,佐賀県佐賀市,33.263482,130.3008576
鬼の雁木の滝,〒829-0125,福岡県築上郡築上町寒田,33.5610653,130.993659
こうげ 武楽里,〒871-0923,福岡県築上郡上毛町下唐原1625,33.5627904,131.1753014
岩屋の滝,〒871-0927,福岡県築上郡上毛町東上,33.5381976,131.1536813
ほたるの里,〒871-0928,福岡県築上郡上毛町西友枝・東上,no,no
さわやか市大平,"",福岡県築上郡上毛町下唐原1621番地,33.5633292,131.1760235
九州自然歩道,〒871-0900,福岡県築上郡上毛町,33.5784079,131.164113
穴ケ葉山古墳,〒871-0923,福岡県築上郡上毛町大字下唐原,33.5693453,131.1788455
友枝瓦窯跡,〒871-0921,福岡県築上郡上毛町大字土佐井,33.5669359,131.1549971
げんきの杜,〒871-0903,福岡県築上郡上毛町大字八ッ並143番地1,33.5821574,131.1535387
牛頭天王公園,〒871-0913,福岡県築上郡上毛町大字垂水646-2,33.5783915,131.1701737
牧の原キャンプ場,〒829-0125,福岡県築上郡築上町寒田２００５-２,33.536057,130.9765363
正光寺,〒829-0122,福岡県築上郡築上町伝法寺1357,33.6149878,130.9897559
城井ノ上城址,〒829-0125,福岡県築上郡築上町寒田,33.5610653,130.993659
本庄の大楠,〒829-0123,福岡県築上郡築上町本庄,33.5971311,130.9837317
鈴熊山公園,〒871-0832,福岡県築上郡吉富町大字鈴熊,33.6038873,131.1657182
天仲寺公園,〒871-0811,福岡県築上郡吉富町大字広津,33.6058177,131.1758839
鈴熊寺,〒871-0832,福岡県築上郡吉富町鈴熊,33.6038873,131.1657182
八幡古表神社,〒871-0821,福岡県築上郡吉富町小犬丸353-1,33.6141366,131.1804696
吉富海岸,〒871-0801,福岡県築上郡吉富町,33.6026429,131.1759479
山国川,〒871-0801,福岡県築上郡吉富町,33.6026429,131.1759479
浜の宮海岸潮干狩,〒829-0331,福岡県築上郡築上町高塚,33.6596593,131.0607039
周防灘カントリークラブ,〒829-0314,福岡県築上郡築上町大字上ノ河内,33.6338266,131.0745254
龍城院キャンプ場,〒829-0305,福岡県築上郡築上町大字真如寺1-1ほか,33.6561123,131.0560626
桜土手,〒829-0301,福岡県築上郡築上町椎田,33.6536238,131.0594791
築上町アグリパーク（農業公園）,〒829-0311,福岡県築上郡築上町湊1292,33.6525908,131.0640593
金富神社,〒829-0311,福岡県築上郡築上町大字湊392-2,33.6506855,131.0667008
綱敷天満宮,〒829-0331,福岡県築上郡築上町高塚794-2,33.660437,131.0638536
豊津町物産直売所「国府の郷」,〒824-0125,福岡県京都郡みやこ町国作464-1,33.6877631,130.9842765
みやこ町歴史民俗資料館,〒824-0121,福岡県京都郡みやこ町豊津1122-13,33.6708595,130.970906
いちご狩り,〒824-0121,福岡県京都郡みやこ町二月谷,33.6658463,130.9644956
京都カントリー倶楽部,〒824-0115,福岡県京都郡みやこ町光富字大谷95-1,no,no
育徳館跡,〒824-0121,福岡県京都郡みやこ町豊津973,33.6714095,130.9758444
郡長正の墓,〒824-0121,福岡県京都郡みやこ町甲塚,33.6992615,130.9204013
豊前国府跡公園,〒824-0125,福岡県京都郡みやこ町国作450-1,33.68834630000001,130.978277
小笠原神社,〒824-0121,福岡県京都郡みやこ町大字豊津1115,33.6715317,130.9716003
甲塚方墳,〒824-0125,福岡県京都郡みやこ町,33.6992615,130.9204013
豊前国分寺跡,〒824-0123,福岡県京都郡みやこ町,33.6992615,130.9204013
豊前国分尼寺跡,〒824-0105,福岡県京都郡みやこ町徳政,33.677206,130.9841101
豊前国府跡,〒824-0125,福岡県京都郡みやこ町国作,33.68834630000001,130.978277
思永館講堂,〒824-0121,福岡県京都郡みやこ町豊津973,33.6714095,130.9758444
錦町,〒824-0121,福岡県京都郡みやこ町豊津,33.6828303,130.9720277
九州自然歩道仲哀コース,〒824-0800,福岡県京都郡みやこ町,33.6992615,130.9204013
勝山御所カントリークラブ,〒824-0801,福岡県京都郡みやこ町勝山大久保,33.6900455,130.9102803
仲哀公園,〒824-0821,福岡県京都郡みやこ町勝山松田,33.6914953,130.9070833
橘塚古墳,〒824-0822,福岡県京都郡みやこ町勝山黒田,33.7074802,130.9259477
胸の観音,〒824-0822,福岡県京都郡みやこ町勝山黒田,33.7074802,130.9259477
綾塚古墳,〒824-0822,福岡県京都郡みやこ町勝山黒田,33.7074802,130.9259477
本庄池自然歩道,〒824-0800,福岡県京都郡みやこ町,33.6992615,130.9204013
旧永沼家住宅,〒824-0253,福岡県京都郡みやこ町犀川帆柱,33.5239831,130.9519193
野峠のシャクナゲ,〒824-0800,福岡県京都郡みやこ町,33.6992615,130.9204013
蛇渕の滝,〒824-0253,福岡県京都郡みやこ町犀川帆柱,33.5239831,130.9519193
馬ケ岳,〒824-0045,福岡県京都郡みやこ町,33.6992615,130.9204013
苅田町歴史資料館,〒800-0392,福岡県京都郡苅田町富久町1丁目19番地1,33.7761431,130.9798992
宇原神社,〒800-0362,福岡県京都郡苅田町大字馬場410,33.7797176,130.9736997
内尾薬師,〒800-0362,福岡県京都郡苅田町大字馬場,33.7791816,130.97573
石塚山古墳,〒800-0352,福岡県京都郡苅田町富久町（苅田町役場横）,no,no
御所山古墳,〒800-0323,福岡県京都郡苅田町大字与原,33.7559173,130.9790027
上野の里ふれあい市,〒822-1102,福岡県田川郡福智町上野2811番地１,33.714252,130.778676
九州日立マクセル赤煉瓦記念館,〒822-1211,福岡県田川郡福智町伊方,33.6836088,130.7955967
今川公園キャンプ場,〒824-0431,福岡県田川郡赤村下赤,33.5993909,130.8846232
赤村自然学習村・源じいの森キャンプ場,〒824-0431,福岡県田川郡赤村大字赤6933-1,33.6168618,130.8966691
十津川渓谷,〒824-0431,福岡県田川郡赤村上赤,33.5890698,130.8968224
内田三連橋梁（みつあんきょ）,〒824-0432,福岡県田川郡赤村大字内田1804-1,33.6375728,130.8615326
サボテンハウス,〒824-0512,福岡県田川郡大任町大字大行事3090,33.6147219,130.85162
大任町総合運動公園,〒824-0511,福岡県田川郡大任町大字今任原139,33.6355279,130.839284
出雲神社,〒824-0511,福岡県田川郡大任町向田,33.6204408,130.8470035
建徳寺古墳公園,〒824-0511,福岡県田川郡大任町大字今原1670,33.6124777,130.8537144
定禅寺の藤,〒822-1212,福岡県田川郡福智町弁城3624,33.6937268,130.784345
虎尾桜,〒822-1101,福岡県田川郡福智町上野,33.7188429,130.7717323
上野峡,〒822-1102,福岡県田川郡福智町上野,33.7188429,130.7717323
戸谷自然ふれあいの森キャンプ場,〒827-0001,福岡県田川郡川崎町大字安真木200,33.5999397,130.8149368
藤江氏魚楽園,〒827-0001,福岡県田川郡川崎町大字安真木６３８８,33.5598961,130.8060389
淡島神社,〒827-0001,福岡県田川郡川崎町黒木,33.5516874,130.8097478
光蓮寺,〒827-0003,福岡県田川郡川崎町大字川崎２５３４,33.5853772,130.8148733
な・ひ・こ畑,〒827-0001,福岡県田川郡川崎町大字安真木5308-1,33.5999397,130.8149368
光蓮寺の菩提樹,〒827-0003,福岡県田川郡川崎町東川崎,33.5915433,130.8160147
金田ふれあいスポーツ公園,〒822-1202,福岡県田川郡福智町神崎,33.6834299,130.766453
英彦山青年の家,〒824-0721,福岡県田川郡添田町英彦山,33.4840746,130.9053679
英彦山修験道館,〒824-0721,福岡県田川郡添田町英彦山,33.4840746,130.9053679
英彦山自然研究路,〒824-0601,福岡県田川郡添田町,33.5718545,130.8539545
英彦山野営場,〒824-0721,福岡県田川郡添田町大字英彦山,33.4840746,130.9053679
梵字ケ岩,〒824-0721,福岡県田川郡添田町英彦山,33.4840746,130.9053679
磨崖仏,〒824-0721,福岡県田川郡添田町英彦山,33.4840746,130.9053679
旧亀石坊庭園,〒824-0721,福岡県田川郡添田町英彦山,33.4840746,130.9053679
玉屋神社,〒824-0721,福岡県田川郡添田町英彦山,no,no
高住神社,〒824-0721,福岡県田川郡添田町英彦山,33.4840746,130.9053679
財蔵坊,〒824-0721,福岡県田川郡添田町英彦山,33.4840746,130.9053679
岩石城,〒824-0602,福岡県田川郡添田町大字添田1788-2,33.5714876,130.8644681
旧数山家住宅,〒824-0411,福岡県田川郡添田町津野,33.5721407,130.8867377
中島家住宅,〒824-0602,福岡県田川郡添田町下町,33.5718545,130.8539545
英彦山の宿坊,〒824-0601,福岡県田川郡添田町,33.5718545,130.8539545
英彦山の菩提樹,〒824-0721,福岡県田川郡添田町大字英彦山,33.4840746,130.9053679
霧氷,〒824-0721,福岡県田川郡添田町英彦山,33.4840746,130.9053679
龍門峡,〒824-0601,福岡県田川郡添田町,33.5718545,130.8539545
深倉峡,〒824-0601,福岡県田川郡添田町,33.5718545,130.8539545
陣屋ダム湖,〒824-0603,福岡県田川郡添田町中元寺,33.5611831,130.8439443
油木ダム湖,〒824-0601,福岡県田川郡添田町,33.5718545,130.8539545
岳滅鬼山,〒824-0602,福岡県田川郡添田町／大分県日田市,33.5718545,130.8539545
道の駅香春 物産直売所 わぎえの里,〒822-1402,福岡県田川郡香春町鏡山１８７０番地1,33.6765903,130.8599817
香春神社,〒822-1401,福岡県田川郡香春町大字香春（新町）,33.66655250000001,130.8388331
神宮院の梅,〒822-1401,福岡県田川郡香春町殿町,33.6786872,130.8487269
福岡サンレイクゴルフ倶楽部,〒839-0225,福岡県みやま市高田町上楠田1519-2,33.0970478,130.4779657
高田濃施山公園キャンプ場,〒839-0221,福岡県みやま市高田町下楠田480,33.1005026,130.4642552
高田濃施山公園,〒839-0221,福岡県みやま市高田町下楠田480,33.1005026,130.4642552
石神山古墳,〒839-0225,福岡県みやま市高田町上楠田,33.0929482,130.479927
新開村旧てい記碑,〒839-0203,福岡県みやま市高田町黒崎開,33.0763762,130.4380778
共和園（みかん園）,〒835-0101,福岡県みやま市山川町立山1257,33.124465,130.5196067
高畑公園,〒832-0826,福岡県柳川市三橋町高畑325番地2,33.1685329,130.4145381
Ｙｏｕ・遊の森公園,〒832-0806,福岡県柳川市三橋町柳河1020番地1,33.1744598,130.4056057
立花いこいの森,〒832-0811,福岡県柳川市三橋町中山547番地1,33.169954,130.4730924
島田天満宮,〒832-0815,福岡県柳川市三橋町白鳥島田,33.1639786,130.4365892
高畑公園の桜,〒832-0826,福岡県柳川市高畑323-1,33.1698383,130.4147158
雲龍の館,〒839-0253,福岡県柳川市大和町鷹ノ尾151-2,33.1332848,130.4331625
五百羅漢,〒835-0003,福岡県みやま市瀬高町本吉1119-1 清水寺,33.151126,130.5253917
北原白秋歌碑,〒835-0003,福岡県みやま市瀬高町本吉1117-4 清水寺本坊庭園,33.152624,130.5190991
女山神籠石,〒835-0005,福岡県みやま市瀬高町大草,33.1639578,130.5041822
金栗遺跡,〒835-0023,福岡県みやま市瀬高町小川,33.1525364,130.4753897
清水山ぼたん園,〒835-0003,福岡県みやま市瀬高町本吉,33.1501205,130.5118456
清水公園の桜,〒835-0003,福岡県みやま市瀬高町 清水山,no,no
清水山,〒835-0003,福岡県みやま市瀬高町本吉,33.1501205,130.5118456
森の工作館,〒834-0201,福岡県八女市星野村10874-1,33.2469728,130.7568735
古陶星野焼展示館,〒834-0201,福岡県八女市星野村千々谷11865-1,33.2461009,130.7668397
いもほりむら,〒834-0201,福岡県八女市星野村10874-1,33.2469728,130.7568735
池の山キャンプ場,〒834-0201,福岡県八女市星野村10874-1,33.2469728,130.7568735
大円寺,〒834-0201,福岡県八女市土穴,33.2612379,130.7138917
桁山カヤの木,〒834-0201,福岡県八女市桁山,33.2273808,130.7804868
室山神社の大杉,〒834-0201,福岡県八女市星野村室山,33.2500476,130.7623952
麻生池,〒834-0201,福岡県八女市星野村麻生,33.2478393,130.7565346
石割岳,〒834-0201,福岡県八女市尾払,33.2048914,130.7903342
八女津媛神社浮立館,〒834-1401,福岡県八女市神ノ窟,33.1606739,130.8192509
お茶作りフォーラム,〒834-1401,福岡県八女市矢部村北矢部4236,33.1551603,130.8192454
フォレスト花みずき,〒834-1401,福岡県八女市御側,33.1748322,130.8523424
大杣キャンプ場,〒834-1401,福岡県八女市矢部村北矢部字御側,33.1748322,130.8523424
奥の院キャンプ場,〒834-1402,福岡県八女市矢部村北矢部字八知山,33.1300892,130.8587252
奥日向神キャンプ場,〒834-1401,福岡県八女市矢部村北矢部字日向神,33.1499301,130.8214869
足掛地蔵尊,〒834-1401,福岡県八女市矢部村北矢部コズミトコ,33.1499301,130.8214869
矢部川源流公園,〒834-1401,福岡県八女市矢部村北矢部鬼塚,33.1564436,130.8105736
八女津媛神社の紅葉,〒834-1401,福岡県八女市神ノ窟,33.1606739,130.8192509
八ッ滝の紅葉,〒834-1401,福岡県八女市本川内,33.2260858,130.5825361
大杣公園のつつじ,〒834-1401,福岡県八女市御側 大杣公園,33.2119674,130.5579082
日向神ダム周辺の桜,〒834-1401,福岡県八女市矢部村日向神,33.2119674,130.5579082
大杣公園のシャクナゲ,〒834-1401,福岡県八女市御側,33.1748322,130.8523424
日向神峡の紅葉,〒834-1401,福岡県八女市,33.2119674,130.5579082
日向神峡（蹴洞岩）,〒834-1401,福岡県八女市矢部村日向神,33.2119674,130.5579082
御前岳,〒834-1401,福岡県八女市矢部村北矢部,33.1499301,130.8214869
広川町産業展示会館,〒834-0111,福岡県八女郡広川町大字日吉１１６４-６,33.2542267,130.54548
広川町古墳公園資料館こふんピア広川,〒834-0122,福岡県八女郡広川町大字一條1436-2,33.2382555,130.5176934
農園（イチゴ狩り）,〒834-0104,福岡県八女郡広川町大字吉常15-3-2,33.2415091,130.5762169
久留米カントリークラブ,〒834-0105,福岡県八女郡広川町長延1243-1,33.2627955,130.5647646
筑後の森テニスクラブ,〒834-0115,福岡県八女郡広川町大字新代,33.2578097,130.5444355
逆瀬谷薬師堂,〒834-0102,福岡県八女郡広川町水原,33.2411175,130.5823053
竜光寺公園,〒834-0111,福岡県八女郡広川町大字日吉,33.2549794,130.5449772
グリートパーク,〒834-0111,福岡県八女郡広川町大字日吉,33.2549794,130.5449772
石人山古墳,〒834-0122,福岡県八女郡広川町一条,33.2491404,130.5096938
弘化谷古墳,〒834-0121,福岡県八女郡広川町大字広川,33.2421112,130.5375114
広川町協会,〒834-0111,福岡県八女郡広川町大字日吉1164-6,33.2542267,130.54548
立花バンブー株式会社,〒834-0082,福岡県八女市立花町兼松752-1,33.1939811,130.5986609
大道谷の里,〒834-0084,福岡県八女市立花町白木4578-1,33.1151327,130.5633324
Dokomo田中さんちの農園,〒834-0084,福岡県八女市立花町白木4346-2,33.1197129,130.56481
飛形自然公園,〒834-0084,福岡県八女市立花町白木地内,33.2119674,130.5579082
黒岩橋,〒834-0083,福岡県八女市立花町上辺春黒岩,33.1302389,130.6330735
白城の里旧大内邸,〒834-0084,福岡県八女市立花町白木3245番地,33.1403442,130.5650208
松延家住宅,〒834-0082,福岡県八女市立花町兼松240,33.2003333,130.5997329
ほたると石橋の館,〒834-1102,福岡県八女市上陽町北川内589-2,33.2386826,130.643567
八女上陽ゴルフ倶楽部,〒834-1102,福岡県八女市上陽町北川内2914-1,33.2363828,130.6502667
大伴部博麻公碑,〒834-0001,福岡県八女市室園（北川内公園内）,33.2119674,130.5579082
北川内公園,〒834-0001,福岡県八女市室園,33.2117912,130.5404302
春の山公園,〒834-1102,福岡県八女市上陽町北川内,33.2373383,130.6421394
洗玉橋,〒834-0001,福岡県八女市星野川,33.2119674,130.5579082
星野川,〒834-1102,福岡県八女市上陽町北川内,33.2373383,130.6421394
滝の宮（縁結び不動尊）,〒834-0001,福岡県八女市上陽町納又,33.2119674,130.5579082
お茶の里記念館,〒834-1222,福岡県八女市黒木町笠原,33.22358,130.703199
木造聖観音立像,〒834-1203,福岡県八女市黒木町北木屋,33.2110979,130.6876337
八女茶発祥の地お茶の里公園,〒834-1222,福岡県八女市黒木町笠原,33.22358,130.703199
霊巌寺,〒834-1222,福岡県八女市黒木町笠原,33.22358,130.703199
黒木稲荷神社,〒834-1221,福岡県八女市黒木町今,33.2140553,130.6675937
明治の館,〒834-1204,福岡県八女市黒木町木屋,33.2100898,130.6931222
旧伊佐邸,〒834-1204,福岡県八女市黒木町木屋,33.2100898,130.6931222
学びの館,〒834-1221,福岡県八女市黒木町今,33.2140553,130.6675937
霊巌寺の奇岩,〒834-1222,福岡県八女市黒木町笠原,33.22358,130.703199
日向神渓谷,〒834-1202,福岡県八女市黒木町大渕,33.1821675,130.7180771
黒木町協会,〒834-1292,福岡県八女市黒木町今1314番1（八女市役所黒木総合支所産業経済課内）,33.2140553,130.6675937
十連寺公園,〒830-0112,福岡県久留米市三潴町西牟田6557-44,33.251945,130.4873818
みづまの黒松,〒830-0111,福岡県久留米市,33.3192865,130.5083735
クリークの里石丸山公園,〒830-0416,福岡県三潴郡大木町大字大角,33.2266696,130.4461044
城島リバーサイドゴルフ場,〒830-0203,福岡県久留米市城島町大字浜293,33.2674337,130.4326871
酒造壁画,〒830-0211,福岡県久留米市城島町楢津764（町民の森公園）,33.2532797,130.426509
法林寺宝篋印塔,〒830-0225,福岡県久留米市城島町下青木542,33.2301955,130.4035496
西光寺の木造阿弥陀三尊像,〒830-1211,福岡県三井郡大刀洗町本郷,33.3846268,130.6254629
床島堰,〒830-1203,福岡県三井郡大刀洗町三川,33.3658563,130.6454532
大刀洗公園,〒830-1226,福岡県三井郡大刀洗町山隈1598-5,33.4053268,130.608711
大堰神社,〒830-1201,福岡県三井郡大刀洗町冨多,33.3715335,130.6263826
三原城址,〒830-1211,福岡県三井郡大刀洗町本郷,33.3846268,130.6254629
コスモスパーク北野,〒830-1114,福岡県久留米市北野町高良724-1,33.339141,130.5796757
コスモス街道,〒830-1122,福岡県久留米市北野町,33.3597975,130.5863606
北野天満宮の大樟,〒830-1113,福岡県久留米市北野町中3267,33.34361,130.5846168
うきは市立浮羽歴史民俗資料館,〒839-1401,福岡県うきは市朝田560-1,33.3322272,130.7908015
巨峰狩り,〒839-1401,福岡県うきは市浮羽町一帯,33.347297,130.7549338
梨狩り,〒839-1408,福岡県うきは市浮羽町一帯,33.347297,130.7549338
長岩公園,〒839-1413,福岡県うきは市浮羽町新川3020,33.2947667,130.8082455
保木公園,〒839-1408,福岡県うきは市浮羽町山北1146-1,33.3403556,130.8352112
大生寺,〒839-1411,福岡県うきは市浮羽町流川,33.3261886,130.7826661
朝田古墳群,〒839-1401,福岡県うきは市浮羽町朝田,33.3331411,130.7939318
塚花塚古墳,〒839-1401,福岡県うきは市浮羽町朝田1235-2,33.3288249,130.7986426
楠名古墳,〒839-1401,福岡県うきは市浮羽町朝田669,33.3331411,130.7939318
重定古墳,〒839-1401,福岡県うきは市浮羽町朝田681-1,33.3331411,130.7939318
平川家住宅,〒839-1414,福岡県うきは市浮羽町田篭３８３,33.2729136,130.8400711
みかん狩り,〒839-1211,福岡県久留米市田主丸町森部,33.3309584,130.7168979
ぶどう狩り,〒839-1233,福岡県久留米市田主丸町一帯,no,no
柿狩り,〒839-1233,福岡県久留米市田主丸町一帯,no,no
田主丸ふるさと会館,〒839-1233,福岡県久留米市田主丸町田主丸2000,33.3388653,130.6922221
石垣山観音寺,〒839-1212,福岡県久留米市田主丸町石垣271-8,33.3306971,130.7086292
平原古墳群,〒839-1211,福岡県久留米市田主丸町森部 田主丸平原古墳公園内,33.3309584,130.7168979
寺徳古墳,〒839-1213,福岡県久留米市田主丸町益生田,33.32628570000001,130.6838232
うきは市協会,〒839-1321,福岡県うきは市吉井町1043-2,33.3447584,130.7589781
吉井温泉,〒839-1304,福岡県うきは市吉井町千年,33.3530773,130.7721132
金子文夫資料展示館,〒839-1321,福岡県うきは市吉井町1316-3,33.3436863,130.7568422
うきは市立吉井歴史民俗資料館,〒839-1321,福岡県うきは市吉井町983-1,33.3462527,130.7563671
柿狩り,〒839-1321,福岡県うきは市吉井町耳納山麓一帯,33.3429891,130.7560006
屋部地蔵公園,〒839-1331,福岡県うきは市吉井町屋部,33.3277185,130.7634478
長野水神社,〒839-1301,福岡県うきは市吉井町桜井208-1,33.3444508,130.786071
日岡古墳,〒839-1311,福岡県うきは市吉井町若宮366-1,33.344592,130.7664221
月岡古墳,〒839-1311,福岡県うきは市吉井町若宮366-1,33.344592,130.7664221
鳥船塚古墳,〒839-1333,福岡県うきは市吉井町富永,33.3442051,130.738771
珍敷塚古墳,〒839-1333,福岡県うきは市吉井町富永649-3,33.3442051,130.738771
古畑古墳,〒839-1333,福岡県うきは市吉井町富永,33.3442051,130.738771
居蔵の館,〒839-1321,福岡県うきは市吉井町1103-1,33.3439641,130.7596281
鏡田屋敷,〒839-1321,福岡県うきは市吉井町若宮113-1,33.3440947,130.7622752
延寿寺曽根のハゼ並木,〒839-1332,福岡県うきは市吉井町東延寿寺,33.3312644,130.7566179
筑後吉井のぼたん園（喜笙園）,〒839-1305,福岡県うきは市吉井町福永166-2,33.3524689,130.7644692
芥屋ふれあい市,〒819-1335,福岡県糸島市志摩岐志911 (旧ＪＡ糸島芥屋支店）,33.577149,130.123114
小富士物産直売所「愛菜」,〒819-1321,福岡県糸島市志摩小富士947,33.5616401,130.1576441
芥屋の大門周遊遊覧船,〒819-1335,福岡県糸島郡志摩町芥屋520,33.5573203,130.195555
志摩町歴史資料館,〒819-1312,福岡県糸島郡志摩町初1番地,33.5573203,130.195555
新町遺跡展示館,〒819-1333,福岡県糸島市志摩新町,33.5692,130.1309773
地引網（志摩）,〒819-1333,福岡県糸島市志摩新町476-1,33.5693722,130.1294192
姫島,〒819-1336,福岡県糸島市志摩姫島,33.5668371,130.0502375
大門自然歩道,〒819-1301,福岡県糸島市志摩芥屋,33.5910973,130.1146552
立石山自然歩道,〒819-1301,福岡県糸島市,33.5573203,130.195555
志摩シーサイドカンツリークラブ,〒819-1303,福岡県糸島市志摩野北575,33.6257288,130.1751608
芥屋ゴルフ倶楽部,〒819-1335,福岡県糸島市芥屋1-1,33.5887506,130.1348676
芥屋野営場,〒819-1335,福岡県糸島市志摩芥屋2564,33.5840174,130.1079503
西林寺,〒819-1322,福岡県糸島市志摩御床355,33.5645951,130.1502781
小富士梅林,〒819-1321,福岡県糸島市志摩小富士,33.5616401,130.1576441
六所神社の大樟,〒819-1305,福岡県糸島市志摩馬場,33.5871755,130.2034176
幣の浜海岸,〒819-1323,福岡県糸島市志摩小金丸,33.5890759,130.1562349
立石山,〒819-1301,福岡県糸島市志摩芥屋,33.5910973,130.1146552
協会志摩本所,〒819-1312,福岡県糸島市志摩初２６-１,33.5823085,130.1838084
深江地引網,〒819-1613,福岡県糸島市二丈深江,33.5177899,130.1380194
深江海水浴場,〒819-1601,福岡県糸島市二丈深江,33.5177899,130.1380194
龍国寺,〒819-1626,福岡県糸島市二丈波呂474,33.5082865,130.172241
鎮懐石八幡宮,〒819-1601,福岡県糸島市二丈深江2143-1,33.511571,130.1307701
浮嶽神社,〒819-1641,福岡県糸島市二丈吉井,33.5040872,130.0829209
銚子塚古墳,〒819-1615,福岡県糸島市二丈田中,33.5358998,130.1676083
千寿院の滝,〒819-1624,福岡県糸島市二丈満吉,33.5157853,130.1617729
協会二丈支所,〒819-1642,福岡県糸島市二丈鹿家844-13,33.4955762,130.0545094
行者杉・行者堂,〒838-1601,福岡県朝倉郡東峰村大字小石原,33.4688778,130.8241944
岩屋神社,〒838-1701,福岡県朝倉郡東峰村大字宝珠山,33.3964058,130.8729868
山村文化交流の郷 いぶき館,〒838-1702,福岡県朝倉郡東峰村大字福井2296-1,33.39779180000001,130.8677205
農産物直売所「いちご」,〒838-0802,福岡県朝倉郡筑前町久光915-1,33.43442170000001,130.6356086
朝採り市場「とまと」,〒838-0214,福岡県朝倉郡筑前町東小田1650-1,33.457471,130.5928948
炭焼池公園,〒838-0206,福岡県朝倉郡筑前町曽根田1179,33.478858,130.6167062
曽根田親水公園,〒838-0206,福岡県朝倉郡筑前町曽根田640-1,33.4801329,130.6144508
安の里公園,〒838-0215,福岡県朝倉郡筑前町篠隈673-1,33.4608402,130.5929754
藤の里公園,〒838-0821,福岡県朝倉郡筑前町上高場1793-1,33.4369765,130.6200488
焼ノ峠古墳,〒838-0212,福岡県朝倉郡筑前町四三嶋239-115,33.4312984,130.58559
仙道古墳,〒838-0802,福岡県朝倉郡筑前町久光106,33.4413072,130.6396943
釈迦岳温泉,〒838-1701,福岡県朝倉郡東峰村大字宝珠山１１,33.3959475,130.8737812
釈迦岳遊歩道,〒838-1700,福岡県朝倉郡東峰村,33.4642922,130.8258916
岩屋自然歩道,〒838-1700,福岡県朝倉郡東峰村,33.4642922,130.8258916
岩屋キャンプ場,〒838-1701,福岡県朝倉郡東峰村大字宝珠山4171,33.3964058,130.8729868
岩屋公園,〒838-1701,福岡県朝倉郡東峰村大字宝珠山,33.3964058,130.8729868
岩屋の玄海ツツジ,〒838-1701,福岡県朝倉郡東峰村岩屋,33.4642922,130.8258916
岩屋公園(国定),〒838-1701,福岡県朝倉郡東峰村大字宝珠山,33.3964058,130.8729868
釈迦ヶ岳,〒838-1701,福岡県朝倉郡東峰村大字宝珠山,33.3964058,130.8729868
小石原焼伝統産業会館,〒838-1601,福岡県朝倉郡東峰村大字小石原字皿山,33.4642922,130.8258916
森林浴遊歩道,〒838-1700,福岡県朝倉郡東峰村,33.4642922,130.8258916
ポーン太の森キャンプ場,〒838-1602,福岡県朝倉郡東峰村大字小石原鼓,33.4230552,130.8471826
馬見山,〒838-0012,福岡県朝倉郡東峰村大字小石原,33.4688778,130.8241944
国立夜須高原青少年自然の家,〒838-0202,福岡県朝倉郡筑前町三箇山 1103,33.4931602,130.6467645
五玉神社,〒838-0202,福岡県朝倉郡筑前町三箇山1144-1,33.4909993,130.6468229
夜須高原,〒838-0201,福岡県朝倉郡筑前町,33.4569767,130.5953002
秋の田句碑,〒838-0000,福岡県朝倉市山田166,33.3659648,130.7587025
朝倉町総合運動公園,〒838-1302,福岡県朝倉市宮野,33.3864064,130.721563
木の丸公園,〒838-1306,福岡県朝倉市山田,33.3671368,130.7536222
宮地嶽公園,〒838-1301,福岡県朝倉市宮野,33.3864064,130.721563
橘の広庭公園,〒838-1304,福岡県朝倉市須川,33.3840013,130.7294485
南淋寺,〒838-1302,福岡県朝倉市宮野87,33.4025973,130.7438971
恵蘇八幡宮,〒838-1306,福岡県朝倉市山田１６６,33.3659648,130.7587025
橘広庭宮跡,〒838-1304,福岡県朝倉市須川,33.3840013,130.7294485
堀川用水及び朝倉揚水車,〒838-1307,福岡県朝倉市菱野,33.3735832,130.7438976
長安寺廃寺跡,〒838-1304,福岡県朝倉市須川,33.3840013,130.7294485
隠家森,〒838-1306,福岡県朝倉市恵蘇宿,33.3659649,130.7541936
巨峰狩,〒838-1521,福岡県朝倉市杷木志波,33.3526914,130.7803099
柿狩,〒838-1521,福岡県朝倉市杷木志波,33.3526914,130.7803099
大手山2000年公園,〒838-1514,福岡県朝倉市杷木古賀1164-1,33.3853859,130.8027267
普門院,〒838-1521,福岡県朝倉市杷木志波5376,33.3732891,130.771496
杷木神篭石,〒838-1506,福岡県朝倉市林田,33.374506,130.6736478
円清寺の「銅鐘」,〒838-1521,福岡県朝倉市杷木志波政所,33.3526914,130.7803099
普門院木造十一面観音立像,〒838-1521,福岡県朝倉市杷木志波5376,33.3732891,130.771496
普門院本堂,〒838-1521,福岡県朝倉市杷木志波5376,33.3732891,130.771496
北九州カントリー倶楽部,〒820-1112,福岡県飯塚市鹿毛馬412-6,33.6677084,130.7444111
国境石,〒820-1112,福岡県飯塚市大字鹿毛馬6-1・2-1,33.6771541,130.7249595
鹿毛馬神籠石（国指定）,〒820-1112,福岡県飯塚市鹿毛馬,33.6771541,130.7249595
旧松喜醤油屋,〒820-1111,福岡県飯塚市大字勢田字仲村730,33.6459075,130.6915113
庄四季物,〒820-0101,福岡県飯塚市綱分802-14 庄内支所前,33.6366172,130.7306009
茜ゴルフ倶楽部,〒820-0712,福岡県飯塚市大分1931,33.5889756,130.6146004
サンビレッジ茜,〒820-0711,福岡県飯塚市山口845-38,33.5533177,130.5976446
大分八幡宮,〒820-0712,福岡県飯塚市大分,33.5877288,130.6296213
養源寺,〒820-0712,福岡県飯塚市大分1281,33.5845568,130.6258439
大分廃寺塔跡,〒820-0712,福岡県飯塚市大分,33.5877288,130.6296213
内野宿,〒820-0706,福岡県飯塚市内野,33.5370593,130.6392858
大分八幡宮の大樟,〒820-0712,福岡県飯塚市大分,33.5877288,130.6296213
三郡山,〒820-0709,福岡県飯塚市,33.6459075,130.6915113
大根地山,〒818-0003,福岡県飯塚市内野,33.5370593,130.6392858
九州りんご村,〒820-0321,福岡県嘉麻市大字馬見字宮小路,33.560662,130.7668169
馬見山キャンプ村,〒820-0312,福岡県嘉麻市馬見3179-1,33.5229236,130.7521193
母里太兵衛の墓,〒820-0302,福岡県嘉麻市大隈町,33.550779,130.7401885
麟翁寺,〒820-0302,福岡県嘉麻市大隈,33.550779,130.7401885
鮭神社,〒820-0304,福岡県嘉麻市大隈,33.550779,130.7401885
古処山のツゲ原生林,〒820-0332,福岡県嘉麻市千手,33.5281941,130.7123499
古処山,〒838-0012,福岡県嘉麻市,33.560662,130.7668169
碓井琴平文化館,〒820-0502,福岡県嘉麻市上臼井767,33.5609494,130.7083322
お菊大明神（皿屋敷跡）,〒820-0502,福岡県嘉麻市上臼井,33.5618689,130.7149731
稲築町文化ふれあい伝承館,〒820-0202,福岡県嘉麻市大字山野1619-4,33.6117692,130.7103248
嘉麻市ふるさと交流館なつきの湯,〒820-0206,福岡県嘉麻市大字鴨生24-10,33.6034009,130.7350061
山野の石像群（五百羅漢）,〒820-0202,福岡県嘉麻市山野1609,33.6106332,130.710311
石造三重塔・阿弥陀如来石仏（通称正平塔・正平仏）,〒820-0203,福岡県嘉麻市平,33.6004068,130.7339785
沖出古墳公園,〒820-0201,福岡県嘉麻市大字漆生78-1,33.5882107,130.7204937
稲築公園,〒820-0207,福岡県嘉麻市大字岩崎1084、1096,33.5953876,130.7179716
三郎丸の大樟,〒820-0207,福岡県嘉麻市口春字三郎丸322,33.6040421,130.708778
王塚装飾古墳館,〒820-0603,福岡県嘉穂郡桂川町大字寿命３７６番地,33.5895402,130.6627157
麻生飯塚ゴルフ倶楽部,〒820-0609,福岡県嘉穂郡桂川町大字吉隅120,33.5943153,130.7010736
湯の浦キャンプ場,〒820-0607,福岡県嘉穂郡桂川町大字土師４６５０-４,33.5702507,130.6853954
ブドウ狩り,〒822-0133,福岡県宮若市脇田 宮若市協会,33.6930194,130.5905085
プリンスゴルフクラブ,〒822-0153,福岡県宮若市山口148,33.7444809,130.5990809
若宮ゴルフクラブ,〒822-0131,福岡県宮若市大字乙野1121,33.7112647,130.591469
西鞍の丘総合運動公園,〒822-0131,福岡県宮若市乙野,33.7000406,130.5868254
力丸ダム湖,〒822-0122,福岡県宮若市下,33.7105152,130.6134255
石炭記念館,〒823-0005,福岡県宮若市上大隈573番地,33.7143102,130.6712018
ザ・クラシックゴルフ倶楽部,〒823-0017,福岡県宮若市倉久1-3,33.770512,130.6449244
宮若市いこいの里千石キャンプ場,〒823-0011,福岡県宮若市千石,33.694001,130.6369657
千石公園,〒823-0011,福岡県宮若市宮田,33.7255285,130.6667408
毘沙門さま（普光寺）,〒823-0004,福岡県宮若市磯光2530,33.6967703,130.6692299
霊験寺（釘抜地蔵尊）,〒823-0014,福岡県宮若市下有木1083-2,33.7544775,130.6321396
くらじの郷,〒807-1305,福岡県鞍手郡鞍手町大字新延414-1,33.7817027,130.668153
鞍手町歴史民俗博物館,〒807-1311,福岡県鞍手郡鞍手町大字小牧2097,33.79198,130.6925455
ムーンレイクゴルフクラブ 鞍手コース,〒807-1308,福岡県鞍手郡鞍手町八尋1331,33.7725146,130.6537349
大谷自然公園,〒807-1306,福岡県鞍手郡鞍手町大字古門３４番地,33.8177153,130.6681663
伊藤常足翁旧宅,〒807-1306,福岡県鞍手郡鞍手町大字古門1256,33.8105186,130.6587781
鞍手公園,〒807-1312,福岡県鞍手郡鞍手町大字中山2802-7,33.7859554,130.6831157
熱田宮,〒807-1313,福岡県鞍手郡鞍手町大字新北1565-1,33.773276,130.6706141
長谷寺,〒807-1314,福岡県鞍手郡鞍手町大字長谷547,33.7617719,130.6733058
中山不動尊,〒807-1312,福岡県鞍手郡鞍手町大字中山1441,33.7890969,130.6872904
長谷観音,〒807-1314,福岡県鞍手郡鞍手町大字長谷547,33.7617719,130.6733058
新延大塚古墳,〒807-1305,福岡県鞍手郡鞍手町大字新延,33.7918211,130.6716526
高木薬師如来（明福寺飛地境内）,〒807-1313,福岡県鞍手郡鞍手町新北,33.773276,130.6706141
古月横穴,〒807-1306,福岡県鞍手郡鞍手町古門,33.8177153,130.6681663
剣岳城跡,〒807-1312,福岡県鞍手郡鞍手町大字中山1590-5,33.7890969,130.6872904
六ケ岳,〒807-1307,福岡県鞍手郡鞍手町室木,33.755539,130.662693
愛菜の家,〒820-1106,福岡県鞍手郡小竹町南良津103-1,33.72292729999999,130.7110987
ミッションバレーゴルフクラブ,〒820-1103,福岡県鞍手郡小竹町大字勝野1870-1,33.6987764,130.6972416
合屋古墳,〒820-1101,福岡県鞍手郡小竹町御徳,33.7029737,130.7164961
長崎街道,〒820-1101,福岡県鞍手郡小竹町,33.6924997,130.7127713
遠賀川温泉,〒811-4312,福岡県遠賀郡遠賀町浅木61-1,33.8337193,130.6818233
チサンカントリークラブ遠賀,〒811-4321,福岡県遠賀郡遠賀町虫生津1612-3,33.8210592,130.6500372
遠賀総合運動公園 キャンプ場,〒811-4302,福岡県遠賀郡遠賀町大字広渡23-6,33.8460312,130.679962
島津丸山古墳,〒811-4301,福岡県遠賀郡遠賀町島津地内,33.8748865,130.6725452
みかん狩,〒811-4201,福岡県遠賀郡岡垣町町内,33.8535993,130.6111041
漢方巨峰狩,〒811-4201,福岡県遠賀郡岡垣町町内,33.8535993,130.6111041
宝樹院,〒811-4221,福岡県遠賀郡岡垣町大字山田934-1,33.855491,130.6305773
真福寺,〒811-4201,福岡県遠賀郡岡垣町大字波津４４７,33.88399810000001,130.5648904
大原神社,〒811-4202,福岡県遠賀郡岡垣町大字原６９５,33.8765962,130.5703511
海蔵寺,〒811-4203,福岡県遠賀郡岡垣町大字内浦９３１,33.8699411,130.5665597
氏森神社,〒811-4221,福岡県遠賀郡岡垣町大字山田９３１,33.8553105,130.6315772
赤レンガアーチ,〒811-4231,福岡県遠賀郡岡垣町大字海老津,33.8364513,130.6124656
金刀毘羅山,〒811-4231,福岡県遠賀郡岡垣町大字海老津,33.8364513,130.6124656
湯川山さくら道,〒811-4203,福岡県遠賀郡岡垣町大字内浦,33.8752103,130.575698
孟宗金明竹,"",福岡県遠賀郡岡垣町町内,33.8535993,130.6111041
三里松原,"",福岡県遠賀郡岡垣町北部,33.8535993,130.6111041
湯川山,"",福岡県遠賀郡岡垣町西部,33.8741486,130.5759947
岡垣町協会,〒811-4233,福岡県遠賀郡岡垣町野間1-1-1,33.853491,130.6117485
堀川歴史公園,〒807-0045,福岡県遠賀郡水巻町吉田東3丁目地内,33.8496789,130.7029987
夏井ヶ浜はまゆう公園,〒807-0141,福岡県遠賀郡芦屋町大字山鹿796,33.9162956,130.669617
魚見公園,〒807-0141,福岡県遠賀郡芦屋町大字山鹿,33.898611,130.6679676
城山公園,〒807-0141,福岡県遠賀郡芦屋町山鹿,33.898611,130.6679676
神武天皇社,〒807-0112,福岡県遠賀郡芦屋町正門町１４番,33.8894205,130.6605074
芦屋釜の里,〒807-0141,福岡県遠賀郡芦屋町大字山鹿１５５８番地３,33.9046962,130.6638874
魚見公園展望所,〒807-0141,福岡県遠賀郡芦屋町山鹿魚見,33.898611,130.6679676
芦屋,〒807-0101,福岡県遠賀郡芦屋町,33.8938005,130.6638959
千光院の大ソテツ,〒807-0121,福岡県遠賀郡芦屋町船頭町,33.8917453,130.6696203
芦屋町協会,〒807-0133,福岡県遠賀郡芦屋町大字芦屋1455-284,33.893492,130.6561412
大島案内所,〒811-3701,福岡県宗像市大島 大島ターミナル内,33.9066098,130.4307438
かんす海水浴場,〒811-3701,福岡県宗像市大島,33.89920470000001,130.4338576
宗像大社沖津宮遙拝所,〒811-3701,福岡県宗像市大島,33.89920470000001,130.4338576
宗像大社中津宮,〒811-3701,福岡県宗像市大島182-1,33.904918,130.4414793
ハマヒサカキ,〒811-3701,福岡県宗像市大島神崎,33.89920470000001,130.4338576
馬蹄岩,〒811-3701,福岡県宗像市神崎,33.8054314,130.5407182
三浦洞窟,〒811-3701,福岡県宗像市神崎,33.8054314,130.5407182
神崎,〒811-3701,福岡県宗像市,33.8054314,130.5407182
御嶽山,〒811-3701,福岡県宗像市大島,33.89920470000001,130.4338576
県立少年自然の家「玄海の家」,〒811-3501,福岡県宗像市神湊1276,33.8531145,130.5053063
地引網,〒811-3512,福岡県宗像市鐘崎,33.8791786,130.5309396
深浜海水浴場,〒811-3512,福岡県宗像市鐘崎,33.8791786,130.5309396
神湊海水浴場,〒811-3501,福岡県宗像市神湊,33.8502336,130.4892386
ユーアイゴルフクラブ宗像,〒811-3503,福岡県宗像市牟田尻2020,33.8438953,130.4930687
玄海ゴルフクラブ,〒811-3502,福岡県宗像市江口578-18,33.8539731,130.5186604
興聖寺,〒811-3505,福岡県宗像市田島1472,33.8249066,130.5146227
桜京古墳,〒811-3503,福岡県宗像市牟田尻（字桜京）２０１９番地,33.8420181,130.5015124
鐘崎貝塚,〒811-3512,福岡県宗像市上八林番下浜山１１３-１,33.8756679,130.5304396
泉福寺のエノキ,〒811-3512,福岡県宗像市鐘崎469,33.8791786,130.5309396
大クス,〒811-3505,福岡県宗像市田島2241 氏八幡神社,33.8253094,130.5146477
藤の木,〒811-3512,福岡県宗像市江口1330番地,33.8523592,130.5111141
イヌマキ天然林,〒811-3512,福岡県宗像市鐘崎２２４ 織幡神社,33.8874154,130.5259678
孔大寺の大イチョウ,〒811-3515,福岡県宗像市池田２７４２,33.8466384,130.5673904
地島,〒811-3401,福岡県宗像市地島,33.906083,130.4938584
鐘ノ岬,〒811-3512,福岡県宗像市鐘崎,33.8791786,130.5309396
孔大寺山,〒811-3401,福岡県宗像市,33.8054314,130.5407182
津屋崎海水浴場,〒811-3304,福岡県福津市津屋崎,33.7905179,130.4607366
大峰山キャンプ場,〒811-3307,福岡県福津市渡,33.7916899,130.4576174
大峰山自然公園,〒811-3307,福岡県福津市渡,33.7916899,130.4576174
東郷公園の桜,〒811-3307,福岡県福津市渡,33.7916899,130.4576174
津屋崎海岸,〒811-3304,福岡県福津市津屋崎,33.7905179,130.4607366
みずがめの郷,〒811-3206,福岡県福津市久末86-6,33.766816,130.5188935
農産物直販施設なのみの里,〒811-2302,福岡県糟屋郡粕屋町大字大隈1229,33.6238109,130.4953515
平塚古墳,〒811-2301,福岡県糟屋郡粕屋町大字上大隈,33.628002,130.4947154
自然歩道立花・三日月コース,〒811-2501,福岡県糟屋郡久山町,33.6468086,130.4998336
遠見岳,〒811-2501,福岡県糟屋郡久山町,33.6468086,130.4998336
新宮海水浴場,福岡県糟屋郡新宮町,,no,no
梅岳寺,〒811-0102,福岡県糟屋郡新宮町大字立花口1275番地,33.6869792,130.4716125
独鈷寺,〒811-0102,福岡県糟屋郡新宮町大字立花口1098,33.6884234,130.4684155
立花城址,〒811-0102,福岡県糟屋郡新宮町大字立花口,33.6879823,130.4866422
横大路家住宅（千年家）,〒811-0117,福岡県糟屋郡新宮町大字上府420番地,33.708088,130.4608683
立花山クスノキ原生林,〒811-0101,福岡県糟屋郡新宮町,33.7152952,130.4465663
立花山,〒811-0102,福岡県糟屋郡新宮町大字立花口,33.6879823,130.4866422
新宮町協会,〒811-0112,福岡県糟屋郡新宮町大字下府3-17-1,33.708251,130.4417305
須恵町立久我記念館,〒811-2113,福岡県糟屋郡須惠町大字須恵77-1,33.5961835,130.517533
須恵町立歴史民俗資料館,〒811-2114,福岡県糟屋郡須惠町大字上須恵21-3,33.5918424,130.5244797
左谷山建正寺,〒811-2115,福岡県糟屋郡須惠町佐谷,33.5843905,130.5208136
岳城山,〒811-2101,福岡県糟屋郡須惠町,33.5872679,130.507254
鉄道記念公園,福岡県糟屋郡志免町志免中央2-7,,no,no
平成の森公園,〒811-2208,福岡県糟屋郡志免町大字吉原660,33.5708753,130.485582
志免総合公園,〒811-2207,福岡県糟屋郡志免町大字南里640-1,33.5923471,130.4646721
七夕池古墳,〒811-2204,福岡県糟屋郡志免町田富3-18,33.5796799,130.4991163
志免鉱業所跡竪坑及び第八坑関連地区,〒811-2202,福岡県糟屋郡志免町大字志免７１５番地１２ほか,33.5914727,130.479743
旧志免鉱業所竪坑櫓,〒811-2202,福岡県糟屋郡志免町大字志免４９５-３,33.59038830000001,130.4862773
大和の森遊歩道,〒811-2411,福岡県糟屋郡篠栗町大字若杉,33.6166482,130.5243234
若杉自然歩道,〒811-2413,福岡県糟屋郡篠栗町大字若杉,33.6166482,130.5243234
篠栗四国霊場（お遍路）,〒811-2401,福岡県糟屋郡篠栗町,33.6239476,130.5262564
清流公園なるふち平,〒811-2405,福岡県糟屋郡篠栗町篠栗,33.6232699,130.5263203
樹芸の森,〒811-2402,福岡県糟屋郡篠栗町大字金出3252番地1,33.638483,130.5490546
新吉野公園,〒811-2405,福岡県糟屋郡篠栗町城戸郷の原,33.6239476,130.5262564
観音公園,〒811-2402,福岡県糟屋郡篠栗町金出,33.6292531,130.5405193
鳴淵ダム,〒811-2405,福岡県糟屋郡篠栗町大字篠栗、金出,33.6248482,130.536358
峯尾展望台,〒811-2405,福岡県糟屋郡篠栗町大字篠栗,33.6232699,130.5263203
鳴淵ダム展望台広場,〒811-2402,福岡県糟屋郡篠栗町大字金出,33.6292531,130.5405193
新吉野公園の桜,〒811-2405,福岡県糟屋郡篠栗町城戸郷の原,33.6239476,130.5262564
花観音,〒811-2405,福岡県糟屋郡篠栗町大字篠栗,33.6232699,130.5263203
荒田高原,〒811-2405,福岡県糟屋郡篠栗町大字篠栗,33.6232699,130.5263203
宇美町立歴史民俗資料館,〒811-2101,福岡県糟屋郡宇美町宇美一丁目１番２２号,33.569693,130.5089382
宇美町総合スポーツ公園,〒811-2108,福岡県糟屋郡宇美町ゆりが丘一丁目2番,33.5574216,130.5284415
光正寺古墳公園,〒811-2101,福岡県糟屋郡宇美町光正寺二丁目4537-11,33.5769275,130.4986998
昭和の森,〒811-2101,福岡県糟屋郡宇美町大字宇美字正楽,33.5677786,130.5111124
宇美公園,〒811-2122,福岡県糟屋郡宇美町明神坂1丁目4684-1,33.5725141,130.5107262
衣掛の森,〒811-2101,福岡県糟屋郡宇美町宇美一丁目１番１号 宇美八幡宮,33.5704244,130.5089551
蚊田の森,〒811-2101,福岡県糟屋郡宇美町宇美一丁目１番１号 宇美八幡宮,33.5704244,130.5089551
三郡山のツクシシャクナゲ,〒811-2101,福岡県糟屋郡宇美町三郡山,33.5677786,130.5111124
湯蓋の森,〒811-2101,福岡県糟屋郡宇美町宇美一丁目１番１号 宇美八幡宮,33.5704244,130.5089551
難所ヶ滝,〒811-2101,福岡県糟屋郡宇美町,33.5677786,130.5111124
頭巾山,〒811-2101,福岡県糟屋郡宇美町,33.5677786,130.5111124
佛頂山,〒811-2101,福岡県糟屋郡宇美町,33.5677786,130.5111124
三郡山,〒811-2101,福岡県糟屋郡宇美町,33.5677786,130.5111124
筑紫ケ丘ゴルフクラブ,〒811-1241,福岡県筑紫郡那珂川町大字後野字早口571,33.4996003,130.4221738
大博多カントリー倶楽部,〒811-1232,福岡県筑紫郡那珂川町大字埋金字四郎五郎5,33.4996003,130.4221738
グリーンピアなかがわキャンプ村,〒811-1234,福岡県筑紫郡那珂川町大字五ケ山870-2,33.4294516,130.4264264
グリーンピアなかがわ スキップ広場,〒811-1234,福岡県筑紫郡那珂川町大字五ケ山870-2,33.4294516,130.4264264
筑紫耶馬渓,〒811-1233,福岡県筑紫郡那珂川町大字市ノ瀬〜大字五ヶ山,33.4996003,130.4221738
お牧山キャンプ場,〒835-0114,福岡県みやま市山川町甲田2650-1,33.1126995,130.5275399
清水寺三重塔,〒835-0003,福岡県みやま市瀬高町本吉1119-1 清水寺,33.151126,130.5253917
御座敷梅林・御座敷盆梅,〒835-0102,福岡県みやま市山川町尾野,33.1303171,130.5120736
天保古平家一本桜,〒835-0113,福岡県みやま市山川町重冨,33.1057307,130.5315315
御牧山,〒835-0114,福岡県みやま市山川町甲田,33.1126995,130.5275399
嘉穂アルプス九州自然歩道,"",福岡県嘉麻市,33.560662,130.7668169
益富城自然公園,〒820-0303,福岡県嘉麻市中益248番地,33.5437772,130.7512494
嘉穂総合運動公園,〒820-0306,福岡県嘉麻市上西郷1482番地１,33.5425516,130.7272315
織田廣喜美術館,〒820-0502,福岡県嘉麻市上臼井767番地,33.5609494,130.7083322
長谷山,"",福岡県嘉麻市,33.560662,130.7668169
鴨ヶ岳,"",福岡県嘉麻市,33.560662,130.7668169
三高山,"",福岡県嘉麻市,33.560662,130.7668169
白馬山,"",福岡県嘉麻市,33.560662,130.7668169
大法山,"",福岡県嘉麻市,33.560662,130.7668169
馬見山,"",福岡県嘉麻市,33.560662,130.7668169
屏山,"",福岡県嘉麻市,33.560662,130.7668169
吉井百年公園,〒839-1333,福岡県うきは市吉井町富永423-1,33.3269735,130.7427769
佐藤家庭園,〒839-1412,福岡県うきは市浮羽町小塩2339,33.3122463,130.8363175
ゆる〜っと、ほっこり。森林セラピー,〒839-1393,福岡県うきは市吉井町新治316番地,33.3474247,130.7540839
うきは市協会 浮羽支局,〒839-1408,福岡県うきは市浮羽町山北729-2,33.3341722,130.8182629
あんずの里ふれあいの館,〒811-3521,福岡県福津市勝浦1667番地の1,33.8295578,130.491633
あんずの里運動公園,〒811-3521,福岡県福津市勝浦1706番地の1,33.8305716,130.4914135
津屋崎千軒,〒811-3304,福岡県福津市津屋崎,33.7905179,130.4607366
福津市協会,〒811-3217,福岡県福津市中央3-8-1,33.763808,130.486077
薬王寺温泉,〒811-3124,福岡県古賀市薬王寺,33.72047939999999,130.5095477
古賀市コスモス館,〒811-3134,福岡県古賀市青柳658-1,33.7083165,130.4855084
古賀ゴルフ・クラブ,〒811-3105,福岡県古賀市鹿部1310-1,33.7255058,130.4556769
古賀グリーンパーク,〒811-3133,福岡県古賀市青柳町587-1,33.709322,130.4850307
青柳宿構口跡,〒811-3133,福岡県古賀市青柳町,33.7104165,130.4960409
興山園の桜・ツツジ,〒811-3123,福岡県古賀市米多比,33.7290814,130.5150831
伊都郷土美術館,〒819-1119,福岡県糸島市前原東2丁目2-8(伊都文化会館横）,33.5606425,130.2065537
糸島高校郷土博物館,〒819-1139,福岡県糸島市前原南2丁目21-1,33.5570849,130.2103645
水無林間歩道,〒819-1100,福岡県糸島市,33.5573203,130.195555
雷山自然歩道,〒819-1145,福岡県糸島市雷山,33.5136655,130.2223055
井原山自然歩道,〒819-1582,福岡県糸島市井原,33.5287337,130.2425843
怡土城跡周回連絡歩道,〒819-1101,福岡県糸島市高祖,33.5371804,130.2677628
雷山周回自然歩道,〒819-1145,福岡県糸島市雷山,33.5136655,130.2223055
怡土城跡探望歩道,〒819-1101,福岡県糸島市,33.5573203,130.195555
福岡雷山ゴルフ倶楽部,〒819-1574,福岡県糸島市川原807番地,33.5167909,130.2628137
伊都ゴルフ倶楽部,〒819-1147,福岡県糸島市香力474,33.5186035,130.2135285
糸島市立瑞梅寺山の家キャンプ場,〒819-1581,福岡県糸島市瑞梅寺658,33.49607050000001,130.2478319
糸島市農業公園「ファームパーク伊都国」,〒819-1571,福岡県糸島市高祖７４７の１,33.53738,130.2527055
雷神社,〒819-1145,福岡県糸島市雷山148,33.4921064,130.224189
高祖神社,〒819-1571,福岡県糸島市高祖1240,33.5371804,130.2677628
志登神社,〒819-1106,福岡県糸島市志登82,33.5742108,130.2222739
金龍寺,〒819-1571,福岡県糸島市高祖1289,33.5429712,130.260052
宇美八幡宮,〒819-1155,福岡県糸島市川付787,33.5120063,130.1952246
平原歴史公園,〒819-1561,福岡県糸島市有田,33.5424485,130.2188167
雷山神籠石,〒819-1145,福岡県糸島市雷山，飯原,33.5136655,130.2223055
怡土城跡,〒819-1563,福岡県糸島市高来寺，大門，高祖,33.5544806,130.2469888
三雲南小路遺跡,〒819-1583,福岡県糸島市三雲,33.5414794,130.2328877
志登支石墓群,〒819-1106,福岡県糸島市志登,33.5694918,130.2213324
雷山神籠石,〒819-1100,福岡県糸島市雷山、飯原,33.5136655,130.2223055
はまぼう,〒819-1101,福岡県糸島市（糸島市前原と糸島市志摩の境を流れる泉川の両岸。）,33.5573203,130.195555
大悲王院の楓,〒819-1145,福岡県糸島市雷山626,33.4945979,130.228622
井原山,〒819-1581,福岡県糸島市瑞梅寺,33.5092888,130.2488732
高祖山,〒819-1571,福岡県糸島市高祖,33.5371804,130.2677628
協会前原支所,〒819-1116,福岡県糸島市前原中央1-1-10,33.557226,130.1984325
太宰府市地域活性化複合施設『太宰府館』,〒818-0117,福岡県太宰府市宰府三丁目２-３,33.5198566,130.5325753
太宰府天満宮菅公歴史館,〒818-0117,福岡県太宰府市宰府4-7-1,33.5206592,130.5355057
九州歴史資料館,〒838-0106,福岡県小郡市三沢5208-3,33.439056,130.5580025
九州自然歩道太宰府コース,〒818-0101,福岡県太宰府市,33.5127991,130.5239064
歴史の散歩道,〒818-0101,福岡県太宰府市,33.5127991,130.5239064
太宰府ゴルフ倶楽部,〒818-0100,福岡県太宰府市石穴3467-39,33.5077469,130.5464578
宝満山キャンプ場,〒818-0115,福岡県太宰府市内山,33.5287083,130.5495826
吉井勇歌碑,〒818-0101,福岡県太宰府市太宰府天満宮境内,33.5274723,130.5431802
曲水の庭,〒818-0117,福岡県太宰府市宰府4-7-1,33.5206592,130.5355057
光明禅寺石庭,〒818-0117,福岡県太宰府市宰府2-16-1,33.5183817,130.5341752
志賀社,〒818-0117,福岡県太宰府市宰府4-7-1,33.5206592,130.5355057
筑前国分寺跡,〒818-0132,福岡県太宰府市国分,33.5183842,130.5004584
大宰府学校院跡,〒818-0101,福岡県太宰府市観世音寺,33.5124296,130.5192317
国分瓦窯跡,〒818-0132,福岡県太宰府市国分,33.5183842,130.5004584
天満宮のクス,〒818-0117,福岡県太宰府市宰府４-７-１,33.5206592,130.5355057
天満宮のヒロハチシャノキ,〒818-0117,福岡県太宰府市宰府４-７-１,33.5206592,130.5355057
だざいふ遊園地の紅葉,〒818-0117,福岡県太宰府市宰府４-７-１,33.5206592,130.5355057
竃門神社の桜,〒818-0115,福岡県太宰府市内山８８３,33.5286583,130.5521519
天満宮の花菖蒲,〒818-0117,福岡県太宰府市宰府４-７-１,33.5206592,130.5355057
カナディアンキャンプ,〒811-3501,福岡県宗像市神湊44-1,33.8454619,130.4934604
福岡国際カントリークラブ むなかたゴルフ場,〒811-4161,福岡県宗像市大字朝町1470-1,33.7641172,130.5855264
八所宮キャンプ場,〒811-4153,福岡県宗像市吉留3186,33.8092906,130.6177651
唐津街道（赤間本町・南郷原町）,〒811-3401,福岡県宗像市赤間本町・南郷原町,33.8060124,130.5906537
宗生寺のツツジ,〒811-3421,福岡県宗像市大穂９３７,33.76401080000001,130.5494242
許斐山,〒811-3401,福岡県宗像市（福津市）,33.8054314,130.5407182
大野城いこいの森キャンプ場,〒816-0971,福岡県大野城市牛頚,33.4992824,130.4692112
大野城総合公園,〒816-0902,福岡県大野城市大字乙金618-12,33.5401513,130.502361
大野城いこいの森,〒816-0971,福岡県大野城市牛頚,33.4992824,130.4692112
筒井の井戸,〒816-0931,福岡県大野城市筒井,33.5403427,130.4788937
大城山,〒816-0051,福岡県大野城市,33.536307,130.478641
ウトグチ瓦窯展示館,〒816-0845,福岡県春日市白水ケ丘1丁目4,33.5146647,130.4443017
春日市奴国の丘歴史資料館,〒816-0861,福岡県春日市岡本3丁目57番地,33.5380532,130.4516128
九州カンツリー倶楽部 春日原コース,〒816-0842,福岡県春日市下白水座頭谷207-1,33.5069425,130.4620924
春日市立温水プール,〒816-0831,福岡県春日市大谷６-２８,33.52730990000001,130.4560513
春日神社,〒816-0814,福岡県春日市春日1-114,33.5215664,130.4693168
日拝塚古墳,〒816-0842,福岡県春日市下白水南6-208,33.5246458,130.440711
白水池,〒816-0051,福岡県春日市,33.532571,130.4702806
ふるさと館ちくしの,〒818-0057,福岡県筑紫野市二日市南1-9-1 パープルプラザ内,33.4907513,130.519221
九州自然歩道三郡コース,〒818-0001,福岡県筑紫野市,33.4963423,130.5156572
九州自然歩道基山コース,〒818-0001,福岡県筑紫野市,33.4963423,130.5156572
九州自然歩道大根地コース,〒818-0001,福岡県筑紫野市,33.4963423,130.5156572
九州自然歩道天拝山コース,〒818-0001,福岡県筑紫野市,33.4963423,130.5156572
武蔵寺,〒818-0052,福岡県筑紫野市武蔵621,33.481441,130.5183824
塔原塔跡,〒818-0055,福岡県筑紫野市塔原,33.4875402,130.5046666
五郎山古墳,〒818-0024,福岡県筑紫野市原田3丁目9番,33.4535269,130.5448175
基肄城跡,〒818-0001,福岡県筑紫野市,33.4963423,130.5156572
山家宿場跡,〒818-0003,福岡県筑紫野市山家,33.4802662,130.576362
筑紫野市協会,〒818-0072,福岡県筑紫野市二日市中央1-1-1,33.4950703,130.5185931
高松凌雲顕彰碑,〒838-0124,福岡県小郡市古飯地区,33.38078710000001,130.5750643
城山公園,〒838-0112,福岡県小郡市干潟,33.4228742,130.5830876
如意輪寺（如意輪観音）,〒838-0105,福岡県小郡市横隈1729,33.4269573,130.5678774
大中臣神社楼門,〒838-0137,福岡県小郡市福童 大中臣神社,33.3794432,130.5462901
乙隈境石,〒838-0104,福岡県小郡市乙隈地区,33.4329621,130.5819651
松崎宿「油屋」,〒838-0122,福岡県小郡市松崎地区,33.3960852,130.5859603
天体ドーム,〒838-0142,福岡県小郡市大板井1180-1,33.3972106,130.5636041
松崎「桜馬場」,〒838-0100,福岡県小郡市松崎,33.3960852,130.5859603
将軍藤,〒838-0137,福岡県小郡市福童,33.3780932,130.5505201
宝満川河川敷,〒838-0101,福岡県小郡市,33.3964164,130.5554383
屋根のない博物館,〒809-0030,福岡県中間市中央二丁目,33.8257265,130.7117431
惣社宮,〒809-0032,福岡県中間市中尾一丁目4-3,33.8179692,130.7138459
須賀神社（お祇園さん）,〒809-0041,福岡県中間市岩瀬西町6-1,33.8351419,130.7057878
堀川の中間唐戸,〒809-0034,福岡県中間市中間二丁目,33.8145806,130.7088631
垣生羅漢百穴,〒809-0001,福岡県中間市垣生428,33.8191048,130.7004998
筑豊のボタ山,〒809-0000,福岡県中間市,33.81664980000001,130.7090769
豊前温泉 天狗の湯,〒828-0021,福岡県豊前市大字八屋1725番地1,33.6141465,131.1240679
求菩提温泉 ト仙の郷,〒828-0084,福岡県豊前市大字篠瀬57-2,33.5528194,131.0279117
もみじ学舎,〒828-0077,福岡県豊前市上川底858番地,33.5368962,131.065981
求菩提資料館,〒828-0085,福岡県豊前市大字鳥井畑247,33.5359793,131.0172298
建干網漁,〒828-0021,福岡県豊前市大字八屋2445-3,33.6195183,131.1256649
ぶぜんフルーツランド,〒828-0011,福岡県豊前市大字四郎丸2024-31,33.5987439,131.0833803
九州自然歩道（犬ヶ岳コース）,〒828-0001,福岡県豊前市,33.6115108,131.130051
語らいの森 求菩提キャンプ場,〒828-0086,福岡県豊前市大字求菩提,33.5437369,131.0215237
能徳総合運動公園,〒828-0021,福岡県豊前市八屋322-27,33.6188957,131.1106774
岩洞窟,〒828-0083,福岡県豊前市岩屋,33.5554081,131.0571201
清原自然公園（ホタルの里）,〒828-0082,福岡県豊前市大字大河内1904,33.5583749,131.0707188
天地山公園,〒828-0061,福岡県豊前市大字大村1140-1,33.5953366,131.1118029
求菩提園地,〒828-0085,福岡県豊前市大字鳥井畑,33.5497586,131.0257259
如法寺,〒828-0071,福岡県豊前市大字山内966番地,33.5694995,131.1064569
国玉神社,〒828-0086,福岡県豊前市求菩提山,33.5401491,131.0114372
千手観音堂,〒828-0073,福岡県豊前市大字挾間１２４４,33.5702105,131.1175725
大富神社,〒828-0011,福岡県豊前市大字四郎丸256,33.60478,131.101323
蔵春園,〒828-0056,福岡県豊前市大字薬師寺570,33.5749436,131.1228053
才尾の一本桜,"",福岡県豊前市才尾,33.5745491,131.1107786
枝川内アジサイランド,"",福岡県豊前市岩屋枝川内,33.5439397,131.0547707
如法寺の蓮,〒828-0071,福岡県豊前市大字山内991,33.5712216,131.1019989
平池公園の桜,〒828-0021,福岡県豊前市大字八屋,33.6195183,131.1256649
犬ケ岳のツクシシャクナゲ,〒828-0001,福岡県豊前市,33.6115108,131.130051
求菩提のヒメシャガ,〒828-0001,福岡県豊前市,33.6115108,131.130051
恐ヶ淵,〒828-0001,福岡県豊前市,33.6115108,131.130051
経読岳,〒828-0001,福岡県豊前市,33.6115108,131.130051
求菩提山,〒828-0001,福岡県豊前市,33.6115108,131.130051
犬ヶ岳,〒828-0001,福岡県豊前市,33.6115108,131.130051
豊前市文化協会,〒828-0021,福岡県豊前市八屋2013-2,33.6194294,131.1244983
長井浜海水浴場,〒824-0014,福岡県行橋市長井,33.7182169,131.0229415
御所ヶ谷自然公園,〒824-0047,福岡県行橋市津積,33.6881349,130.9331144
浄喜寺,〒824-0018,福岡県行橋市今井1802,33.7246347,130.9967381
水哉園,〒824-0055,福岡県行橋市上稗田,33.6974979,130.9365749
琵琶隈古墳,〒824-0068,福岡県行橋市延永字,33.7312745,130.9446173
御所ケ谷神篭石,〒824-0047,福岡県行橋市津積,33.6881349,130.9331144
行橋赤れんが館,〒824-0003,福岡県行橋市大橋三丁目7番14号 旧百三十銀行行橋支店,33.73179990000001,130.9738566
U-ZONE（大川家具工業団地協同組合）,〒831-0006,福岡県大川市大字中古賀1048-1,33.2237732,130.3816996
インテリア館エルバーレ,〒831-0021,福岡県大川市大字大橋266,33.2104721,130.3943396
大川市立清力美術館,〒831-0008,福岡県大川市大字鐘ヶ江77-1,33.238072,130.387621
古賀政男記念館,〒831-0026,福岡県大川市三丸844,33.1925153,130.383644
エツ狩り（エツ漁）,〒831-0001,福岡県大川市内各漁港付近（筑後川下流）,33.2065943,130.3839576
導流堤,〒831-0001,福岡県大川市筑後川,33.1952234,130.3535952
大川公園,〒831-0016,福岡県大川市酒見,33.2089608,130.3836937
大川中央公園,〒831-0031,福岡県大川市上巻,33.1994118,130.3812442
白鷺の大樟,〒831-0016,福岡県大川市酒見,33.2089608,130.3836937
井原堤水辺公園,〒833-0053,福岡県筑後市大字西牟田,33.2350133,130.4818187
山梔窩,〒833-0027,福岡県筑後市水田,33.1973428,130.4857333
九州芸文館,〒833-0015,福岡県筑後市津島1131,33.1786784,130.49368
ハゼ並木,〒833-0054,福岡県筑後市大字蔵数,33.2382689,130.5033308
矢部川,〒833-0001,福岡県筑後市,33.2124469,130.5020928
八女伝統工芸館,〒834-0031,福岡県八女市本町2-123-2,33.2070428,130.5571223
八女市立図書館坂本繁二郎画伯資料室,〒834-0031,福岡県八女市大字本町536-3,33.2109285,130.5560668
八女手すき和紙資料館,〒834-0031,福岡県八女市大字本町2-123-2,33.2070428,130.5571223
矢部川,〒834-0012,福岡県八女市山内７４８,33.2225117,130.6151225
弥生の広場,〒834-0006,福岡県八女市大字吉田1557-1,33.2268132,130.5581911
福島八幡宮,〒834-0031,福岡県八女市大字本町105-1,33.2092704,130.5595582
丸山塚古墳,〒834-0001,福岡県八女市大字宅間田1002他,33.2264643,130.5683911
童男山古墳,〒834-0012,福岡県八女市大字山内1281,33.2252975,130.6125587
茶臼塚古墳,〒834-0001,福岡県八女市大字宅間田967他,33.2119674,130.5579082
岩戸山古墳,〒834-0006,福岡県八女市大字吉田1549他,33.2264682,130.5573513
丸山古墳,〒834-0015,福岡県八女市大字本2795他,33.2278135,130.5852248
乗場古墳,〒834-0006,福岡県八女市大字吉田1640他,33.2264682,130.5573513
旧木下家住宅「堺屋」,〒834-0031,福岡県八女市大字本町184,33.2088009,130.556014
茶畑,〒834-0001,福岡県八女市,33.2119674,130.5579082
八女電照菊,〒834-0014,福岡県八女市忠見,33.2225391,130.5952268
八女市横町町家交流館,〒834-0031,福岡県八女市大字本町94番地,33.2095676,130.5585555
天福寺の菩提樹,〒834-0023,福岡県八女市大字馬場658 天福寺境内,33.2119674,130.5579082
鈍土羅の樟,〒834-0023,福岡県八女市大字馬場282 熊野神社境内,33.2119674,130.5579082
山内のチシャノキ,〒834-0012,福岡県八女市大字山内544 祇園神社境内,33.2119674,130.5579082
八女市協会,〒834-0031,福岡県八女市大字本町2-123-2,33.2070428,130.5571223
甘木歴史資料館,〒838-0068,福岡県朝倉市甘木216-2,33.4142965,130.6598765
秋月郷土館,〒838-0001,福岡県朝倉市秋月野鳥532-2,33.4688194,130.6941476
秋月カントリークラブ,〒838-0020,福岡県朝倉市美奈宣の杜4-1-1,33.4315521,130.7136323
福岡センチュリーゴルフ倶楽部,〒838-0027,福岡県朝倉市板屋1-1,33.4246162,130.7007309
鳥屋山キャンプ場,〒838-0071,福岡県朝倉市佐田,33.4448881,130.8019888
バタバタ市,〒838-0068,福岡県朝倉市甘木（八日町）,33.420282,130.659643
甘木盆俄,〒838-0068,福岡県朝倉市甘木198-1,33.415288,130.6601515
安長寺,〒838-0068,福岡県朝倉市大字甘木八日町,33.420282,130.659643
古心寺,〒838-0001,福岡県朝倉市秋月757,33.4719939,130.6902869
古処山城跡,〒838-0011,福岡県朝倉市野鳥,33.4687777,130.6936421
武家屋敷久野邸,〒838-0001,福岡県朝倉市秋月83-2,33.4663835,130.6917646
石田家住宅,〒838-0001,福岡県朝倉市秋月519,33.469572,130.6909841
長屋門,〒838-0011,福岡県朝倉市秋月野鳥,33.4687777,130.6936421
須賀神社の大樟,〒838-0068,福岡県朝倉市甘木873-5,33.4217292,130.6616373
甘木公園の桜,〒838-0061,福岡県朝倉市菩提寺,33.4219432,130.6659896
古処山のツゲ,〒838-0012,福岡県朝倉市野鳥,33.4687777,130.6936421
大法白馬山自然遊歩道,〒820-0200,福岡県嘉麻市,33.560662,130.7668169
安国寺,〒821-0011,福岡県嘉麻市下山田,33.5726358,130.7573668
柳川温泉南風,〒832-0058,福岡県柳川市上宮永町6-3,33.1544536,130.4006677
むつごろうランド,〒832-0052,福岡県柳川市橋本町389,33.1162653,130.3824173
松月文人館,〒832-0826,福岡県柳川市三橋町高畑329,33.1671831,130.4152881
立花家史料館,〒832-0069,福岡県柳川市新外町1番地,33.1583225,130.398054
潮干狩り,〒832-0001,福岡県柳川市,33.1630889,130.4057531
長谷健文学碑,〒832-0076,福岡県柳川市坂本町柳城公園内,33.1632083,130.4043311
藤村作先生顕彰碑,〒832-0069,福岡県柳川市新外町 水辺の散歩道沿い,33.1650246,130.3994788
劉寒吉うなぎ供養碑,〒832-8601,福岡県柳川市坂本町柳城公園内 水辺の散歩道沿い,33.1632083,130.4043311
檀一雄墓碑,〒832-0046,福岡県柳川市奥卅町福厳寺内,33.1630889,130.4057531
帰去来の詩碑（白秋詩碑苑）,〒832-0056,福岡県柳川市矢留本町,33.1571392,130.3916075
安東省菴の墓「三忠苑」,〒832-0022,福岡県柳川市旭町浄華寺内,33.1677857,130.4123467
木村緑平句碑,〒832-0076,福岡県柳川市坂本町柳城公園内,33.1632083,130.4043311
檀一雄文学顕彰碑,〒832-0069,福岡県柳川市新外町,33.1650246,130.3994788
高浜虚子句碑,〒832-0021,福岡県柳川市新町,33.1630391,130.4121441
戸島氏庭園,〒832-0067,福岡県柳川市鬼童町49-3,33.1607861,130.3958682
真勝寺,〒832-0032,福岡県柳川市新町5-10,33.1628586,130.4132662
福厳寺,〒832-0046,福岡県柳川市奥州町32-1,33.1587144,130.4054477
崇久寺,〒832-0006,福岡県柳川市東蒲池1472-1,33.1851975,130.4053167
旧戸島家住宅,〒832-0067,福岡県柳川市鬼童町49-3,33.1607861,130.3958682
有明海の干潟,〒832-0001,福岡県柳川市,33.1630889,130.4057531
梅の木街道,〒832-0087,福岡県柳川市七ツ家,33.1671457,130.3731847
椛島菖蒲園,〒832-0045,福岡県柳川市本町,33.1594337,130.4051005
有明海潮干潟,〒832-0001,福岡県柳川市,33.1630889,130.4057531
田川市美術館,〒825-0016,福岡県田川市新町11-56,33.6439541,130.8063334
成道寺公園,〒825-0003,福岡県田川市白鳥町2088-1,33.6415851,130.8200628
丸山公園,〒826-0033,福岡県田川市丸山町19-1,33.6225923,130.8028344
風治八幡宮,〒825-0014,福岡県田川市魚町2-30,33.6436265,130.8164103
成道寺,〒825-0003,福岡県田川市白鳥町,33.6415851,130.8200628
中村美術館,〒826-0041,福岡県田川市大字弓削田関の山3782-1,33.6279364,130.7652059
丸山公園染井吉野,〒826-0033,福岡県田川市丸山町,33.6260974,130.8027982
成道寺公園のツツジ,〒825-0003,福岡県田川市白鳥町,33.6415851,130.8200628
岩屋鍾乳洞,〒825-0004,福岡県田川市夏吉,33.6560756,130.8206346
農楽園八木山（株）,〒820-0047,福岡県飯塚市大字八木山259,33.6392007,130.6197429
伊川温泉,〒820-0054,福岡県飯塚市伊川,33.6499669,130.6485483
八木山高原ピクニカ共和国,〒820-0047,福岡県飯塚市大字八木山,33.6272073,130.6049195
八木山花木園,〒820-0047,福岡県飯塚市大字八木山,33.6272073,130.6049195
飯塚市歴史資料館,〒820-0011,福岡県飯塚市柏の森959-1 飯塚市歴史資料館,33.6428282,130.6967325
八木山りんご園,〒820-0047,福岡県飯塚市八木山631,33.6310182,130.6139019
渓流公園自然歩道,〒820-0047,福岡県飯塚市八木山,33.6272073,130.6049195
皐月ゴルフ倶楽部 竜王コース,〒820-0047,福岡県飯塚市八木山1310,33.61635,130.5977594
法橋琳弁石卒都婆,〒820-0022,福岡県飯塚市明星寺,33.6217616,130.647402
貝原益軒の碑,〒820-0047,福岡県飯塚市八木山,33.6272073,130.6049195
八木山展望公園,〒820-0046,福岡県飯塚市大日寺,33.6428928,130.6479152
旌忠公園,〒820-0003,福岡県飯塚市立岩,33.6501737,130.6892974
笠城ダム公園,〒820-0051,福岡県飯塚市庄司,33.6717539,130.6724011
宝幢寺,〒820-0052,福岡県飯塚市相田,33.6576219,130.6596331
イイヅカコスモスコモン,〒820-0041,福岡県飯塚市飯塚14-66 イイヅカコスモスコモン,33.6351335,130.6846383
八木山展望台,〒820-0046,福岡県飯塚市大日寺,33.6428928,130.6479152
筑豊のボタ山,〒820-0001,福岡県飯塚市（稲築町・穂波町）,33.6459075,130.6915113
天然記念物鎮西カツラの木,〒820-0049,福岡県飯塚市建花寺,33.658699,130.6424766
遠賀川中の島のコスモス,〒820-0040,福岡県飯塚市大字吉原町,33.6416052,130.6854952
八木山峠のサクラ,〒820-0047,福岡県飯塚市八木山,33.6272073,130.6049195
八木山高原,〒820-0047,福岡県飯塚市八木山,33.6272073,130.6049195
竜王山,〒820-0049,福岡県飯塚市建花寺・蓮台寺・大日寺・明星寺等,33.658699,130.6424766
飯塚協会,〒820-0040,福岡県飯塚市吉原町6-12,33.6422273,130.6862229
直方歳時館,〒822-0015,福岡県直方市新町1丁目666-1,33.7403121,130.7262303
直方谷尾美術館別館,〒822-0027,福岡県直方市古町10-20,33.7459614,130.7278604
直方谷尾美術館,〒822-0017,福岡県直方市殿町10-35,33.7432527,130.7284506
九州自然歩道,〒822-0001,福岡県直方市,33.7441839,130.7296326
尺岳〜福智山自然遊歩道,〒822-0001,福岡県直方市,33.7441839,130.7296326
内ケ磯青少年野外訓練所,〒822-0002,福岡県直方市頓野内ケ磯,33.75461060000001,130.7765622
水町遺跡公園,〒822-0006,福岡県直方市大字上境49-1,33.7242362,130.7508426
多賀公園,〒822-0016,福岡県直方市直方御館山,33.7421299,130.723164
遠賀川河川敷リバーサイドパーク,〒822-0001,福岡県直方市遠賀川河川敷,33.7441839,130.7296326
直方中央公園,〒822-0002,福岡県直方市頓野,33.7522218,130.7405397
鴨生田公園,〒822-0033,福岡県直方市上新入,33.7473636,130.7084034
鳥野神社,〒822-0002,福岡県直方市頓野,33.7522218,130.7405397
鷹取城跡,〒822-0005,福岡県直方市永満寺,33.7306606,130.7608581
雲取城跡,〒822-0003,福岡県直方市上頓野,33.7655981,130.760621
直方館の跡,〒822-0016,福岡県直方市直方御館山,33.7421299,130.723164
花の木堰の大公孫樹,〒822-0031,福岡県直方市大字植木 犬鳴川河川敷,33.7729884,130.7120659
福智山のクマザサ,〒822-0002,福岡県直方市頓野,33.7522218,130.7405397
多賀公園の黄玉樹,〒822-0016,福岡県直方市大字直方,33.7394539,130.7239028
大塔の滝,〒822-0001,福岡県直方市,33.7441839,130.7296326
薙野高原,〒822-0001,福岡県直方市,33.7441839,130.7296326
鷹取山,〒822-0001,福岡県直方市,33.7441839,130.7296326
福智山,〒803-0267,福岡県直方市,33.7441839,130.7296326
尺岳,〒822-0001,福岡県直方市,33.7441839,130.7296326
福智山,〒822-0002,福岡県直方市頓野,33.7522218,130.7405397
ほとめき通り商店街,"",福岡県久留米市,33.3192865,130.5083735
吉金菓子舗,〒830-0017,福岡県久留米市日吉町12-28,33.3165895,130.5131451
阿わやおこ志本舗,〒830-0044,福岡県久留米市本町1-2,33.3153729,130.5082567
草野歴史資料館,〒839-0835,福岡県久留米市草野町草野411-1,33.319294,130.6354464
有馬記念館,〒830-0021,福岡県久留米市篠山町444番地,33.3282469,130.5071852
久留米カトリック協会,〒830-0031,福岡県久留米市六ッ門町22-43,33.3132953,130.5158336
バルザック像,"",福岡県久留米市,33.3192865,130.5083735
井上伝墓,〒830-0014,福岡県久留米市寺町66（徳雲寺）,33.319515,130.5213166
青木繁墓,〒830-0017,福岡県久留米市日吉町139（順光寺）,33.315202,130.5171734
高山彦九郎墓,〒830-0014,福岡県久留米市寺町56（遍照院）,33.3189172,130.5197112
日吉市場,福岡県久留米市,,no,no
中央公園,〒830-0003,福岡県久留米市東櫛原町1713,33.3181146,130.5283549
順光寺,〒830-0017,福岡県久留米市日吉町１３９,33.3152119,130.5172252
日吉神社,〒830-0017,福岡県久留米市日吉町106,33.3144925,130.5167641
大石神社,"",福岡県久留米市大石町397,33.3156088,130.4935526
五穀神社,"",福岡県久留米市通外町５８,33.3160064,130.5262883
観興寺,〒839-0826,福岡県久留米市山本町耳納2129,33.3071974,130.6133097
若宮八幡宮,〒839-0836,福岡県久留米市草野町吉木2611,33.3091725,130.625903
永勝寺,〒839-0827,福岡県久留米市山本町豊田2155,33.3033332,130.5920923
坂本繁二郎生家,〒830-0028,福岡県久留米市京町224-1,33.3198669,130.4991551
青木繁旧居,〒830-0042,福岡県久留米市荘島町431番地,33.3126425,130.5059013
日輪寺古墳,〒830-0028,福岡県久留米市京町,33.3218445,130.4983803
権現塚古墳,〒830-0073,福岡県久留米市大善寺町宮本,33.2737343,130.4747522
高良山神篭石,〒839-0851,福岡県久留米市御井町1,33.3020193,130.5654718
御塚古墳,〒830-0073,福岡県久留米市大善寺町宮本,33.2737343,130.4747522
浦山古墳,〒830-0052,福岡県久留米市上津町,33.2801712,130.540099
下馬場古墳,〒839-0201,福岡県久留米市草野町,33.3196634,130.6360408
つきほし歴史館,"",福岡県久留米市白山町60 株式会社ムーンスター 本社敷地内,33.3137341,130.5033182
雪の聖母聖堂,〒830-0047,福岡県久留米市津福本町,33.297391,130.4979823
ハゼ並木,〒839-0827,福岡県久留米市山本町豊田2287,33.3062164,130.5951864
矢作の町並み,〒839-0837,福岡県久留米市草野町,33.3196634,130.6360408
草野の町並み,〒839-0201,福岡県久留米市草野町,33.3196634,130.6360408
久留米百年公園のつつじ,〒839-0861,福岡県久留米市百年公園2432-1,33.3208007,130.5343795
久留米森林つつじ公園のつつじ,〒839-0851,福岡県久留米市御井町299-354,33.29491730000001,130.566983
将軍梅,〒839-0801,福岡県久留米市宮ノ陣5丁目12-1,33.3288779,130.5336409
高良山,〒839-0851,福岡県久留米市御井町,33.3056134,130.5535614
耳納連山,〒839-0201,福岡県久留米市上陽町,33.3192865,130.5083735
グライダー山,〒839-0201,福岡県久留米市草野町,33.3196634,130.6360408
久留米コンベンション国際交流協会,〒830-0022,福岡県久留米市城南16-1,33.319842,130.5086902
西鉄大牟田駅,〒836-0045,福岡県大牟田市久保田町２丁目 西鉄大牟田駅,33.0276095,130.4418243
大牟田市労働福祉会館,〒836-0851,福岡県大牟田市笹林町１丁目１番地,33.0289207,130.4476462
大牟田市障害者等文化体育施設（サン・アビリティーズおおむた）,〒836-0004,福岡県大牟田市大字手鎌,33.0499795,130.4469732
大牟田文化会館,〒836-0843,福岡県大牟田市不知火町２丁目,33.0259763,130.4430631
三池山遊歩道,〒837-0921,福岡県大牟田市三池,33.04974670000001,130.4801879
甘木山自然遊歩道,〒836-0001,福岡県大牟田市,33.0302622,130.4459852
リフレスおおむた,〒837-0901,福岡県大牟田市大字四ヶ１２２１番地,33.074178,130.5350347
不知火ゴルフ場,〒836-0824,福岡県大牟田市大浦町15-19,33.0219995,130.4683088
有明カントリークラブ,〒836-0002,福岡県大牟田市大字岬1523,33.0727906,130.4440276
三池港,〒836-0061,福岡県大牟田市新港町,33.0142489,130.4174536
上島鬼貫句碑,〒836-0002,福岡県大牟田市大字岬２３８６番地 黒崎公園,33.0302622,130.4459852
伊能忠敬碑,〒836-0841,福岡県大牟田市築町,33.0338119,130.4479767
諏訪公園,〒836-0037,福岡県大牟田市岬町,33.0346861,130.4243003
黒崎公園,〒836-0002,福岡県大牟田市岬,33.0708072,130.4368281
甘木公園,〒837-0905,福岡県大牟田市大字甘木,33.0612758,130.4656742
三池公園,〒837-0921,福岡県大牟田市大字三池,33.04974670000001,130.4801879
延命公園,〒836-0871,福岡県大牟田市昭和町,33.0186353,130.4427909
定林寺の庭,〒837-0922,福岡県大牟田市今山1778,33.0391089,130.4896212
普光寺,〒837-0922,福岡県大牟田市今山2538,33.0321485,130.4969065
定林寺,〒837-0922,福岡県大牟田市今山1778,33.0391089,130.4896212
紹運寺,〒837-0922,福岡県大牟田市今山2599,33.0342316,130.4939569
潜塚古墳,〒836-0872,福岡県大牟田市黄金町,33.0171607,130.451071
三池街道,〒837-0921,福岡県大牟田市三池町,33.0487032,130.4797657
早鐘眼鏡橋,〒836-0891,福岡県大牟田市合成町１２６番地,33.01935520000001,130.4597815
諏訪公園展望台,〒836-0037,福岡県大牟田市岬町,33.0346861,130.4243003
延命貯水池展望台,〒836-0001,福岡県大牟田市延命公園,33.0302622,130.4459852
有明海中の海苔畑,〒836-0001,福岡県大牟田市,33.0302622,130.4459852
三池の町並み,〒837-0923,福岡県大牟田市新町〜三池,33.0411998,130.481754
延命公園の桜,〒836-0871,福岡県大牟田市昭和町,33.0186353,130.4427909
三池公園の桜,〒837-0921,福岡県大牟田市三池,33.04974670000001,130.4801879
定林寺のあじさい,〒837-0922,福岡県大牟田市今山１８７８,33.0357009,130.497373
黒崎玉垂神社の大樟,〒836-0002,福岡県大牟田市岬２３６３,33.0738817,130.4287424
上内八幡宮のイチイガシ,〒837-0902,福岡県大牟田市上内１５２８,33.0745501,130.5032624
甘木山,〒836-0001,福岡県大牟田市,33.0302622,130.4459852
大間山,〒836-0001,福岡県大牟田市,33.0302622,130.4459852
セブンミリオンカントリークラブ,〒811-1112,福岡県福岡市早良区大字小笠木103-1,33.4864031,130.3754536
アインシュタイン・石原純歌碑,〒814-0001,福岡県福岡市早良区修猷館高校,33.5837213,130.3560607
妙福寺庭園,〒811-1101,福岡県福岡市早良区重留5-8-10,33.5283602,130.3415521
西光寺,〒811-1123,福岡県福岡市早良区内野2-7-13,33.499146,130.3382642
坊主ケ滝,〒814-0001,福岡県福岡市早良区,33.5819411,130.3484363
油山観音正覚寺,〒814-0155,福岡県福岡市城南区東油山508,33.5347581,130.3837994
今津海岸,〒819-0001,福岡県福岡市西区,33.582939,130.3231186
能古島海水浴場,〒819-0012,福岡県福岡市西区能古島,33.6103054,130.3072056
のこのしまキャンプ村,〒819-0012,福岡県福岡市西区能古島,33.6103054,130.3072056
檀一雄文学碑,〒819-0012,福岡県福岡市西区能古島,33.6103054,130.3072056
宮崎安貞墓,〒819-0373,福岡県福岡市西区周船寺381-14,33.574281,130.247041
興徳寺,〒819-0001,福岡県福岡市西区姪浜5-23-1,33.5870704,130.320647
誓願寺,〒819-0165,福岡県福岡市西区今津851,33.60706770000001,130.2639195
元寇防塁跡,〒819-0165,福岡県福岡市西区今津・西区生の松原・早良区西新,33.6035372,130.2601363
大塚古墳,〒819-0167,福岡県福岡市西区今宿大塚,33.5825813,130.2688392
丸隈山古墳,〒819-0373,福岡県福岡市西区周船寺,33.574281,130.247041
能古島展望台,〒819-0012,福岡県福岡市西区能古島,33.6103054,130.3072056
小戸展望台,〒819-0001,福岡県福岡市西区小戸,33.58861330000001,130.3143859
アイランドパークのツツジ,〒819-0012,福岡県福岡市西区能古1624,33.6313726,130.3018252
油山市民の森のさくら,〒815-0001,福岡県福岡市南区,33.5615691,130.4264283
徳富蘇峰詩碑,〒810-0061,福岡県福岡市中央区西公園,33.5953399,130.3771311
貝原益軒墓,〒810-0054,福岡県福岡市中央区今川金龍寺境内,33.5873739,130.3688402
天神よろず町通り,〒810-0073,福岡県福岡市中央区舞鶴,33.5914293,130.3917496
亀井（南冥・昭陽）家の墓,〒810-0064,福岡県福岡市中央区地行,33.5886376,130.3631211
南公園,〒810-0037,福岡県福岡市中央区南公園,33.5726677,130.3907386
大濠公園日本庭園,〒810-0051,福岡県福岡市中央区大濠公園1-7,33.5830301,130.378745
金龍寺,〒810-0054,福岡県福岡市中央区今川2-3-23,33.5854213,130.3646183
平尾山荘,〒810-0014,福岡県福岡市中央区平尾5丁目2-28,33.5718741,130.3973083
福岡市文学館（赤煉瓦文化館）,〒810-0001,福岡県福岡市中央区天神1-15-30,33.5931432,130.4018849
福岡城南丸多聞櫓,〒810-0043,福岡県福岡市中央区城内,33.584705,130.3807227
舞鶴公園の梅,〒810-0043,福岡県福岡市中央区城内,33.584705,130.3807227
南公園の桜,〒810-0001,福岡県福岡市中央区,33.5892157,130.3928134
ツクシオオカヤツリ自生地,〒810-0043,福岡県福岡市中央区城内,33.584705,130.3807227
西公園のツツジ,〒810-0001,福岡県福岡市中央区,33.5892157,130.3928134
福岡コンベンションビューロー,〒810-0001,福岡県福岡市中央区天神1-10-1,33.5909629,130.4010016
元寇史料館,〒812-0045,福岡県福岡市博多区東公園7-11,33.6071367,130.4203885
福岡県立総合プール,〒816-0052,福岡県福岡市博多区東平尾公園2-1-3,33.5811151,130.463692
亀山上皇銅像,〒812-0045,福岡県福岡市博多区東公園内,33.6057674,130.4218107
五足の靴,〒810-0801,福岡県福岡市博多区中洲,33.5925017,130.4063956
川上音次郎の墓,〒812-0001,福岡県福岡市博多区承天寺,33.595185,130.4170503
仙がい和尚絶筆碑及び曙桜歌碑,〒812-0001,福岡県福岡市博多区聖福寺,33.597407,130.4143671
比恵環溝住居遺跡,〒812-0001,福岡県福岡市博多区比恵駅南,33.5860583,130.4290096
金隈遺跡,〒812-0001,福岡県福岡市博多区金隈1-39-52,33.5593783,130.4718911
福岡県庁,〒812-0045,福岡県福岡市博多区東公園7-7,33.6067672,130.4182276
しかのしま資料館,〒811-0325,福岡県福岡市東区勝馬１８０３-１,33.6832048,130.2906368
福岡マリーナ,〒811-0322,福岡県福岡市東区大岳,33.6533059,130.3403908
西戸崎シ-サイドカントリークラブ,〒811-0321,福岡県福岡市東区大字西戸崎316,33.6553788,130.3369939
福岡カンツリー倶楽部,〒811-0216,福岡県福岡市東区大字上和白1318-1,33.6852475,130.4387896
枯野塚,〒812-0054,福岡県福岡市東区馬出,33.6096502,130.4193191
長塚節歌碑,〒813-0001,福岡県福岡市東区九大病院構内,33.5903547,130.4017155
不老水,〒813-0011,福岡県福岡市東区香椎宮内,33.6589575,130.443098
綾杉,〒813-0011,福岡県福岡市東区香椎４-１６-１,33.6528405,130.4521652
福岡県サイクリング協会,〒810-0013,福岡県福岡市,33.5903547,130.4017155
野河内渓谷自然歩道,〒813-0000,福岡県福岡市,33.5903547,130.4017155
能古自然探勝路,〒813-0000,福岡県福岡市,33.5903547,130.4017155
金山,〒811-1133,福岡県福岡市（佐賀県三瀬村）,33.5903547,130.4017155
瀬板の森北九州ゴルフコース,〒806-0048,福岡県北九州市八幡西区樋口町8番1号,33.8583927,130.7343123
九州ゴルフ倶楽部 八幡コース,〒805-0036,福岡県北九州市八幡東区大字小熊野1467,33.8421079,130.8385478
帆柱キャンプ場,〒805-0001,福岡県北九州市八幡東区権現山北斜面,33.8634437,130.8118635
北原白秋詩碑,〒805-0019,福岡県北九州市八幡東区中央3丁目 高炉台公園内,33.8650546,130.8127717
河野静雲句碑,〒805-0016,福岡県北九州市八幡東区高見5-1-32 阿弥陀院境内,33.8684713,130.835539
野口雨情詩碑,〒805-0001,福岡県北九州市八幡東区皿倉山頂帆柱ケーブル山頂そば,33.8634437,130.8118635
三条実美歌碑,〒805-0001,福岡県北九州市八幡東区岡田神社境内,33.8634437,130.8118635
上野十七八川柳碑,〒805-0019,福岡県北九州市八幡東区中央3丁目 高炉台公園内,33.8650546,130.8127717
清原枴童句碑,〒805-0048,福岡県北九州市八幡東区大字大蔵河内貯水池畔,33.8634437,130.8118635
小倉カンツリー倶楽部,〒800-0243,福岡県北九州市小倉南区西貫2-1-1,33.8181512,130.9223577
堀越キャンプ場,〒802-0835,福岡県北九州市小倉南区堀越,33.8116871,130.8866037
北九州メディアドーム,〒802-0065,福岡県北九州市小倉北区三萩野3-1-1,33.8719938,130.8876851
足立キャンプ場,〒802-0025,福岡県北九州市小倉北区寿山町7番14号 足立公園内,33.8712137,130.9015336
万葉の庭・万葉歌碑,〒802-0001,福岡県北九州市小倉北区勝山公園,33.8845591,130.8736159
宮本武蔵の碑,〒802-0001,福岡県北九州市小倉北区手向山公園,33.8906012,130.9134929
阿南哲朗民謡碑,〒802-0043,福岡県北九州市小倉北区大字足原妙見山,33.8808817,130.8734191
佐々木小次郎の碑,〒802-0001,福岡県北九州市小倉北区手向山公園内,33.8808817,130.8734191
杉田久女句碑,〒802-0041,福岡県北九州市小倉北区妙見町1-30 円通寺境内,33.8638313,130.9045085
森鴎外文学碑,〒802-0001,福岡県北九州市小倉北区勝山公園内,33.8808817,130.8734191
松尾芭蕉句塚,〒802-0001,福岡県北九州市小倉北区堅町一丁目２-１３安国寺境内,no,no
手向山公園,〒802-0032,福岡県北九州市小倉北区赤坂4丁目,33.8886847,130.9145958
永照寺（御坊）,〒803-0814,福岡県北九州市小倉北区大手町16-16,33.8744379,130.8689223
足立公園の桜,〒802-0041,福岡県北九州市小倉北区妙見町,33.8638313,130.9045085
金比羅キャンプ場,〒804-0022,福岡県北九州市戸畑区金比羅町,33.8783566,130.8419603
万葉歌碑,〒804-0001,福岡県北九州市戸畑区役所前庭,33.89350760000001,130.8298137
若山牧水歌碑,〒804-0062,福岡県北九州市戸畑区浅生1丁目 図書館前,33.8905106,130.8282973
夜宮公園の花しょうぶ,〒804-0042,福岡県北九州市戸畑区夜宮一丁目・二丁目,33.8863445,130.8346496
夜宮の大珪化木,〒804-0042,福岡県北九州市戸畑区夜宮２丁目、天籟寺小学校そば,33.8863111,130.8319304
北九州市サイクリングターミナル,〒808-0121,福岡県北九州市若松区大字竹並828番地,33.913509,130.7268604
染と織の美術館,〒808-0108,福岡県北九州市若松区大字小竹2376 内小竹公民館横,33.9112344,130.7417707
脇田海水浴場,〒808-0001,福岡県北九州市若松区脇田,33.9324959,130.727619
若松ゴルフ倶楽部,〒808-0134,福岡県北九州市若松区大字乙丸1560,33.9157486,130.6825626
しょうぶ谷キャンプ場,〒808-0007,福岡県北九州市若松区小石,33.9119988,130.7771653
飯尾宗祇句碑,〒808-0036,福岡県北九州市若松区高塔山登山道入口の佐藤公園内,33.9054755,130.8111429
河童封じ地蔵,〒808-0001,福岡県北九州市若松区高塔山公園,33.9035559,130.798844
火野葦平詩碑,〒808-0001,福岡県北九州市若松区高塔山公園,no,no
松尾芭蕉句碑,〒808-0053,福岡県北九州市若松区修多羅3-4 東南院境内,no,no
洲口番所跡,〒808-0034,福岡県北九州市若松区本町1-10 若松渡湯付近,no,no
高塔山公園のアジサイ,〒808-0053,福岡県北九州市若松区大字修多羅,no,no
門司ゴルフ倶楽部,〒800-0114,福岡県北九州市門司区大字吉志175,no,no
本居宣長歌碑,〒801-0854,福岡県北九州市門司区旧門司一丁目甲宗八幡神社境内,no,no
久保晴句碑,〒800-0001,福岡県北九州市門司区和布刈神社境内,no,no
火野葦平詩碑,〒801-0854,福岡県北九州市門司区旧門司1丁目 甲宗八幡神社境内,no,no
平忠度歌碑,〒800-0024,福岡県北九州市門司区大里戸ノ上一丁目柳の御所,no,no
高浜虚子句碑,〒800-0001,福岡県北九州市門司区和布刈神社,no,no
めかり公園の桜,〒801-0855,福岡県北九州市門司区大字門司,no,no
