雫石町,6067982,39.696592788,140.975515011,日本, 〒020-0541 岩手県岩手郡雫石町千刈田５−４,
小岩井農場まきば園,819004,39.751279691,141.017601789,日本, 〒020-0507 岩手県岩手郡雫石町丸谷地６８−８７,
小岩井の一本桜,1345298,39.755191146,141.005251408,日本, 〒020-0507 岩手県岩手郡雫石町丸谷地 広域農道,
小岩井農場,341095547,39.733192494,141.013003853,日本, 〒020-0507 岩手県岩手郡雫石町丸谷地 県道219号線,
盛岡手づくり村,926651,39.692994788,141.024364868,日本, 〒020-0055 岩手県盛岡市繋尾入野６４−１０２,盛岡市
花工房らら倶楽部,1441650,39.727471765,140.975757837,日本, 〒020-0585 岩手県岩手郡雫石町長山松森３３,
宮沢賢治 童話村,4098307,39.398460556,141.168362802,日本, 〒025-0014 岩手県花巻市高松第２６地割１９,花巻市
宮沢賢治記念館,367034,39.399358242,141.163136841,日本, 〒025-0011 岩手県花巻市矢沢第１地割１,花巻市
花巻市博物館,28973983,39.400307285,141.167689329,日本, 岩手県花巻市 国道456号線,花巻市
宮沢賢治イーハトーブ館,10375032,39.396876927,141.164292696,日本, 〒025-0014 岩手県花巻市高松第１地割１,花巻市
中尊寺金色堂,299602,39.001703606,141.100573032,日本, 〒029-4102 岩手県西磐井郡平泉町平泉衣関７６,
毛越寺,810367,38.987192719,141.107465029,日本, 〒029-4102 岩手県西磐井郡平泉町平泉大沢６１,
白山神社,11273180,39.003148027,141.100340737,日本, 〒029-4102 岩手県西磐井郡平泉町平泉衣関１７３,
Kobiru Cafe 平泉,36270655,38.988031257,141.117201594,日本, 〒029-4102 岩手県西磐井郡平泉町平泉泉屋７３,
cafe&bar 琥珀,131267305,38.988106259,141.115065818,日本, 〒029-4102 岩手県西磐井郡平泉町平泉志羅山８−１３,
新鉛温泉 愛隣館,7369850,39.469612,140.988514,日本, 〒025-0252 岩手県花巻市鉛西鉛２３,花巻市
鉛温泉 藤三旅館,3752634,39.465776836,140.991486311,日本, 〒025-0252 岩手県花巻市鉛中平７５,花巻市
風の季,132540707,39.409740326,141.014393619,日本, 〒025-0244 岩手県花巻市湯口松原３６−３,花巻市
渡り温泉,4357438,39.424784955,141.015665677,日本, 〒025-0244 岩手県花巻市湯口佐野２１,花巻市
大沢温泉自炊部,5431846,39.436714653,141.015698499,日本, 〒025-0244 岩手県花巻市湯口大沢１７１−１７,花巻市
大沢温泉,1067514,39.435465569,141.015670393,日本, 〒025-0244 岩手県花巻市湯口大沢 県道12号線,花巻市
山の神温泉 優香苑,5709102,39.45230502,141.004719082,日本, 〒025-0253 岩手県花巻市下シ沢中野５３,花巻市
精華の湯,6423657,39.454867285,141.0561983,日本, 〒025-0305 岩手県花巻市台 県道123号線,花巻市
鉛温泉スキー場,127209,39.463000788,140.993329226,日本, 〒025-0252 岩手県花巻市鉛中平３６,花巻市
御所湖,767948,39.675484394,141.013598442,日本, 〒020-0055 岩手県盛岡市繋萪内沢 県道172号線,盛岡市
つなぎ温泉　愛真館,8416779,39.672817089,141.022216083,日本, 〒020-0055 岩手県盛岡市繋塗沢４０,盛岡市
四季亭,5954205,39.672747116,141.023965366,日本, 〒020-0055 岩手県盛岡市繋湯ノ舘１３３,盛岡市
宮古市,5789086,39.641454319,141.957092285,日本, 〒027-0081 岩手県宮古市新川町２−１,宮古市
民宿 GORILLA,138774375,39.643016,141.962144,日本, 〒027-0092 岩手県宮古市愛宕２丁目４−３,宮古市
八幡平ハイツ,28046137,39.902490123,140.96862093,日本, 〒028-7302 岩手県八幡平市松尾寄木第１地割５９０−４,八幡平市
森林ふれあい学習館 フォレストアイ,75516580,39.895361381,140.964724515,日本, 〒028-7302 岩手県八幡平市松尾寄木第１地割５１５−５,八幡平市
岩手県県民の森,23422597,39.89436158,140.967614651,日本, 〒028-7302 岩手県八幡平市松尾寄木第１地割５１５−５,八幡平市
八幡平温泉館 森乃湯,152824965,39.897660281,140.973555077,日本, 〒028-7302 岩手県八幡平市松尾寄木第１地割５９０−２８５,八幡平市
松川玄武岩,141578251,39.894366812,140.958797555,日本, 〒028-7100 岩手県八幡平市（その他） 県道212号線,八幡平市
八幡平トラウトガーデン,26192570,39.910586857,140.983321257,日本, 〒028-7302 岩手県八幡平市松尾寄木第１地割４７４−６,八幡平市
金沢清水,260041574,39.910671234,140.987014771,日本, 〒028-7302 岩手県八幡平市松尾寄木第１地割１５７３,八幡平市
七滝,221352442,39.874150913,140.958390458,日本, 〒028-7100 岩手県八幡平市（その他） 県道212号線,八幡平市
イーハトーブ火山局,9503364,39.9295559,141.00276686,日本, 〒028-7302 岩手県八幡平市松尾寄木第２地割５１５,八幡平市
花巻トロン,210665465,39.402700303,141.01822257,日本, 〒025-0244 岩手県花巻市湯口松原７６,花巻市
たろし滝,207438975,39.506921443,141.063508987,日本, 〒028-3185 岩手県花巻市石鳥谷町大瀬川第２地割４４,花巻市
釜淵の滝,283098,39.455562042,141.065632411,日本, 〒025-0304 岩手県花巻市湯本第１地割１２５−２,花巻市
龍泉洞,3034058,39.860809678,141.796790779,日本, 〒027-0501 岩手県下閉伊郡岩泉町岩泉 県道7号線,
龍泉新洞科学館,23215846,39.860884267,141.797790527,日本, 〒027-0501 岩手県下閉伊郡岩泉町岩泉 県道7号線,
思惟大橋,62969987,39.931373425,141.887886733,日本, 〒028-8407 岩手県下閉伊郡田野畑村 国道45号線,
田野畑村,8314303,39.930447055,141.888856888,日本, 〒028-8407 岩手県下閉伊郡田野畑村田野畑１４３,
龍泉洞青少年旅行村,369262441,39.8627,141.791931,日本, 〒027-0501 岩手県下閉伊郡岩泉町岩泉神成１２,
ふれあいらんど岩泉,5379449,39.840328242,141.866789803,日本, 〒027-0502 岩手県下閉伊郡岩泉町乙茂大向４８,
薄衣の滝,40121335,39.417264683,141.00808382,日本, 〒025-0244 岩手県花巻市湯口天王２７−１,花巻市
瀬峯坂温泉宝珠の湯,14284087,39.242813592,141.00139192,日本, 〒024-0321 岩手県北上市和賀町岩崎２地割３,北上市
千貫石温泉  湯元  東館,44572221,39.227286414,141.011760896,日本, 〒029-4503 岩手県胆沢郡金ケ崎町西根二枚橋５,
北上市立 鬼の館,12467550,39.27557867,141.045409441,日本, 〒024-0321 岩手県北上市和賀町岩崎１６地割１３１,北上市
北上カントリークラブ,138620619,39.267614,140.983242,日本, 〒024-0323 岩手県北上市和賀町煤孫１地割３２３,北上市
入畑ダム展望広場,14569564,39.23774736,140.949770788,日本, 岩手県北上市 県道122号線,北上市
北上カントリークラブ,42883463,39.267781557,140.981635245,日本, 〒024-0323 岩手県北上市和賀町煤孫１地割 県道37号線,北上市
御所ダム,16580685,39.693240186,141.026574729,日本, 〒020-0055 岩手県盛岡市繋山根１９２−４,盛岡市
八幡平カントリークラブ,27961698,39.639060199,140.937683501,日本, 〒020-0573 岩手県岩手郡雫石町南畑第３２地割８５,
雫石町総合運動公園,9514763,39.699089673,140.963757834,日本, 〒020-0543 岩手県岩手郡雫石町高前田１１１−３８,
盛岡市,6190871,39.701969994,141.154425144,日本, 〒020-0023 岩手県盛岡市内丸 奥州街道(陸羽街道),盛岡市
岩手県公会堂,2564445,39.703207517,141.153452983,日本, 〒020-0023 岩手県盛岡市内丸１１−２,盛岡市
もりおか歴史文化館,3608599,39.700846075,141.153332487,日本, 岩手県盛岡市 奥州街道(陸羽街道),盛岡市
中ノ橋 (Nakanohashi Bridge),208816,39.700731804,141.1543715,日本, 岩手県盛岡市 奥州街道(陸羽街道),盛岡市
FM岩手,37378024,39.701243591,141.153888702,日本, 〒020-0023 岩手県盛岡市内丸２−５,盛岡市
岩手銀行 中ノ橋支店,27306467,39.700847369,141.155337095,日本, 〒020-0871 岩手県盛岡市中ノ橋通１丁目２−１６,盛岡市
彩四季,197593534,39.701052,141.155618,日本, 〒020-0885 岩手県盛岡市紺屋町１−３８,盛岡市
安比高原スキー場,742323,40.00497678,140.980022798,日本, 〒028-7306 岩手県八幡平市安比高原６０５−１２８,八幡平市
長者屋敷清水,540757267,39.9722895,141.031014948,日本, 〒028-7305 岩手県八幡平市松尾第４地割１１１,八幡平市
三ツ石山,40038293,39.926319554,141.09531666,日本, 〒028-7111 岩手県八幡平市大更第３５地割６２,八幡平市
岩手高原スノーパーク,1361224,39.813846646,140.966062913,日本, 〒020-0585 岩手県岩手郡雫石町長山岩手山２２−３６２,
雫石スキー場,703408,39.775273297,140.930347649,日本, 〒020-0584 岩手県岩手郡雫石町西根栗木平１５２,
網張温泉,2710449,39.821807835,140.940952233,日本, 〒020-0585 岩手県岩手郡雫石町長山小松倉１,
ゆこたんの森,7029293,39.795040122,140.951069942,日本, 〒020-0585 岩手県岩手郡雫石町長山猫沢３,
網張キャンプ場,155465484,39.821983337,140.941223145,日本, 〒020-0585 岩手県岩手郡雫石町長山小松倉１,
ぬくもり温泉 NUC,81736996,39.805599277,140.947802229,日本, 〒020-0585 岩手県岩手郡雫石町長山岩手山７−３２,
相の沢温泉 お山の湯,37177273,39.802041224,141.007708311,日本, 〒020-0685 岩手県滝沢市鵜飼安達１１４,滝沢市
地蔵菩薩,210557065,38.988726,141.10861,日本, 〒029-4102 岩手県西磐井郡平泉町平泉志羅山８６,
道の駅 石鳥谷,483892,39.48284694,141.141804644,日本, 〒028-3171 岩手県花巻市石鳥谷町中寺林第７地割１７,花巻市
石鳥谷駅 (Ishidoriya Sta.),4580233,39.491262203,141.147081256,日本, 〒028-3101 岩手県花巻市石鳥谷町好地第７地割 石鳥谷駅・ＪＲ／東北本線,花巻市
石鳥谷アイスアリーナ,134999922,39.482278386,141.141583314,日本, 〒028-3171 岩手県花巻市石鳥谷町中寺林第７地割５,花巻市
√s （ルーツ）,52077692,39.475457753,141.150494459,日本, 〒028-3163 岩手県花巻市石鳥谷町八幡第７地割１２０,花巻市
厳美渓,935032,38.944218706,141.047852193,日本, 〒021-0101 岩手県一関市厳美町滝ノ上２８９−３,一関市
サハラガラスパーク,3826876,38.945003694,141.048658067,日本, 〒021-0101 岩手県一関市厳美町滝ノ上２６３,一関市
一関市博物館,144439881,38.946626696,141.051707268,日本, 〒021-0101 岩手県一関市厳美町沖野々−２１５,一関市
しづか亭 奥州平泉温泉,55856142,38.991986711,141.050732137,日本, 〒029-4102 岩手県西磐井郡平泉町平泉長倉１０,
桜山神社,244711,39.701457677,141.151983201,日本, 〒020-0023 岩手県盛岡市内丸１−４１,盛岡市
ななっく (Nanak),43503323,39.699743299,141.155948639,日本, 〒020-0871 岩手県盛岡市中ノ橋通１丁目６−６,盛岡市
山里,153775252,39.701136281,141.148765683,日本, 〒020-0024 岩手県盛岡市菜園１丁目３−１０,盛岡市
八幡平市,13497045,39.926366276,141.095258296,日本, 〒028-7111 岩手県八幡平市大更第３５地割６２,八幡平市
猊鼻渓,2369631,38.987465834,141.261321902,日本, 〒029-0302 岩手県一関市東山町長坂久保６０−７,一関市
岩手県,235253923,38.989936266,141.255352641,日本, 〒029-0302 岩手県一関市東山町長坂町４３８,一関市
幽玄洞,5808078,39.004046451,141.256200277,日本, 〒029-0302 岩手県一関市東山町長坂東本町１５９,一関市
らら・いわて,4053016,39.700921661,141.148926616,日本, 〒020-0024 岩手県盛岡市菜園１丁目３−６,盛岡市
葛根田渓谷,440624198,39.817519,140.89735,日本, 岩手県岩手郡雫石町 県道194号線,
一関市,7461016,38.934777002,141.126755476,７ 竹山町 一関市 岩手県 021-8501 日本, 021-8501 日本市
滝観洞,28240570,37.989035285,139.372581469,日本, 〒959-2415 新潟県新発田市住田乙４０−１７,
宮古市魚菜市場,3329806,39.646225927,141.946020382,日本, 〒027-0072 岩手県宮古市五月町１−１,宮古市
福,6092535,39.642506693,141.947249492,日本, 〒027-0074 岩手県宮古市保久田４−３,宮古市
カントリーズcafe,106625718,39.642489046,141.94800658,日本, 〒027-0074 岩手県宮古市保久田２−２２,宮古市
盛岡八幡宮,79256,39.695793254,141.16308847,日本, 〒020-0872 岩手県盛岡市八幡町１３−１,盛岡市
岩山展望台,725970,39.700939024,141.183501321,日本, 〒020-0803 岩手県盛岡市新庄岩山１５,盛岡市
盛岡 Club Change,11417355,39.697902456,141.163244247,日本, 〒020-0871 岩手県盛岡市中ノ橋通２丁目１２−１４,盛岡市
盛岡市動物公園,285107,39.697289457,141.194349688,日本, 〒020-0803 岩手県盛岡市新庄下八木田６０,盛岡市
えさし郷土文化館,536822934,39.196001981,141.191128492,日本, 〒023-1101 岩手県奥州市江刺区岩谷堂小名丸１０２,奥州市
えさし藤原の郷,4122558,39.197367702,141.188945387,日本, 〒023-1101 岩手県奥州市江刺区岩谷堂小名丸８６,奥州市
SANTASON (サンタサン),48091754,39.190879924,141.179702282,日本, 〒023-1114 岩手県奥州市江刺区川原町２−３,奥州市
八重吉煎餅店,114179965,39.189842326,141.178473331,日本, 〒023-1113 岩手県奥州市江刺区中町３−１,奥州市
上の橋,175039,39.705422874,141.15562854,日本, 〒020-0015 岩手県盛岡市本町通１丁目２−２,盛岡市
盛岡市中央公民館,5556020,39.711380968,141.161934776,日本, 〒020-0013 岩手県盛岡市愛宕町１５−２５,盛岡市
ワインシャトー大迫,125849220,39.496161919,141.250799052,日本, 〒028-3316 岩手県紫波郡紫波町佐比内 国道396号線,
エーデルワイン,157325064,39.473801479,141.285069997,日本, 〒028-3203 岩手県花巻市大迫町大迫第１０地割１８,花巻市
森のくに,273307685,39.474347832,141.282098697,日本, 〒028-3203 岩手県花巻市大迫町大迫第１２地割４５,花巻市
ミルク工房ボン･ディア,2729992,39.47192547,141.282886233,日本, 〒028-3203 岩手県花巻市大迫町大迫 国道396号線,花巻市
岩洞湖,3864519,39.832037536,141.358938217,日本, 〒028-2711 岩手県盛岡市玉山区薮川 小本街道,盛岡市
天峰山,972395,39.80326769,141.259520291,日本, 〒020-0201 岩手県盛岡市玉山区日戸新田２４,盛岡市
弁天島,64298311,39.828776229,141.35432243,日本, 〒028-2711 岩手県盛岡市玉山区薮川 小本街道,盛岡市
姫神山,3841652,39.844020809,141.24681386,日本, 〒028-4124 岩手県盛岡市玉山区馬場前田１１７,盛岡市
一本杉,355803071,39.850611,141.235831,日本, 〒028-4124 岩手県盛岡市玉山区馬場前田１２８,盛岡市
三王岩,28730933,39.734651073,141.98056438,日本, 〒027-0000 岩手県宮古市田老青砂里１０４,宮古市
岩手サファリパーク,14354244,38.808852,141.258973,日本, 〒029-3311 岩手県一関市藤沢町黄海山谷１２１,一関市
いわて子どもの森,14464115,40.221650782,141.290034067,日本, 〒028-5312 岩手県二戸郡一戸町一戸樋ノ口８,
岩手町,28440964,39.972548781,141.212527156,〒028-4300, 日本,
国立天文台 水沢VLBI観測所,43080177,39.135069096,141.132719232,日本, 〒023-0861 岩手県奥州市水沢区星ガ丘町２−１２,奥州市
駒形神社,13494589,39.136143297,141.13798288,日本, 〒023-0857 岩手県奥州市水沢区中上野町１−８３,奥州市
カッパ淵,223425,39.354319968,141.570808854,日本, 〒028-0555 岩手県遠野市土淵町土淵７地割５０,遠野市
グラトン,43382470,39.336646,141.546366,日本, 〒028-0541 岩手県遠野市松崎町白岩 遠野バイパス,遠野市
常堅寺,5955665,39.354708125,141.571724899,日本, 〒028-0555 岩手県遠野市土淵町土淵７地割５５,遠野市
伝承園,3730808,39.357700574,141.569254166,日本, 〒028-0555 岩手県遠野市土淵町土淵６地割５,遠野市
八幡神社,111345021,39.343676,141.546383,日本, 〒028-0541 岩手県遠野市松崎町白岩２３地割１７−３,遠野市
三陸駅,7412531,39.117094364,141.809940518,日本, 〒022-0101 岩手県大船渡市三陸町越喜来肥の田２９−３,大船渡市
夏虫のお湯っこ,38772100,39.138201859,141.781241,日本, 〒022-0101 岩手県大船渡市三陸町越喜来小出５９−１,大船渡市
遊・YOU・亭 夏虫,38777003,39.138403221,141.781585996,日本, 〒022-0101 岩手県大船渡市三陸町越喜来小出５９−１,大船渡市
夏油高原スキー場,620898,39.238122165,140.905523333,日本, 岩手県北上市 県道122号線,北上市
永岡温泉夢の湯,2635979,39.173622749,141.027164507,日本, 〒029-4504 岩手県胆沢郡金ケ崎町永沢石持沢６−２８４,
入畑ダム,5587336,39.23865749,140.949987844,日本, 岩手県北上市 県道122号線,北上市
夏油高原温泉,55879535,39.238637434,140.913815002,日本, 岩手県北上市 県道122号線,北上市
岩手県立博物館,39214932,39.755441407,141.153920271,日本, 〒020-0102 岩手県盛岡市上田松屋敷３４,盛岡市
四十四田公園,7413545,39.754778736,141.153320074,日本, 〒020-0102 岩手県盛岡市上田松屋敷３４,盛岡市
一戸町,31192607,40.215273561,141.300507379,日本, 〒028-5312 岩手県二戸郡一戸町一戸 県道274号線,
天台寺,26702946,40.197611961,141.180300617,日本, 〒028-6100 岩手県二戸市浄法寺町御山中前田２３,二戸市
道の駅 種山ヶ原,3869251,39.1397751,141.5750517,日本, 〒029-2311 岩手県気仙郡住田町世田米川向１０６,
遊林ランド種山,114995157,39.181612,141.397986,日本, 〒029-2311 岩手県気仙郡住田町世田米子飼沢３０−１９３,
種山ヶ原森林公園,26976765,39.184005901,141.390548178,日本, 岩手県 国道397号線,
種山高原 星座の森,33246138,39.194857775,141.386115294,日本, 〒023-1551 岩手県奥州市江刺区米里大畑６６,奥州市
JA江刺市 江刺ふるさと市場,45755968,39.159943582,141.181819596,日本, 〒023-1131 岩手県奥州市江刺区愛宕金谷８３,奥州市
COOPアテルイ,130824792,39.148057152,141.155858924,日本, 〒023-0003 岩手県奥州市水沢区佐倉河東沖ノ目１２９,奥州市
胆沢川温泉 さくらの湯,21105076,39.164498742,141.090470552,日本, 〒023-0003 岩手県奥州市水沢区佐倉河明神堂２７,奥州市
奥州市,10321471,39.144440094,141.139227748,日本, 〒023-0053 岩手県奥州市水沢区大手町１丁目１,奥州市
株式会社JAZZRIZE DESIGN,52960283,39.14226,141.141567,日本, 〒023-0045 岩手県奥州市水沢区大町 県道226号線,奥州市
ひめかゆ,14581813,39.115910531,140.943045616,日本, 〒023-0403 岩手県奥州市胆沢区若柳天沢５２,奥州市
焼石岳,20265038,39.163803101,140.828796387,日本, 岩手県奥州市 国道397号線,奥州市
アグリパークおおさわ,190800161,40.380039,141.620217,日本, 〒028-7900 岩手県九戸郡洋野町種市第６９地割１６,九戸郡洋野町種市
ひろのまきば天文台,32512727,40.286290252,141.662896872,日本, 〒028-8802 岩手県九戸郡洋野町大野第６６地割８,
湯ったり館,4534269,39.616234831,141.793820858,日本, 〒028-2101 岩手県宮古市茂市第８地割５３,宮古市
閉伊川,211937510,39.616912539,141.795237064,日本, 〒028-2101 岩手県宮古市茂市 閉伊街道(宮古街道),宮古市
閉伊川オートキャンプ場,393031496,39.61764991,141.792908836,日本, 〒028-2101 岩手県宮古市茂市 閉伊街道(宮古街道),宮古市
TSUTAYA 宮古店,233638941,39.635831963,141.927035451,日本, 〒027-0053 岩手県宮古市長町１丁目８−３３,宮古市
めがね橋,2710686,39.346354991,141.350841536,日本, 〒028-0304 岩手県遠野市宮守町下宮守 釜石街道,遠野市
めがねばし直売所,2640324,39.3460142,141.351364785,日本, 〒028-0304 岩手県遠野市宮守町下宮守３０地割３７,遠野市
南部曲り家 千葉家,3144634,39.340786427,141.441786289,日本, 〒028-0533 岩手県遠野市綾織町上綾織１地割１４,遠野市
湯本温泉,11344851,39.339730692,140.77484025,日本, 〒029-5505 岩手県和賀郡西和賀町湯本３０地割１３２,
和賀川,96905645,39.355040942,140.765278674,日本, 〒029-5503 岩手県和賀郡西和賀町湯田１９地割２２,
御所湖広域公園ファミリーランド,2907991,39.664107191,140.964790077,日本, 〒020-0572 岩手県岩手郡雫石町西安庭第３２地割１１３,
雫石川園地,14011630,39.684203967,140.973215103,日本, 〒020-0523 岩手県岩手郡雫石町根堀４９,
岩手県立美術館,84622,39.693157814,141.12453604,日本, 〒020-0866 岩手県盛岡市本宮松幅１２,盛岡市
盛岡市アイスアリーナ,3425512,39.690917953,141.120476511,日本, 〒020-0866 岩手県盛岡市本宮５丁目４−１,盛岡市
中央公園,475783,39.693615908,141.127023697,日本, 岩手県盛岡市 県道293号線,盛岡市
盛岡市先人記念館 / Museum of Great Predecessors,3354356,39.694065832,141.126583815,日本, 〒020-0866 岩手県盛岡市本宮蛇屋敷２,盛岡市
鵜の巣断崖,10954901,39.889021157,141.957522262,日本, 〒027-0421 岩手県下閉伊郡岩泉町小本大牛内１２４,
潮吹穴,28991331,39.977517578,141.949093113,日本, 〒028-8402 岩手県下閉伊郡田野畑村北山１２９−５,
黒崎展望台,28952736,40.006919791,141.931905664,日本, 〒028-8351 岩手県下閉伊郡普代村第２地割下村８４,
北山崎,5079595,39.931373425,141.887886733,日本, 〒028-8407 岩手県下閉伊郡田野畑村 国道45号線,
黒崎,128185693,39.999762,141.932971,日本, 〒028-8351 岩手県下閉伊郡普代村第２地割 陸中海岸シーサイドライン,
普代浜海水浴場,39251347,40.014699,141.899518,日本, 〒028-8341 岩手県下閉伊郡普代村第７地割 陸中海岸シーサイドライン,
たかむろ水光園,19273222,39.353896536,141.597807432,日本, 〒028-0553 岩手県遠野市土淵町柏崎７地割１７５,遠野市
遠野市,5980374,39.327724839,141.533458829,日本, 〒028-0515 岩手県遠野市東舘町８−１２,遠野市
伊藤家,89279428,39.330003467,141.528652629,日本, 〒028-0523 岩手県遠野市中央通り 釜石街道,遠野市
遠野市立博物館,3229308,39.327733138,141.528904438,日本, 〒028-0515 岩手県遠野市東舘町３−９,遠野市
新安比温泉,149957445,40.121059,141.0895,日本, 〒028-7515 岩手県八幡平市古屋敷８０,八幡平市
熊野三社,57581890,38.992940271,141.111295308,日本, 〒029-4102 岩手県西磐井郡平泉町平泉花立４４,
平泉文化遺産センター,8993701,38.993067913,141.111377118,日本, 〒029-4102 岩手県西磐井郡平泉町平泉花立４４,
明治記念館,259746470,39.190102673,141.181008908,日本, 〒023-1117 岩手県奥州市江刺区南町４−３４,奥州市
遠野郷八幡宮,7515112,39.343032164,141.546105805,日本, 〒028-0541 岩手県遠野市松崎町白岩２３地割１７−３,遠野市
ドラコン,236783717,39.338428497,141.539276123,日本, 〒028-0541 岩手県遠野市松崎町白岩１５地割９−１,遠野市
薬師堂温泉,40857535,39.172459111,141.13943095,日本, 〒023-0003 岩手県奥州市水沢区佐倉河薬師堂２７,奥州市
宮古市魚市場,3479479,39.64033149,141.969238846,日本, 〒027-0004 岩手県宮古市臨港通２−１,宮古市
浄土ヶ浜,220813,39.652191826,141.978568129,日本, 〒027-0001 岩手県宮古市日立浜町３２,宮古市
みやこ浄土ヶ浜周遊船,122809360,39.648107,141.980509,日本, 〒027-0001 岩手県宮古市日立浜町 県道248号線,宮古市
二戸市シビックセンター,126454076,40.26856161,141.294595756,日本, 〒028-6103 岩手県二戸市石切所荷渡６,二戸市
ふれあい公園,147176794,39.143990255,141.577437847,日本, 〒029-2311 岩手県気仙郡住田町世田米川向１１１−２０,
天照御祖神社,191846201,39.139483,141.57734,日本, 〒029-2311 岩手県気仙郡住田町世田米世田米駅６９,
天神山公園,82308305,39.086484156,141.706427529,日本, 〒022-0003 岩手県大船渡市盛町町１−３,大船渡市
川の駅よこた,4453738,39.075698079,141.579699438,日本, 〒029-2202 岩手県陸前高田市横田町砂子田１６９,陸前高田市
唐梅館公園,38401252,38.999548317,141.250835687,日本, 〒029-0302 岩手県一関市東山町長坂西本町２１２,一関市
東北砕石工場,79647896,38.979391,141.238304,日本, 〒029-0303 岩手県一関市東山町松川滝ノ沢１５２,一関市
柳之御所資料館,205888424,38.992241605,141.120730291,日本, 〒029-4102 岩手県西磐井郡平泉町平泉伽羅楽１０８,
NEWDAYS 平泉,438864263,38.98805167,141.117517948,日本, 〒029-4102 岩手県西磐井郡平泉町平泉泉屋７６ ＪＲ東日本平泉駅,
とうほくニュージーランド村,14457892,39.035142932,141.087143972,日本, 〒029-4421 岩手県奥州市衣川区日向５９,奥州市
牛の博物館,4499654,39.026811524,141.123371289,日本, 〒023-0000 岩手県奥州市前沢区南陣場１０３,奥州市
前沢温泉 舞鶴の湯,6149142,39.030215135,141.108325018,日本, 〒023-0000 岩手県奥州市前沢区徳沢１−４５,奥州市
シープラザ釜石,4259679,39.273506058,141.871652537,日本, 〒026-0031 岩手県釜石市鈴子町２２−１,釜石市
釜石駅 (Kamaishi Sta.),1314143,39.272937015,141.872822642,日本, 釜石駅（岩手）,
釜石,368823993,39.274414955,141.881611722,日本, 〒026-0024 岩手県釜石市大町２丁目３−６,釜石市
駅前橋上市場 サン･フィッシュ釜石,1541257,39.273029,141.871656,日本, 〒026-0031 岩手県釜石市鈴子町１−１３,釜石市
とんぼ,98964516,39.274538,141.868596,日本, 〒026-0031 岩手県釜石市鈴子町１５−７,釜石市
黒滝温泉,139274749,39.008605009,140.980301499,日本, 〒029-4491 岩手県奥州市衣川区上立沢１１２,奥州市
真湯野営場,96652078,39.004294723,140.849983692,日本, 〒021-0101 岩手県一関市厳美町 国道342号線,一関市
駒の湯温泉,340102728,38.91379318,140.877320766,日本, 宮城県栗原市 県道42号線,
栗駒山,28949440,38.958306047,140.788455936,日本, 国道342号線,
上の橋,16739743,38.928747084,141.129137278,日本, 岩手県一関市 奥州街道(陸羽街道),一関市
箱崎,83434639,38.933078386,141.129276337,日本, 〒021-0021 岩手県一関市中央町１丁目２−１０,一関市
御台場展望台,35872354,39.648960174,141.981397198,日本, 〒027-0001 岩手県宮古市日立浜町３２−４,宮古市
蛸の浜,89947743,39.65226112,141.96999409,日本, 岩手県宮古市 県道248号線,宮古市
熊野神社,56212672,39.650682679,141.968338272,日本, 〒027-0008 岩手県宮古市熊野町３−１,宮古市
もりおか啄木 賢治青春館,439987,39.699787937,141.154093101,日本, 〒020-0871 岩手県盛岡市中ノ橋通１丁目１−２５,盛岡市
プラザおでって,3051534,39.700137914,141.154663033,日本, 〒020-0871 岩手県盛岡市中ノ橋通１丁目１−１０,盛岡市
高松の池,397599,39.723613046,141.1435839,日本, 〒020-0114 岩手県盛岡市高松１丁目２３−６,盛岡市
高松公園,6070899,39.721422,141.145397,日本, 〒020-0114 岩手県盛岡市高松１丁目３−４１,盛岡市
一の○,81399727,39.707189,141.149046,日本, 〒020-0015 岩手県盛岡市本町通２丁目１１−２１,盛岡市
グリーンピア三陸みやこ,9828578,39.792164137,141.971793603,日本, 〒027-0000 岩手県宮古市田老向新田１４８,宮古市
熊の鼻展望台,26768002,39.840234284,141.980907619,日本, 〒027-0421 岩手県下閉伊郡岩泉町小本 国道45号線,
花巻新渡戸記念館,39410901,39.38921163,141.161168122,日本, 〒025-0014 岩手県花巻市高松第４地割７,花巻市
イギリス海岸,274228,39.396862538,141.126310883,日本, 〒025-0062 岩手県花巻市上小舟渡４３２,花巻市
割烹旅館 廣美亭,4295494,39.452054118,141.072426021,日本, 〒025-0304 岩手県花巻市湯本第１地割８７,花巻市
水沢公園,2107585,39.135163445,141.139082833,日本, 〒023-0857 岩手県奥州市水沢区中上野町１−８５,奥州市
盛岡市こども科学館,85043,39.694107865,141.129845524,日本, 〒020-0866 岩手県盛岡市本宮蛇屋敷１３,盛岡市
遠野ふるさと村,14579694,39.470945654,141.513033314,日本, 〒028-0661 岩手県遠野市附馬牛町上附馬牛１９地割９５,遠野市
駒形神社,36737191,39.419334412,141.5493927,日本, 〒028-0661 岩手県遠野市附馬牛町上附馬牛１４地割７９,遠野市
小袖海女センター,28224226,40.131427462,141.807283234,日本, 〒028-8111 岩手県久慈市宇部町第１６地割２,久慈市
野田村,7522973,40.110244516,141.817660332,日本, 〒028-8201 岩手県九戸郡野田村野田第２０地割１４,
同心屋敷,2404920,39.375295775,141.123054028,日本, 〒025-0084 岩手県花巻市桜町４丁目８３,花巻市
桜 地人館,28467117,39.375561,141.126198,日本, 〒025-0084 岩手県花巻市桜町４丁目１４,花巻市
呑,94451409,39.383600069,141.117106125,日本, 〒025-0093 岩手県花巻市南川原町１７８,花巻市
宮沢賢治詩碑,274611,39.374814752,141.12680912,日本, 〒025-0084 岩手県花巻市桜町４丁目１０３,花巻市
世界の椿館・碁石,5546467,38.990717177,141.741305031,日本, 〒022-0001 岩手県大船渡市末崎町大浜２８０,大船渡市
モビリア 陸前高田オートキャンプ場,7415116,38.986734052,141.677584648,日本, 〒029-2207 岩手県陸前高田市小友町獺沢１５５,陸前高田市
碁石海岸,5100866,39.011074971,141.704459881,日本, 〒022-0001 岩手県大船渡市末崎町上山１７６−８,大船渡市
ふるさとセンター,72972503,39.004284,141.709793,日本, 〒022-0001 岩手県大船渡市末崎町平林８１,大船渡市
大船渡市立博物館,62985758,38.98939838,141.74192067,日本, 〒022-0001 岩手県大船渡市末崎町大浜２２１−１１７,大船渡市
気仙大工左官伝承館,11792602,39.010733661,141.692530737,日本, 〒029-2207 岩手県陸前高田市小友町茗荷１−２３７,陸前高田市
華蔵寺,15553247,38.990379449,141.70646523,日本, 〒029-2207 岩手県陸前高田市小友町門前２１,陸前高田市
大船渡の三面椿,98873618,38.993050587,141.727933573,日本, 〒022-0001 岩手県大船渡市末崎町中森１１,大船渡市
碁石海岸キャンプ場,95063657,38.992161,141.741304,日本, 〒022-0001 岩手県大船渡市末崎町大浜３１９,大船渡市
岩鋳鉄器館,28220633,39.67122585,141.154473048,日本, 〒020-0863 岩手県盛岡市南仙北２丁目２３−１０,盛岡市
深沢紅子野の花美術館,21508943,39.703199907,141.155975461,日本, 〒020-0885 岩手県盛岡市紺屋町４−８,盛岡市
菊の司酒造,16880484,39.703678659,141.156603098,日本, 〒020-0885 岩手県盛岡市紺屋町４−２０,盛岡市
五百羅漢,128114871,39.712063985,141.156044113,日本, 〒020-0016 岩手県盛岡市名須川町３１−５,盛岡市
報恩寺,2349580,39.711934335,141.156093197,日本, 〒020-0016 岩手県盛岡市名須川町３１−５,盛岡市
寺町通り / Teramati Street,17415223,39.70913455,141.153438091,日本, 〒020-0016 岩手県盛岡市名須川町１０−３０,盛岡市
龍谷寺,2484270,39.710640828,141.154634356,日本, 〒020-0016 岩手県盛岡市名須川町７−２,盛岡市
光台寺,14542850,39.710626385,141.153629869,日本, 〒020-0016 岩手県盛岡市名須川町８−４,盛岡市
北上駅 (Kitakami Sta.),26136,39.281961002,141.12206161,日本, 北上駅（岩手）,
展勝地レストハウス,8622012,39.272483034,141.1269609,日本, 〒024-0043 岩手県北上市立花１４地割２１,北上市
サトウハチロー記念館,135623496,39.2729663,141.12818954,日本, 〒024-0043 岩手県北上市立花 県道14号線,北上市
大堤公園,51428814,39.260203872,141.092627048,日本, 〒024-0051 岩手県北上市相去町高前檀２７,北上市
花巻市,7519985,39.389932113,141.114356202,日本, 〒025-0092 岩手県花巻市大通り１丁目１９−１７,花巻市
花巻城址,10334028,39.391646166,141.118959234,日本, 〒025-0075 岩手県花巻市花城町５−１３,花巻市
鳥谷崎神社,56228162,39.389246057,141.122192753,日本, 〒025-0076 岩手県花巻市城内４−１,花巻市
九戸村,28644752,40.211375602,141.418987513,日本, 〒028-6502 岩手県九戸郡九戸村伊保内第１０地割１１,
オドデ館,15831173,40.248602566,141.4163269,日本, 〒028-6506 岩手県九戸郡九戸村山屋第２地割２８,
ミレットパーク,3884416,40.285205836,141.382477283,日本, 〒028-6222 岩手県九戸郡軽米町山内第３３地割５３,
御所野縄文公園,96486562,40.515937284,141.528766556,日本, 〒031-0812 青森県八戸市湊町鮫ノ口１１−７,
折爪岳展望台,3883488,40.264428,141.37652,日本, 〒028-6505 岩手県九戸郡九戸村江刺家第９地割８１,
折爪岳,45740098,40.266337916,141.373669984,日本, 〒028-6101 岩手県二戸市福岡織詰２６,二戸市
珊瑚橋,27200415,39.283523178,141.131431656,日本, 〒024-0043 岩手県北上市立花１０地割１７３,北上市
ランブル,228286957,39.284766,141.129886,日本, 〒024-0032 岩手県北上市川岸３丁目２４−２１,北上市
立花毘沙門堂,11333568,39.278640216,141.137089944,日本, 〒024-0043 岩手県北上市立花１６地割１０５,北上市
釜石市,6115462,39.275790455,141.885657012,日本, 〒026-0021 岩手県釜石市只越町３丁目９−１３,釜石市
青龍,43652444,39.274830016,141.881184643,日本, 〒026-0024 岩手県釜石市大町３丁目４−１０,釜石市
南昌荘,4564572,39.695530689,141.148546345,日本, 〒020-0875 岩手県盛岡市清水町１３−４６,盛岡市
旧石井県令邸,114188058,39.695568293,141.149533717,日本, 〒020-0875 岩手県盛岡市清水町１２−１,盛岡市
北上川,7055112,39.693004996,141.148728132,日本, 〒020-0874 岩手県盛岡市南大通３丁目４−４９,盛岡市
松尾八幡平ビジターセンター,3178416,39.920596934,140.97536626,日本, 〒028-7303 岩手県八幡平市柏台１丁目２−２８,八幡平市
北上市,11063399,39.287122086,141.111083329,２ 芳町 北上市 岩手県 024-8520 日本, 024-8520 日本市
風風,359973568,39.923919678,141.900985718,日本, 〒028-8407 岩手県下閉伊郡田野畑村和野２６０−１３,
道の駅 高田松原,3306001,39.008263016,141.629436516,日本, 〒029-2205 岩手県陸前高田市高田町古川２８−５,陸前高田市
山人-yamado-,85516304,39.284066237,140.771821967,日本, 〒029-5514 岩手県和賀郡西和賀町湯川５２地割７１−１０,
西和賀町,6343100,39.317910447,140.778789818,日本, 〒029-5500 岩手県和賀郡西和賀町川尻４０地割４０−７１,
四季彩の宿 ふる里,35950867,39.288043817,140.769431591,日本, 〒029-5514 岩手県和賀郡西和賀町湯川５２地割５２,
ラ・フランス温泉館,353665,39.57383697,141.083043455,日本, 〒028-3444 岩手県紫波郡紫波町小屋敷新在家９０,
矢巾町,14855270,39.606039484,141.142990887,第１３地割 南矢幅 矢巾町 紫波郡 岩手県 028-3692 日本,
マース矢巾 パストラルバーデン,15245220,39.617033603,141.093216678,日本, 〒028-3623 岩手県紫波郡矢巾町煙山第３地割５６３,
不動温泉百万石,220476699,39.598645162,141.090545654,日本, 〒028-3627 岩手県紫波郡矢巾町和味第２地割１０６−５,
志和稲荷神社,7302953,39.558985897,141.077799797,日本, 〒028-3442 岩手県紫波郡紫波町升沢前平１７,
二戸市,21981352,40.271209174,141.304843426,日本, 〒028-6101 岩手県二戸市福岡川又４７,二戸市
御所湖広域公園,5208171,39.673238265,141.003341675,日本, 〒020-0571 岩手県岩手郡雫石町繋第４地割４２,
材木町よ市,286682,39.706224954,141.138170193,日本, 〒020-0063 岩手県盛岡市材木町３−１１,盛岡市
羽山神社,5688837,39.454782,141.062633,日本, 岩手県花巻市 県道123号線,花巻市
ENEOS 都南インターSS,195547189,39.656703847,141.152858734,日本, 〒020-0835 岩手県盛岡市津志田１２地割９１−７,盛岡市
SAVE TAKATA Office,11608743,39.030979679,141.633738577,日本, 〒029-2205 岩手県陸前高田市高田町大隅７６,陸前高田市
黒崎仙峡温泉,7451333,38.952272356,141.723271191,日本, 〒029-2208 岩手県陸前高田市広田町黒崎９,陸前高田市
実相寺,158818251,40.221229,141.299585,日本, 〒028-5312 岩手県二戸郡一戸町一戸蒔前８１,
九戸城跡,4352397,40.267167655,141.303095264,日本, 〒028-6101 岩手県二戸市福岡城ノ内１３５,二戸市
軽米町,15612328,40.326736753,141.460615396,日本, 〒028-6302 岩手県九戸郡軽米町軽米第１０地割８５,
ミル・みるハウス,31435723,40.322459796,141.381731607,日本, 〒028-6221 岩手県九戸郡軽米町晴山第２２地割３８１,
雪谷川ダム フォリストパーク・軽米,26884854,40.288548236,141.515389283,日本, 〒028-6411 岩手県九戸郡軽米町小軽米第２０地割３,
巽山公園,32275027,40.189299925,141.76723327,日本, 〒028-0056 岩手県久慈市中町１丁目２１,久慈市
愛宕神社,92631938,40.111736088,141.817660566,日本, 〒028-8201 岩手県九戸郡野田村野田第２６地割１０−２,
久慈,556404396,40.190079218,141.76617288,日本, 〒028-0062 岩手県久慈市二十八日町２丁目２６,久慈市
新山根温泉 べっぴんの湯,14770565,40.082685307,141.705505931,日本, 〒028-8521 岩手県久慈市山根町下戸鎖第４地割５,久慈市
金田一温泉センター ゆうゆうゆ～らく,30288492,40.320416861,141.319091692,日本, 〒028-5711 岩手県二戸市金田一湯田４３,二戸市
ニュー軽米カントリークラブ,397144529,40.288038,141.488957,日本, 〒028-6413 岩手県九戸郡軽米町円子第２地割４−１,
宮古市北上山地民俗資料館,31192856,39.600141449,141.679859161,日本, 〒028-2302 岩手県宮古市川井第２地割１８７,宮古市
ふだいのアンテナショップ,132067079,40.002736258,141.885761566,日本, 〒028-8332 岩手県下閉伊郡普代村第９地割銅屋５,
安家洞,128148148,39.984781652,141.757843363,日本, 〒027-0611 岩手県下閉伊郡岩泉町安家年々−２８４,
山田湾,7991342,39.464824318,141.96395874,日本, 〒028-1342 岩手県下閉伊郡山田町川向町１−１０,
吉里吉里,168603047,39.436954704,141.973190452,日本, 〒028-1371 岩手県下閉伊郡山田町船越第６地割１４１,
浦の浜海水浴場,129064904,39.438577,141.975326,日本, 〒028-1371 岩手県下閉伊郡山田町船越第６地割６８−６,
船越家族旅行村オートキャンプ場,127368578,39.438116694,141.985106508,日本, 〒028-1371 岩手県下閉伊郡山田町船越第９地割２６６,
三嶋の湯 健康センター わくわくランド,56973300,38.915909388,141.3190269,日本, 〒029-0803 岩手県一関市千厩町千厩駒ノ沢２３４,一関市
千厩酒のくら交流施設,66641079,38.91971481,141.33293116,日本, 〒029-0803 岩手県一関市千厩町千厩北方１３４,一関市
平泉 KOZENJI,12576502,38.98171202,141.115973931,日本, 〒029-4102 岩手県西磐井郡平泉町平泉樋渡５０,
石田温泉,68160377,39.144822357,141.116365238,日本, 〒023-0000 岩手県奥州市水沢区寺領 国道397号線,奥州市
峠山パークランド オアシス館,81073344,39.298129363,140.845143104,日本, 〒029-5513 岩手県和賀郡西和賀町本内４６地割１２５,
フレンドール,633941,39.308734,140.576119,日本, 〒013-0033 秋田県横手市旭川１丁目５−３９,
福龍,4530568,39.307931,140.575812,日本, 〒013-0033 秋田県横手市旭川１丁目４−１７,
湯川温泉,165008871,39.278613368,140.772232525,日本, 〒029-5514 岩手県和賀郡西和賀町湯川 県道215号線,
成島三熊野神社,90373279,39.365434146,141.197651625,日本, 〒028-0116 岩手県花巻市東和町北成島５区５６,花巻市
徳丹城跡,23195568,39.607440555,141.172041893,日本, 〒028-3603 岩手県紫波郡矢巾町西徳田第３地割 奥州街道(陸羽街道),
幣懸の滝,252035,39.617847825,141.081208365,日本, 〒028-3623 岩手県紫波郡矢巾町煙山第２地割９６,
つどいの森,15820222,39.639301513,141.082250756,日本, 〒020-0842 岩手県盛岡市湯沢１地割１−８８,盛岡市
紫波フルーツパーク,5686102,39.553660794,141.204313962,日本, 〒028-3535 岩手県紫波郡紫波町遠山松原１,
城山公園,1662137,39.564945816,141.172787638,日本, 〒028-3304 岩手県紫波郡紫波町二日町古舘２１,
石川啄木記念館,35929622,39.846154529,141.171014758,日本, 〒028-4132 岩手県盛岡市玉山区渋民渋民９,盛岡市
宝徳寺,129625540,39.845315374,141.172066033,日本, 〒028-4132 岩手県盛岡市玉山区渋民渋民２,盛岡市
渋民駅 (Shibutami Sta.),779054,39.834868071,141.154502258,日本, 渋民駅（岩手）,
渋民公園,20548267,39.84770222,141.166440075,日本, 〒028-4132 岩手県盛岡市玉山区渋民鶴塚１１７,盛岡市
G研,24852971,39.80255226,141.135968864,日本, 〒020-0611 岩手県滝沢市巣子１５２−５２,滝沢市
産直チャグチャグ,127745398,39.754213309,141.101627033,日本, 〒020-0632 岩手県滝沢市牧野林９９３−２,滝沢市
国立岩手山青少年交流の家,5953928,39.826088759,141.088045835,日本, 〒020-0601 岩手県滝沢市後２９２,滝沢市
相の沢キャンプ場,28629492,39.807219487,141.013143013,日本, 〒020-0685 岩手県滝沢市鵜飼安達１１４−７,滝沢市
小岩井農場 牧場館,13310589,39.751462771,141.019315583,日本, 岩手県岩手郡雫石町 県道219号線,
フォックスバーデン スパ・ドーム,73246085,39.735847,141.090717,日本, 〒020-0664 岩手県滝沢市鵜飼笹森４１,滝沢市
焼走り国際交流村,2784857,39.876776913,141.0420084,日本, 〒028-7113 岩手県八幡平市平笠 県道233号線,八幡平市
石神の丘美術館,3608087,39.968754545,141.213522778,日本, 〒028-4307 岩手県岩手郡岩手町五日市第１０地割１２１−２０,岩手郡岩手町五日市
平庭高原,17812125,40.095423436,141.51610465,日本, 〒028-8605 岩手県久慈市山形町来内 国道281号線,久慈市
平庭高原スキー場,81334244,40.082799855,141.503047943,日本, 〒028-8605 岩手県久慈市山形町来内第２１地割１５１,久慈市
道の駅くずまき高原,3081848,39.984372858,141.340017608,日本, 〒028-5402 岩手県岩手郡葛巻町葛巻第３９地割１５９−３,
葛巻町,14190915,40.039895415,141.436459422,〒028-5400, 日本,
どんぐりコロコロ,4990825,39.749111986,141.016623974,日本, 〒020-0507 岩手県岩手郡雫石町丸谷地６８,
小岩井農場 山麓館,3389894,39.751059545,141.016480544,日本, 〒020-0507 岩手県岩手郡雫石町丸谷地６８−８７,
小岩井乳業 小岩井工場,29303835,39.757261402,141.014553308,日本, 〒020-0507 岩手県岩手郡雫石町丸谷地 広域農道,
メイプルカントリークラブ,141076316,39.748938759,141.043596268,Unnamed Road, 大沢外山野 滝沢市 岩手県 020-0709 日本, 020-0709 日本市
小柳沢砂防オートキャンプ場,28253147,39.708660126,140.873947144,日本, 〒020-0582 岩手県岩手郡雫石町橋場 秋田街道,
雫石神社,13733828,39.742559,140.933254,日本, 〒020-0584 岩手県岩手郡雫石町西根北妻５２,
ケッパレランド,24163914,39.624624274,140.944755586,日本, 〒020-0573 岩手県岩手郡雫石町南畑第２１地割２６,
岩手山神社,8360819,39.787404748,140.984089996,日本, 〒020-0585 岩手県岩手郡雫石町長山極楽野１９２,
金田一温泉,87999276,40.322172547,141.312675476,日本, 〒028-5711 岩手県二戸市金田一大釜２５,二戸市
橋野高炉跡,179099762,39.343518,141.682494,日本, 〒026-0411 岩手県釜石市橋野町第２地割６,釜石市
大勝院,74305511,39.440945,141.809405,日本, 〒028-1133 岩手県上閉伊郡大槌町金澤第２８地割５４,
箱根山展望台,73163157,39.013564874,141.694820522,Unnamed Road, 茗荷 小友町 陸前高田市 岩手県 029-2207 日本, 029-2207 日本市
ホロタイの郷 炭の家,50031413,39.074818204,141.508189919,日本, 〒029-2201 岩手県陸前高田市矢作町清水川８,陸前高田市
高田松原,2303187,39.003073494,141.625347129,日本, 〒029-2204 岩手県陸前高田市気仙町砂盛１７６,陸前高田市
気仙川,56168094,39.008385007,141.621210792,日本, 〒029-2204 岩手県陸前高田市気仙町木場８,陸前高田市
鍋倉城址,14358481,39.326077367,141.527305003,日本, 〒028-0515 岩手県遠野市東舘町３−６,遠野市
南部神社,387579,39.3273519,141.52844578,日本, 〒028-0515 岩手県遠野市東舘町３−９,遠野市
久慈渓流,15385267,40.176945409,141.642227098,日本, 岩手県久慈市 国道281号線,久慈市
もぐらんぴあ まちなか水族館,22911238,40.190342686,141.769624145,日本, 岩手県久慈市 県道124号線,久慈市
久慈琥珀博物館,66326282,40.169772403,141.724585385,日本, 〒028-0071 岩手県久慈市小久慈町第１９地割９,久慈市
久慈市,26763659,40.19262463,141.767452137,日本, 〒028-0066 岩手県久慈市中の橋１丁目３５,久慈市
岩場海水プール,97304577,40.270456055,141.815879345,日本, 〒028-7801 岩手県久慈市侍浜町向町第７地割１３３,久慈市
もぐらんぴあ,44542060,40.200398,141.795862,日本, 〒028-0011 岩手県久慈市湊町第２０地割４９,久慈市
みちのく民俗村,12916382,39.269623089,141.127461886,日本, 岩手県北上市 県道14号線,北上市
男山展望台,107200137,39.262879078,141.125086957,日本, 〒024-0041 岩手県北上市稲瀬町岩脇 県道14号線,北上市
ひまわり温泉 ぎんがの湯,128855690,39.473711219,141.096666455,日本, 〒028-3182 岩手県花巻市石鳥谷町松林寺第３地割８１−１０,花巻市
ブラン,189435360,39.387968,141.116552,日本, 〒025-0075 岩手県花巻市花城町１１−４２,花巻市
コッコロ,40553729,39.389011,141.113376,日本, 〒025-0092 岩手県花巻市大通り２丁目 県道116号線,花巻市
清水寺,88268336,39.370509,141.031417,日本, 〒025-0037 岩手県花巻市太田第２１地割５−７,花巻市
胆沢城跡,201428332,39.179678279,141.135649681,日本, 〒023-0003 岩手県奥州市水沢区佐倉河渋田８,奥州市
みどりの郷,974220,39.17194638,141.121284399,日本, 〒023-0003 岩手県奥州市水沢区佐倉河冨田 東北自動車道,奥州市
山ちゃん,95173365,39.070859,141.715534,日本, 〒022-0002 岩手県大船渡市大船渡町新田３６−２,大船渡市
大船渡,355610825,39.06108467,141.716483269,日本, 〒022-0002 岩手県大船渡市大船渡町野々田２７−３,大船渡市
碁石海岸レストハウス,6229874,38.99069849,141.742477612,日本, 〒022-0001 岩手県大船渡市末崎町大浜２２１−６８,大船渡市
民宿 海楽荘,37322214,38.98851063,141.739743269,日本, 〒022-0001 岩手県大船渡市末崎町大浜３９,大船渡市
おさかなセンター三陸,6142120,39.042125,141.722047,日本, 〒022-0002 岩手県大船渡市大船渡町砂子前１,大船渡市
黒崎展望台,81361404,38.951709747,141.727340698,日本, 〒029-2208 岩手県陸前高田市広田町黒崎１６９,陸前高田市
フレアイランド尾崎岬,41202657,39.023412917,141.739042909,日本, 〒022-0007 岩手県大船渡市赤崎町鳥沢１８８,大船渡市
中村,46777321,39.060483984,141.719090038,日本, 〒022-0002 岩手県大船渡市大船渡町野々田２３−１２,大船渡市
光原社,71708,39.705961077,141.13798855,日本, 〒020-0063 岩手県盛岡市材木町２−２０,盛岡市
モーリオ,103537228,39.706046066,141.138289919,日本, 〒020-0063 岩手県盛岡市材木町２−１８,盛岡市
ミタイミタ,159710252,39.70620262,141.137408494,日本, 〒020-0063 岩手県盛岡市材木町７−４１,盛岡市
永祥院,102175470,39.706794595,141.138755679,日本, 〒020-0063 岩手県盛岡市材木町４−１０,盛岡市
原敬記念館 / Hara Kei Memorial Museum,162312817,39.687407473,141.128890514,日本, 〒020-0866 岩手県盛岡市本宮４丁目３８−２５,盛岡市
岩手県営スケート場,44345071,39.740271918,141.112294712,日本, 〒020-0122 岩手県盛岡市みたけ５丁目９−１,盛岡市
太田スポーツセンター,87273246,39.689653142,141.053756475,日本, 〒020-0053 岩手県盛岡市上太田穴口４−３,盛岡市
啄木新婚の家,166402,39.706155089,141.141589302,日本, 〒020-0021 岩手県盛岡市中央通３丁目１２−８,盛岡市
円光寺,1544409,39.691882226,141.154575348,日本, 〒020-0874 岩手県盛岡市南大通３丁目１２−２５,盛岡市
志波城跡,3106092,39.68303977,141.105362177,日本, 〒020-0855 岩手県盛岡市上鹿妻五兵エ新田４８,盛岡市
志波城古代公園,39400392,39.683039369,141.105393648,日本, 〒020-0855 岩手県盛岡市上鹿妻五兵エ新田４８,盛岡市
ENEOS 上堂SS,224551267,39.735062704,141.124384403,日本, 〒020-0125 岩手県盛岡市上堂４丁目 奥州街道(陸羽街道),盛岡市
一ノ倉邸 / Ichinokura Mansion,16966336,39.72070935,141.124266386,日本, 〒020-0126 岩手県盛岡市安倍館町１９−６４,盛岡市
愛宕山記念公園,970441,39.713527961,141.161775945,日本, 〒020-0014 岩手県盛岡市愛宕下１４,盛岡市
愛宕山,5685459,39.713481947,141.161705051,日本, 〒020-0014 岩手県盛岡市愛宕下１４,盛岡市
東顕寺,37359117,39.708352945,141.154053161,日本, 〒020-0016 岩手県盛岡市名須川町２−１,盛岡市
三ツ石神社 / Mituishi Shrine,832722,39.709016935,141.154376864,日本, 〒020-0016 岩手県盛岡市名須川町２−１２,盛岡市
大泉寺 / Daisenji Temple,259401076,39.708065692,141.153185964,日本, 〒020-0015 岩手県盛岡市本町通１丁目１４−１,盛岡市
大慈寺,6273221,39.693384923,141.157006958,日本, 〒020-0828 岩手県盛岡市大慈寺町４−７,盛岡市
永泉寺,39425351,39.693292909,141.159335598,日本, 〒020-0828 岩手県盛岡市大慈寺町８−２２,盛岡市
久昌寺,3452906,39.695600547,141.156777332,日本, 〒020-0874 岩手県盛岡市南大通１丁目１６−１６,盛岡市
岩手大学,3388958,39.714555732,141.138533716,日本, 〒020-0102 岩手県盛岡市上田３丁目１８−８,盛岡市
岩手大学ミュージアム,2785451,39.712726866,141.14051789,日本, 〒020-0102 岩手県盛岡市上田１丁目１９−１６,盛岡市
盛岡中央卸売市場,25268153,39.651797269,141.12985611,日本, 〒020-0841 岩手県盛岡市羽場１０地割１００,盛岡市
Express 盛岡南インターSS,175065419,39.657637213,141.136609912,日本, 〒020-0834 岩手県盛岡市永井１２地割１２８,盛岡市
カントリー,30234403,39.701794585,141.152373254,日本, 〒020-0023 岩手県盛岡市内丸４−１,盛岡市
盛岡石割桜,473925,39.704297317,141.151083136,日本, 〒020-0023 岩手県盛岡市内丸９−１,盛岡市
杜のCafe FarmNio,223045992,39.701722357,141.132774353,日本, 〒020-0045 岩手県盛岡市盛岡駅西通１丁目７−１,盛岡市
外山森林公園,15375278,39.757396157,141.198848609,日本, 〒020-0001 岩手県盛岡市上米内 小本街道,盛岡市
1231店,22133565,39.142066852,141.125822969,日本, 〒023-0000 岩手県奥州市水沢区釜田３３,奥州市
綿帽子温泉館あすみの湯,53750968,40.025362979,140.980200182,日本, 〒028-7557 岩手県八幡平市細野４３６,八幡平市
鳥海,191389282,39.997223624,140.973881139,日本, 〒028-7306 岩手県八幡平市安比高原６０５−２０６,八幡平市
滴生舎,75458488,40.196937527,141.18018508,日本, 〒028-6100 岩手県二戸市浄法寺町御山中前田２３,二戸市
十府ヶ浦,43808253,40.096728916,141.825888447,日本, 〒028-8201 岩手県九戸郡野田村野田 国道45号線,
たねいち産直ふれあい広場,7524034,40.419669769,141.699416598,日本, 〒028-7900 岩手県九戸郡洋野町種市 国道45号線,九戸郡洋野町種市
陸中海岸青少年の家,147228635,39.402681949,141.948543248,日本, 〒028-1371 岩手県下閉伊郡山田町船越第２地割４２,
城山公園,23710057,39.359455493,141.902404995,日本, 〒028-1121 岩手県上閉伊郡大槌町小鎚第３２地割１２６,
四十八坂,60475213,39.407836676,141.960120326,日本, 〒028-1371 岩手県下閉伊郡山田町船越第１地割７３,
龍昌寺,4974157,39.469328428,141.951195228,日本, 〒028-1333 岩手県下閉伊郡山田町後楽町４−５,
ふるさとセンター,3172774,39.48454,141.974409,日本, 〒028-1311 岩手県下閉伊郡山田町大沢第８地割１７−７,
潮吹穴,83767557,39.676922397,141.981798951,日本, 〒027-0096 岩手県宮古市崎鍬ヶ崎第１６地割６７−７,宮古市
大念寺,149469286,39.358553,141.898883,日本, 〒028-1115 岩手県上閉伊郡大槌町上町１−８,
小鎚神社,78803361,39.357978,141.897256,日本, 〒028-1115 岩手県上閉伊郡大槌町上町２−１６,
江岸寺,89945016,39.359947727,141.903465935,日本, 〒028-1117 岩手県上閉伊郡大槌町末広町１０−１１,
ROUTE 45,13099960,39.355487823,141.893112183,日本, 〒028-1121 岩手県上閉伊郡大槌町小鎚第２７地割７,
吉祥寺,49269427,39.373402816,141.93679357,日本, 〒028-1101 岩手県上閉伊郡大槌町吉里吉里４丁目４−７,
越喜来浪板海水浴場,41019062,39.103753826,141.861076701,日本, 〒022-0101 岩手県大船渡市三陸町越喜来東崎浜８０,大船渡市
望洋平キャンプ場,96909402,38.974635906,141.452019563,日本, 〒029-1201 岩手県一関市室根町折壁室根山１−１７７,一関市
室根神社,49501743,38.971561335,141.448129001,日本, 〒029-1201 岩手県一関市室根町折壁室根山２,一関市
きらら室根山天文台,41073515,38.972586434,141.445048814,日本, 〒029-1201 岩手県一関市室根町折壁室根山１−１４６,一関市
産直山ちゃん,229529794,39.015333,141.419894,日本, 〒029-0711 岩手県一関市大東町大原金山沢２２,一関市
まちの駅 新町JaJa馬プラザ,9933254,38.917854376,141.333038807,日本, 〒029-0803 岩手県一関市千厩町千厩町２１２,一関市
大光寺,127833447,38.92214071,141.335678101,日本, 〒029-0803 岩手県一関市千厩町千厩宮敷８９,一関市
千厩アイスアリーナ,179044776,38.924921328,141.360490093,日本, 〒029-0803 岩手県一関市千厩町千厩上駒場３６０−１４,一関市
ニコニコパーク,92573855,38.857166,141.361230041,日本, 〒029-3404 岩手県一関市藤沢町徳田大望沢３７−１０,一関市
大籠キリシタン,236051931,38.795311,141.404853,日本, 〒029-3522 岩手県一関市藤沢町大籠右名沢２８,一関市
Aimaki 和sian cafe,19020667,38.785304143,141.415670217,日本, 〒029-3522 岩手県一関市藤沢町大籠切通９,一関市
道の駅みずさわ,37526588,39.094328113,141.181468657,日本, 〒023-0831 岩手県奥州市水沢区姉体町石川原５１,奥州市
正法寺,41335049,39.067234305,141.224021292,日本, 〒023-0101 岩手県奥州市水沢区黒石町正法寺５７,奥州市
大師山森林公園,153326871,39.090134,141.206404,日本, 〒023-0101 岩手県奥州市水沢区黒石町長根１１２,奥州市
みちのく古都カントリークラブ,152218971,39.009863864,141.013383865,日本, 〒029-4475 岩手県奥州市衣川区中山８７,奥州市
産直来夢くん,40279475,39.114399911,141.15066427,日本, 〒023-0841 岩手県奥州市水沢区真城杉ノ下５１,奥州市
お物見公園,116888393,39.05038784,141.11893841,日本, 〒023-0000 岩手県奥州市前沢区下小路３１,奥州市
北上総合運動公園,325898,39.258837645,141.093050704,日本, 〒024-0051 岩手県北上市相去町高前檀２７,北上市
岩手県立花きセンター,28778662,39.235067,141.043937,日本, 〒029-4501 岩手県胆沢郡金ケ崎町六原 県道159号線,
サンアール,104350245,39.425368401,140.59336242,日本, 〒019-1522 秋田県仙北郡美郷町金沢東根 みずほの里ロード,
萬鉄五郎記念美術館,43285889,39.385407306,141.239541546,日本, 〒028-0114 岩手県花巻市東和町土沢９区１２９−３,花巻市
旧小原家住宅,434632084,39.349299211,141.272850037,日本, 〒028-0122 岩手県花巻市東和町谷内６区４０,花巻市
盛岡南ゴルフ倶楽部,13637935,39.474794237,141.189698356,日本, 〒028-3121 岩手県花巻市石鳥谷町戸塚第２地割１３,花巻市
戸塚森林公園,116663964,39.472635,141.181054,日本, 〒028-3111 岩手県花巻市石鳥谷町新堀第５７地割６９,花巻市
早池峰神社,3345267,39.53210625,141.417131424,日本, 〒028-3201 岩手県花巻市大迫町内川目第１地割１,花巻市
岩手県,373542893,39.59601,141.35971,日本, 〒020-0312 岩手県盛岡市砂子沢第１地割７,盛岡市
薬師岳,96151475,39.529827149,141.495502216,日本, 岩手県宮古市 県道25号線,宮古市
早池峰神社,38224794,39.540637116,141.509517727,日本, 岩手県宮古市 県道25号線,宮古市
河原の坊,33197258,39.54114242,141.4792644,日本, 岩手県花巻市 県道25号線,花巻市
早池峰山,21717902,39.558291078,141.488842964,日本, 岩手県花巻市 県道25号線,花巻市
矢巾町,474388956,39.583456497,141.109080039,日本, 〒028-3626 岩手県紫波郡矢巾町岩清水 県道13号線,
福龍,134322086,39.556845949,141.168987119,日本, 〒028-3305 岩手県紫波郡紫波町日詰郡山駅１８８,
ラ・パーク,23706839,39.815008829,141.114170127,日本, 岩手県滝沢市 東北自動車道,滝沢市
鬼越蒼前神社,18221672,39.74736171,141.07189417,日本, 〒020-0659 岩手県滝沢市鵜飼外久保４６,滝沢市
南部富士カントリークラブ,36921557,39.912101833,141.163112938,日本, 〒028-7111 岩手県八幡平市大更第４７地割３４,八幡平市
岩手沼宮内C.C,35017550,39.997588613,141.188489199,日本, 〒028-4421 岩手県岩手郡岩手町一方井第１７地割２４−１,
産直ハウス ほすなある,118628443,39.984403976,141.339819431,日本, 〒028-5402 岩手県岩手郡葛巻町葛巻第３９地割１５９−３,
くずまき高原牧場,14438974,40.009266892,141.343821287,日本, 〒028-5402 岩手県岩手郡葛巻町葛巻第４０地割５７−１２５,
葛巻町社会体育館,155360049,40.038087679,141.448155874,日本, 〒028-5402 岩手県岩手郡葛巻町葛巻第８地割３０,
国見山荘,33688902,39.7272288,140.79277783,日本, 〒020-0582 岩手県岩手郡雫石町橋場龍川山１,
十八,111838987,39.69689349,140.968701501,日本, 〒020-0544 岩手県岩手郡雫石町柿木９０−８,
サンタサン,184136640,39.190789,141.175767,日本, 〒023-1111 岩手県奥州市江刺区大通り 国道456号線,奥州市
アテルイ,3420479,39.148079984,141.156045031,日本, 〒023-0003 岩手県奥州市水沢区佐倉河東沖ノ目１２３,奥州市
奥州FM,12910352,39.14512,141.154185,日本, 〒023-0003 岩手県奥州市水沢区佐倉河東広町１,奥州市
奥州市伝統産業会館,149565733,39.145089868,141.187702769,日本, 〒023-0132 岩手県奥州市水沢区羽田町駅前１丁目１１０,奥州市
岬,41215349,39.274349082,141.882217334,日本, 〒026-0024 岩手県釜石市大町２丁目５−１９,釜石市
舘,169398148,39.276415807,141.881826201,日本, 〒026-0022 岩手県釜石市大只越町２丁目３−４,釜石市
常楽寺,28805301,39.330487796,141.884266733,日本, 〒026-0301 岩手県釜石市鵜住居町 県道35号線,釜石市
石応禅寺,10962832,39.276105182,141.880459098,日本, 〒026-0022 岩手県釜石市大只越町１丁目１−１,釜石市
せせらぎ公園,237820791,39.269655,141.838811,日本, 〒026-0045 岩手県釜石市小川町１丁目８−１５,釜石市
薬師公園,85165155,39.274367503,141.879074041,日本, 〒026-0024 岩手県釜石市大町３丁目１−１８,釜石市
陸中,266784227,38.940876369,141.639016294,日本, 〒988-0514 宮城県気仙沼市唐桑町小田 東浜街道,
竹駒神社,56246515,39.047306612,141.60530448,日本, 〒029-2203 岩手県陸前高田市竹駒町童子８７,陸前高田市
普門寺,77993943,39.025997236,141.656766388,日本, 〒029-2206 岩手県陸前高田市米崎町地竹沢１８１,陸前高田市
月山神社,7448336,38.992583,141.61544,日本, 〒029-2204 岩手県陸前高田市気仙町 東浜街道,陸前高田市
諏訪神社,127636186,39.008612018,141.614955708,日本, 〒029-2204 岩手県陸前高田市気仙町町裏１０,陸前高田市
新鮮館おおまち,37167961,38.929068414,141.137087345,日本, 〒021-0881 岩手県一関市大町４−２９,一関市
一関公民館,122821931,38.929419,141.137048,日本, 〒021-0881 岩手県一関市大町５−１０,一関市
酒の民俗文化博物館,158293680,38.931410167,141.132738343,日本, 〒021-0885 岩手県一関市田村町５−４２,一関市
産直ふるさと大東,35923127,39.022330313,141.327690482,日本, 〒029-0521 岩手県一関市大東町渋民関ノ上１１５,一関市
釣山公園,13881594,38.924807647,141.130343975,日本, 〒021-0874 岩手県一関市釣山１−９,一関市
旧沼田家武家住宅,11514918,38.929097626,141.132093072,日本, 〒021-0885 岩手県一関市田村町２−１８,一関市
磐井川,7271081,38.93123514,141.129588308,日本, 〒021-0031 岩手県一関市青葉２丁目１−２２,一関市
いちご,8332667,38.925938511,141.136491895,日本, 〒021-0867 岩手県一関市駅前３４,一関市
一関遊水地記念緑地公園,90397330,38.939784156,141.158266068,日本, 〒029-0131 岩手県一関市狐禅寺石ノ瀬６１,一関市
市民の森,344922148,40.188254078,141.759877291,日本, 〒028-0082 岩手県久慈市川貫第５地割２０−２３０,久慈市
日本現代詩歌文学館,149434692,39.292917494,141.115173397,日本, 〒024-0093 岩手県北上市本石町２丁目５−６０,北上市
詩歌の森公園,274205,39.292318724,141.114869486,日本, 〒024-0093 岩手県北上市本石町２丁目５−６０,北上市
大堤,4384983,39.260934895,141.093206406,日本, 〒024-0051 岩手県北上市相去町葛西檀１５,北上市
全明寺,95329534,39.295583282,141.068508625,日本, 〒024-0073 岩手県北上市下江釣子１６地割１７６−３,北上市
正覚寺,36909839,39.271085358,141.085674763,日本, 〒024-0057 岩手県北上市上鬼柳５地割２３２,北上市
グレア,18794698,39.310371318,141.111773925,日本, 〒024-0013 岩手県北上市藤沢 北上バイパス,北上市
林風舎,3844542,39.390832804,141.111792458,日本, 〒025-0092 岩手県花巻市大通り１丁目３−４,花巻市
高村記念館,4102200,39.38709259,141.002304077,日本, 〒025-0037 岩手県花巻市太田第３地割９１,花巻市
センプー,52995606,39.385957798,141.115951996,日本, 〒025-0087 岩手県花巻市上町４−２２,花巻市
いこい,121328878,39.384947723,141.117172351,日本, 〒025-0085 岩手県花巻市双葉町５−２６,花巻市
かぐら,7350565,39.384178181,141.117296519,日本, 〒025-0085 岩手県花巻市双葉町７−１,花巻市
雄山寺,197572677,39.394757829,141.111198664,日本, 〒025-0092 岩手県花巻市大通り１丁目７−８,花巻市
HondaCars 岩手南,508231558,39.42908346,141.130770515,日本, 〒025-0002 岩手県花巻市西宮野目第５地割３２７,花巻市
花巻文化村,193002154,39.430160364,141.141357422,日本, 〒025-0004 岩手県花巻市葛第８地割２８３,花巻市
及源鋳造,7554717,39.139073879,141.186241024,日本, 〒023-0132 岩手県奥州市水沢区羽田町堀ノ内４５,奥州市
水沢リバーサイドゴルフ場,462221849,39.133059,141.17158,日本, 〒023-0841 岩手県奥州市水沢区真城中河原２,奥州市
日高神社,12906818,39.142391888,141.132909485,日本, 〒023-0000 岩手県奥州市水沢区日高小路１７,奥州市
斎藤實記念館,116908101,39.14435247,141.134468175,日本, 〒023-0000 岩手県奥州市水沢区吉小路２４,奥州市
しゃくなげの湯っこ 五葉温泉,3847912,39.162202,141.71522149,日本, 〒022-0005 岩手県大船渡市日頃市町赤坂西風山１,大船渡市
大船渡市,6903642,39.081873004,141.708408594,日本, 〒022-0003 岩手県大船渡市盛町宇津野沢１５,大船渡市
盛朝市,12539405,39.088723,141.709215,日本, 〒022-0003 岩手県大船渡市盛町木町１２−１,大船渡市
長谷寺,269682302,39.094792005,141.719771773,日本, 〒022-0004 岩手県大船渡市猪川町長谷堂１２７,大船渡市
長安寺,11027466,39.108785055,141.687620568,日本, 〒022-0005 岩手県大船渡市日頃市町長安寺４１,大船渡市
田,64170083,39.641891235,141.951155522,日本, 〒027-0084 岩手県宮古市末広町 閉伊街道(宮古街道),宮古市
横山八幡宮,28485408,39.637904514,141.94379919,日本, 〒027-0052 岩手県宮古市宮町２丁目５−１,宮古市
藤ノ川海水浴場,127300158,39.576461792,141.941513062,日本, 〒027-0203 岩手県宮古市津軽石第８地割１２２,宮古市
パドック,36937169,39.6330154,141.1089688,日本, 〒020-0891 岩手県紫波郡矢巾町流通センター南４丁目９−１１,
盛岡ハイランドカントリークラブ,14258251,39.674752002,141.074918179,日本, 〒020-0054 岩手県盛岡市猪去釈迦堂４４,盛岡市
岩山公園,3414751,39.70167283,141.181912422,日本, 〒020-0803 岩手県盛岡市新庄岩山１５,盛岡市
啄木望郷の丘 / Nostalgic Hill of Takuboku,832343,39.701016,141.183643,日本, 〒020-0803 岩手県盛岡市新庄岩山１５,盛岡市
岩山パークランド,7440325,39.701285151,141.190293206,日本, 〒020-0803 岩手県盛岡市新庄岩山５３,盛岡市
盛岡カントリークラブ,30485805,39.700868291,141.19210381,日本, 〒020-0803 岩手県盛岡市新庄岩山５３,盛岡市
聖寿禅寺,24300998,39.718353282,141.151109934,日本, 〒020-0061 岩手県盛岡市北山２丁目１２−１５,盛岡市
榊山稲荷神社,2656486,39.718852561,141.152027249,日本, 〒020-0061 岩手県盛岡市北山２丁目１２−１２,盛岡市
十六羅漢,47339867,39.693031017,141.161560767,日本, 〒020-0822 岩手県盛岡市茶畑２丁目３−６,盛岡市
SAVE IWATE事務局,40624688,39.691254787,141.158480644,日本, 〒020-0827 岩手県盛岡市鉈屋町９−３６,盛岡市
Club8 studio 盛岡,35169904,39.678803907,141.164070368,日本, 〒020-0824 岩手県盛岡市東安庭２丁目７−９,盛岡市
